Period,HS_Commodity,Trade_Flow,Reporter_Country,Partner_Country,CIF_Value_USD,FOB_Value_USD,Net_Weight_Kg,Quantity_Units,Unit_Value,HS_Level
Dec 2024,2504 - Natural graphite.,Total Imports,DR Congo,SADC,1793548.0,0.0,250.0,0.0,7174.191971303232,4.0
Jul 2025,2504 - Natural graphite.,Total Imports,DR Congo,European Union All Countries,89521452.0,0.0,4140.0,0.0,21623.539125211704,4.0
Jun 2023,2504 - Natural graphite.,Total Imports,DR Congo,SADC,30300629.0,0.0,190.0,0.0,159476.9938974895,4.0
May 2025,2504 - Natural graphite.,Total Imports,DR Congo,European Union All Countries,39753018.0,0.0,1300.0,0.0,30579.24459186212,4.0
Apr 2020,2603 - Copper ores and concentrates.,Total Exports,DR Congo,European Union All Countries,0.0,5535359986.0,5376000.0,110.0,1029.6428545384988,4.0
Apr 2020,2603 - Copper ores and concentrates.,Total Exports,DR Congo,SADC,0.0,1372210001.0,2017080.0,110.0,680.2952788185495,4.0
Apr 2020,2603 - Copper ores and concentrates.,Total Imports,DR Congo,SADC,2081228737.0,0.0,101300440.0,110.0,20.54511053456411,4.0
Apr 2021,2603 - Copper ores and concentrates.,Total Exports,DR Congo,SADC,0.0,1148299348.0,8940760.0,80.0,128.43419888240726,4.0
Apr 2022,2603 - Copper ores and concentrates.,Total Exports,DR Congo,ASEAN,0.0,4427814015.0,42479470.0,110.0,104.23421043153073,4.0
Apr 2022,2603 - Copper ores and concentrates.,Total Exports,DR Congo,SADC,0.0,4074394984.0,39038650.0,110.0,104.3682346597512,4.0
Apr 2023,2603 - Copper ores and concentrates.,Total Exports,DR Congo,ASEAN,0.0,8998976009.0,26032200.0,110.0,345.686342644865,4.0
Apr 2023,2603 - Copper ores and concentrates.,Total Exports,DR Congo,SADC,0.0,3747402329.0,41346020.0,110.0,90.63514043189429,4.0
Apr 2024,2603 - Copper ores and concentrates.,Total Exports,DR Congo,European Union All Countries,0.0,300727.0,2270.0,110.0,132.47885456718993,4.0
Apr 2024,2603 - Copper ores and concentrates.,Total Exports,DR Congo,SADC,0.0,1302818.0,7700.0,110.0,169.1971428351692,4.0
Apr 2025,2603 - Copper ores and concentrates.,Total Exports,DR Congo,ASEAN,0.0,107104453.0,33990000.0,110.0,3.1510577522799896,4.0
Apr 2025,2603 - Copper ores and concentrates.,Total Exports,DR Congo,European Union All Countries,0.0,99999.0,10.0,110.0,9999.8990000101,4.0
Apr 2025,2603 - Copper ores and concentrates.,Total Exports,DR Congo,SADC,0.0,1941510793.0,59134453.0,110.0,32.8321425920684,4.0
Aug 2020,2603 - Copper ores and concentrates.,Total Exports,DR Congo,European Union All Countries,0.0,156004.0,60.0,140.0,2600.066623332223,4.0
Aug 2020,2603 - Copper ores and concentrates.,Total Exports,DR Congo,SADC,0.0,4124969995.0,4753470.0,110.0,867.7807990792268,4.0
Aug 2020,2603 - Copper ores and concentrates.,Total Imports,DR Congo,SADC,1246856005.0,0.0,62090200.0,110.0,20.08136557782033,4.0
Aug 2021,2603 - Copper ores and concentrates.,Total Exports,DR Congo,European Union All Countries,0.0,1908479998.0,1344000.0,110.0,1419.9999985108482,4.0
Aug 2021,2603 - Copper ores and concentrates.,Total Exports,DR Congo,SADC,0.0,1144640754.0,8785930.0,10.0,130.2811146913155,4.0
Aug 2023,2603 - Copper ores and concentrates.,Total Exports,DR Congo,European Union All Countries,0.0,69607030.0,1030.0,50426385.0,67579.64071108772,4.0
Aug 2024,2603 - Copper ores and concentrates.,Total Exports,DR Congo,European Union All Countries,0.0,99798.0,80.0,110.0,1247.4749844065627,4.0
Aug 2024,2603 - Copper ores and concentrates.,Total Exports,DR Congo,SADC,0.0,199931.0,275.0,110.0,727.0218155381025,4.0
Aug 2025,2603 - Copper ores and concentrates.,Total Exports,DR Congo,ASEAN,0.0,1087638379.0,1209020.0,0.0,899.6032977114526,4.0
Aug 2025,2603 - Copper ores and concentrates.,Total Exports,DR Congo,European Union All Countries,0.0,2195906.0,1209020.0,40.0,1.816269375194938,4.0
Aug 2025,2603 - Copper ores and concentrates.,Total Exports,DR Congo,SADC,0.0,7749579527.0,1209020.0,110.0,6409.802589695448,4.0
Aug 2025,2603 - Copper ores and concentrates.,Total Imports,DR Congo,European Union All Countries,0.0,0.0,7958460.0,20590.0,0.0,4.0
Aug 2025,2603 - Copper ores and concentrates.,Total Imports,DR Congo,SADC,0.0,0.0,783450.0,5050.0,0.0,4.0
Dec 2020,2603 - Copper ores and concentrates.,Total Exports,DR Congo,European Union All Countries,0.0,422400.0,384000.0,110.0,1.0999999999971355,4.0
Dec 2020,2603 - Copper ores and concentrates.,Total Exports,DR Congo,SADC,0.0,6635590005.0,6256820.0,110.0,1060.537142669749,4.0
Dec 2021,2603 - Copper ores and concentrates.,Total Exports,DR Congo,SADC,0.0,13282001.0,1200.0,20.0,11068.334157443054,4.0
Dec 2022,2603 - Copper ores and concentrates.,Total Exports,DR Congo,ASEAN,0.0,2572626076.0,30431340.0,110.0,84.53870503237503,4.0
Dec 2022,2603 - Copper ores and concentrates.,Total Exports,DR Congo,SADC,0.0,1662600426.0,200454970.0,110.0,8.294134218772383,4.0
Dec 2024,2603 - Copper ores and concentrates.,Total Exports,DR Congo,ASEAN,0.0,1068462165.0,38109800.0,110.0,28.03641491164929,4.0
Dec 2024,2603 - Copper ores and concentrates.,Total Exports,DR Congo,European Union All Countries,0.0,700195.0,960.0,110.0,729.3697909069065,4.0
Dec 2024,2603 - Copper ores and concentrates.,Total Exports,DR Congo,SADC,0.0,5031698301.0,170116570.0,110.0,29.577943530133307,4.0
Feb 2020,2603 - Copper ores and concentrates.,Total Exports,DR Congo,European Union All Countries,0.0,839759998.0,777300.0,110.0,1080.355072686118,4.0
Feb 2020,2603 - Copper ores and concentrates.,Total Exports,DR Congo,SADC,0.0,1836690047.0,2270160.0,110.0,809.057532067868,4.0
Feb 2021,2603 - Copper ores and concentrates.,Total Exports,DR Congo,SADC,0.0,1200008.0,2600.0,110.0,461.5415382840225,4.0
Feb 2022,2603 - Copper ores and concentrates.,Total Exports,DR Congo,European Union All Countries,0.0,112494180.0,1470.0,7272585.0,76526.65300916553,4.0
Feb 2023,2603 - Copper ores and concentrates.,Total Exports,DR Congo,European Union All Countries,0.0,5024001.0,1100.0,110.0,4567.273632211569,4.0
Feb 2024,2603 - Copper ores and concentrates.,Total Exports,DR Congo,European Union All Countries,0.0,100001.0,60.0,110.0,1666.6833055552784,4.0
Feb 2024,2603 - Copper ores and concentrates.,Total Exports,DR Congo,SADC,0.0,339997.0,10200.0,110.0,33.33303921241833,4.0
Feb 2025,2603 - Copper ores and concentrates.,Total Exports,DR Congo,ASEAN,0.0,234150122.0,90250830.0,110.0,2.594437325396314,4.0
Feb 2025,2603 - Copper ores and concentrates.,Total Exports,DR Congo,SADC,0.0,3030147673.0,122714530.0,110.0,24.692655979695115,4.0
Jan 2020,2603 - Copper ores and concentrates.,Total Exports,DR Congo,ASEAN,0.0,2040000.0,1500000.0,110.0,1.3599999999990933,4.0
Jan 2020,2603 - Copper ores and concentrates.,Total Exports,DR Congo,European Union All Countries,0.0,220880.0,192050.0,110.0,1.1501171569843784,4.0
Jan 2020,2603 - Copper ores and concentrates.,Total Exports,DR Congo,SADC,0.0,649589875.0,754400.0,110.0,861.0682330317323,4.0
Jan 2021,2603 - Copper ores and concentrates.,Total Exports,DR Congo,SADC,0.0,2503379977.0,2252480.0,110.0,1111.3883261999613,4.0
Jan 2022,2603 - Copper ores and concentrates.,Total Exports,DR Congo,European Union All Countries,0.0,4112409998.0,30.0,779877.0,137080328.69732237,4.0
Jan 2025,2603 - Copper ores and concentrates.,Total Exports,DR Congo,ASEAN,0.0,2638203475.0,108689540.0,110.0,24.272836880163226,4.0
Jan 2025,2603 - Copper ores and concentrates.,Total Exports,DR Congo,European Union All Countries,0.0,3002265579.0,730.0,110.0,4112692.5683387774,4.0
Jan 2025,2603 - Copper ores and concentrates.,Total Exports,DR Congo,SADC,0.0,4364394254.0,150635270.0,110.0,28.97325609068826,4.0
Jul 2020,2603 - Copper ores and concentrates.,Total Exports,DR Congo,European Union All Countries,0.0,4346880004.0,4608000.0,110.0,943.333334201184,4.0
Jul 2020,2603 - Copper ores and concentrates.,Total Exports,DR Congo,SADC,0.0,916795106.0,906540.0,70.0,1011.3123590784616,4.0
Jul 2020,2603 - Copper ores and concentrates.,Total Imports,DR Congo,SADC,2382215907.0,0.0,119115000.0,110.0,19.999294018385427,4.0
Jul 2021,2603 - Copper ores and concentrates.,Total Exports,DR Congo,European Union All Countries,0.0,124224001.0,960000.0,110.0,129.40000104153188,4.0
Jul 2021,2603 - Copper ores and concentrates.,Total Exports,DR Congo,SADC,0.0,1067900002.0,8256450.0,110.0,129.3413031024073,4.0
Jul 2024,2603 - Copper ores and concentrates.,Total Exports,DR Congo,European Union All Countries,0.0,600196.0,330.0,110.0,1818.775752064316,4.0
Jul 2024,2603 - Copper ores and concentrates.,Total Exports,DR Congo,SADC,0.0,2274655.0,22870.0,110.0,99.46020987759246,4.0
Jul 2025,2603 - Copper ores and concentrates.,Total Exports,DR Congo,ASEAN,0.0,1072198425.0,1209020.0,110.0,886.8326619899697,4.0
Jul 2025,2603 - Copper ores and concentrates.,Total Exports,DR Congo,European Union All Countries,0.0,1101186.0,1209020.0,110.0,0.9108087541968612,4.0
Jul 2025,2603 - Copper ores and concentrates.,Total Exports,DR Congo,SADC,0.0,7210111189.0,132971580.0,110.0,54.22294891133839,4.0
Jul 2025,2603 - Copper ores and concentrates.,Total Imports,DR Congo,European Union All Countries,3647709.0,0.0,175620.0,170.0,20.770464639444423,4.0
Jul 2025,2603 - Copper ores and concentrates.,Total Imports,DR Congo,SADC,0.0,0.0,1152850.0,22900.0,0.0,4.0
Jun 2020,2603 - Copper ores and concentrates.,Total Exports,DR Congo,European Union All Countries,0.0,3200639996.0,3456000.0,110.0,926.1111099534356,4.0
Jun 2020,2603 - Copper ores and concentrates.,Total Exports,DR Congo,SADC,0.0,1380999999.0,1793850.0,110.0,769.8525512162278,4.0
Jun 2020,2603 - Copper ores and concentrates.,Total Imports,DR Congo,SADC,412874492.0,0.0,207183200.0,110.0,1.9927990879569288,4.0
Jun 2021,2603 - Copper ores and concentrates.,Total Exports,DR Congo,SADC,0.0,9373269515.0,6765690.0,110.0,1385.412207032633,4.0
Jun 2023,2603 - Copper ores and concentrates.,Total Exports,DR Congo,European Union All Countries,0.0,30697890.0,590.0,28173727.0,52030.32194571132,4.0
Jun 2023,2603 - Copper ores and concentrates.,Total Exports,DR Congo,SADC,0.0,3180002.0,26050.0,10.0,122.07301343101447,4.0
Jun 2024,2603 - Copper ores and concentrates.,Total Exports,DR Congo,European Union All Countries,0.0,100229.0,140.0,110.0,715.9214234577041,4.0
Jun 2024,2603 - Copper ores and concentrates.,Total Exports,DR Congo,SADC,0.0,300511.0,230.0,110.0,1306.5695595366542,4.0
Jun 2025,2603 - Copper ores and concentrates.,Total Exports,DR Congo,ASEAN,0.0,728820346.0,23100000.0,110.0,31.550664329002966,4.0
Jun 2025,2603 - Copper ores and concentrates.,Total Exports,DR Congo,European Union All Countries,0.0,2207906245.0,160.0,110.0,13799413.945003662,4.0
Jun 2025,2603 - Copper ores and concentrates.,Total Exports,DR Congo,SADC,0.0,1774464581.0,55450514.0,110.0,32.00086803523531,4.0
Mar 2020,2603 - Copper ores and concentrates.,Total Exports,DR Congo,European Union All Countries,0.0,318719997.0,192000.0,110.0,1659.999984366354,4.0
Mar 2020,2603 - Copper ores and concentrates.,Total Exports,DR Congo,SADC,0.0,4303390901.0,5622660.0,110.0,765.3656634047292,4.0
Mar 2020,2603 - Copper ores and concentrates.,Total Imports,DR Congo,SADC,889920015.0,0.0,4449060.0,110.0,200.02427816208365,4.0
Mar 2021,2603 - Copper ores and concentrates.,Total Exports,DR Congo,European Union All Countries,0.0,915715906.0,778010.0,110.0,1176.997604142393,4.0
Mar 2021,2603 - Copper ores and concentrates.,Total Exports,DR Congo,SADC,0.0,1624270.0,1265190.0,110.0,1.2838150791570564,4.0
Mar 2022,2603 - Copper ores and concentrates.,Total Exports,DR Congo,ASEAN,0.0,69298741.0,6640140.0,110.0,10.43633733625941,4.0
Mar 2022,2603 - Copper ores and concentrates.,Total Exports,DR Congo,SADC,0.0,2043084059.0,19936370.0,110.0,102.48024384579028,4.0
Mar 2023,2603 - Copper ores and concentrates.,Total Exports,DR Congo,SADC,0.0,3879320743.0,43295580.0,110.0,89.60084939386216,4.0
Mar 2024,2603 - Copper ores and concentrates.,Total Exports,DR Congo,European Union All Countries,0.0,99999.0,15.0,110.0,6666.59955556003,4.0
Mar 2025,2603 - Copper ores and concentrates.,Total Exports,DR Congo,ASEAN,0.0,2020747488.0,66909710.0,110.0,30.201109644623624,4.0
Mar 2025,2603 - Copper ores and concentrates.,Total Exports,DR Congo,European Union All Countries,0.0,400055.0,245.0,110.0,1632.877544355602,4.0
Mar 2025,2603 - Copper ores and concentrates.,Total Exports,DR Congo,SADC,0.0,1159306753.0,35722130.0,110.0,32.453461005823776,4.0
May 2020,2603 - Copper ores and concentrates.,Total Exports,DR Congo,European Union All Countries,0.0,5197368171.0,5376820.0,110.0,966.624914168418,4.0
May 2020,2603 - Copper ores and concentrates.,Total Exports,DR Congo,SADC,0.0,563191116.0,829230.0,110.0,679.1735899561289,4.0
May 2020,2603 - Copper ores and concentrates.,Total Imports,DR Congo,SADC,3482066404.0,0.0,174004540.0,110.0,20.011353749735378,4.0
May 2021,2603 - Copper ores and concentrates.,Total Exports,DR Congo,European Union All Countries,0.0,10.0,1000.0,110.0,0.00999999999,4.0
May 2021,2603 - Copper ores and concentrates.,Total Exports,DR Congo,SADC,0.0,1784058301.0,12580670.0,40.0,141.80948240434398,4.0
May 2022,2603 - Copper ores and concentrates.,Total Exports,DR Congo,SADC,0.0,7403284002.0,7441520.0,110.0,994.8618026960896,4.0
May 2024,2603 - Copper ores and concentrates.,Total Exports,DR Congo,European Union All Countries,0.0,396735.0,725.0,110.0,547.2206889003853,4.0
May 2024,2603 - Copper ores and concentrates.,Total Exports,DR Congo,SADC,0.0,199764.0,4900.0,110.0,40.768163256986085,4.0
May 2025,2603 - Copper ores and concentrates.,Total Exports,DR Congo,ASEAN,0.0,9973253179.0,32220000.0,110.0,309.5361011483455,4.0
May 2025,2603 - Copper ores and concentrates.,Total Exports,DR Congo,European Union All Countries,0.0,1402549223.0,420.0,110.0,3339402.903953803,4.0
May 2025,2603 - Copper ores and concentrates.,Total Exports,DR Congo,SADC,0.0,2028262724.0,62405710.0,110.0,32.50123624905425,4.0
Nov 2020,2603 - Copper ores and concentrates.,Total Exports,DR Congo,European Union All Countries,0.0,674789999.0,592200.0,110.0,1139.4630175597104,4.0
Nov 2020,2603 - Copper ores and concentrates.,Total Exports,DR Congo,SADC,0.0,4365337117.0,4503800.0,20.0,969.2564316796996,4.0
Nov 2021,2603 - Copper ores and concentrates.,Total Exports,DR Congo,SADC,0.0,25541999.0,3100.0,40.0,8239.354513471177,4.0
Nov 2022,2603 - Copper ores and concentrates.,Total Exports,DR Congo,SADC,0.0,3518554986.0,44047930.0,110.0,79.88014387963112,4.0
Nov 2023,2603 - Copper ores and concentrates.,Total Exports,DR Congo,ASEAN,0.0,8223646166.0,100163980.0,110.0,82.10183107739846,4.0
Nov 2023,2603 - Copper ores and concentrates.,Total Exports,DR Congo,SADC,0.0,1461637259.0,179068320.0,110.0,8.16245586600685,4.0
Oct 2020,2603 - Copper ores and concentrates.,Total Exports,DR Congo,European Union All Countries,0.0,3713280.0,1968000.0,110.0,1.8868292682917245,4.0
Oct 2020,2603 - Copper ores and concentrates.,Total Exports,DR Congo,SADC,0.0,150005.0,2880.0,110.0,52.08506942635936,4.0
Oct 2020,2603 - Copper ores and concentrates.,Total Imports,DR Congo,SADC,5995320014.0,0.0,29976600.0,110.0,200.00000046702428,4.0
Oct 2021,2603 - Copper ores and concentrates.,Total Exports,DR Congo,SADC,0.0,61370002.0,47590.0,20.0,1289.5566715425605,4.0
Oct 2023,2603 - Copper ores and concentrates.,Total Exports,DR Congo,SADC,0.0,110001.0,5000.0,10000.0,22.00019999559996,4.0
Oct 2024,2603 - Copper ores and concentrates.,Total Exports,DR Congo,European Union All Countries,0.0,400135.0,450.0,110.0,889.1888869129136,4.0
Oct 2024,2603 - Copper ores and concentrates.,Total Exports,DR Congo,SADC,0.0,119951.0,50297.0,110.0,2.38485396738603,4.0
Oct 2025,2603 - Copper ores and concentrates.,Total Exports,DR Congo,ASEAN,0.0,1411355112.0,517090.0,110.0,2729.41869306556,4.0
Oct 2025,2603 - Copper ores and concentrates.,Total Exports,DR Congo,European Union All Countries,0.0,6643346.0,1209020.0,110.0,5.494818944264368,4.0
Oct 2025,2603 - Copper ores and concentrates.,Total Exports,DR Congo,SADC,0.0,1107224.0,1209020.0,110.0,0.9158028816720024,4.0
Oct 2025,2603 - Copper ores and concentrates.,Total Imports,DR Congo,ASEAN,0.0,0.0,110360.0,110.0,0.0,4.0
Oct 2025,2603 - Copper ores and concentrates.,Total Imports,DR Congo,European Union All Countries,0.0,0.0,137720.0,1000.0,0.0,4.0
Oct 2025,2603 - Copper ores and concentrates.,Total Imports,DR Congo,SADC,0.0,0.0,117790.0,965318.0,0.0,4.0
Sep 2020,2603 - Copper ores and concentrates.,Total Exports,DR Congo,ASEAN,0.0,4159999.0,3000.0,80.0,1386.6663328711113,4.0
Sep 2020,2603 - Copper ores and concentrates.,Total Exports,DR Congo,European Union All Countries,0.0,217299999.0,192660.0,110.0,1127.8936935475558,4.0
Sep 2020,2603 - Copper ores and concentrates.,Total Exports,DR Congo,SADC,0.0,3506614832.0,3754710.0,110.0,933.9242796378592,4.0
Sep 2020,2603 - Copper ores and concentrates.,Total Imports,DR Congo,SADC,2222515989.0,0.0,110419600.0,110.0,20.127911973960963,4.0
Sep 2021,2603 - Copper ores and concentrates.,Total Exports,DR Congo,European Union All Countries,0.0,591359997.0,384000.0,110.0,1539.9999921834894,4.0
Sep 2021,2603 - Copper ores and concentrates.,Total Exports,DR Congo,SADC,0.0,185668689.0,103220.0,10.0,1798.7666052916222,4.0
Sep 2022,2603 - Copper ores and concentrates.,Total Exports,DR Congo,SADC,0.0,3789021497.0,47503630.0,110.0,79.76277806559037,4.0
Sep 2024,2603 - Copper ores and concentrates.,Total Exports,DR Congo,SADC,0.0,949221.0,66010.0,110.0,14.379957581966671,4.0
Sep 2025,2603 - Copper ores and concentrates.,Total Exports,DR Congo,ASEAN,0.0,1277072094.0,1209020.0,110.0,1056.286987807434,4.0
Sep 2025,2603 - Copper ores and concentrates.,Total Exports,DR Congo,European Union All Countries,0.0,523932.0,388330.0,110.0,1.3491926969295465,4.0
Sep 2025,2603 - Copper ores and concentrates.,Total Exports,DR Congo,SADC,0.0,1153073087.0,1209020.0,110.0,953.7254032183472,4.0
Sep 2025,2603 - Copper ores and concentrates.,Total Imports,DR Congo,ASEAN,0.0,0.0,1209020.0,240.0,0.0,4.0
Sep 2025,2603 - Copper ores and concentrates.,Total Imports,DR Congo,European Union All Countries,0.0,0.0,58210.0,39940201.0,0.0,4.0
Sep 2025,2603 - Copper ores and concentrates.,Total Imports,DR Congo,SADC,0.0,0.0,97160.0,0.0,0.0,4.0
Jan 2025,2605 - Cobalt ores and concentrates.,Total Imports,DR Congo,SADC,4163797093.0,0.0,20.0,0.0,208189844.24050775,4.0
Sep 2025,2605 - Cobalt ores and concentrates.,Total Exports,DR Congo,SADC,0.0,15984864.0,20.0,0.0,799243.160037842,4.0
Mar 2021,2606 - Aluminium ores and concentrates.,Total Imports,DR Congo,European Union All Countries,6757778732.0,0.0,3225760.0,0.0,2094.9415740780173,4.0
May 2024,2607 - Lead ores and concentrates.,Total Imports,DR Congo,SADC,1085.0,0.0,10.0,0.0,108.4999891500011,4.0
Apr 2025,2608 - Zinc ores and concentrates.,Total Exports,DR Congo,SADC,0.0,3607798683.0,341207790.0,0.0,10.573611707399731,4.0
Aug 2025,2608 - Zinc ores and concentrates.,Total Exports,DR Congo,SADC,0.0,3819384903.0,3656066496.0,0.0,1.0446705242310776,4.0
Dec 2024,2608 - Zinc ores and concentrates.,Total Exports,DR Congo,SADC,0.0,2207509524.0,189379410.0,0.0,11.656544520864164,4.0
Feb 2025,2608 - Zinc ores and concentrates.,Total Exports,DR Congo,SADC,0.0,3150680686.0,290437660.0,0.0,10.84804458898336,4.0
Jan 2025,2608 - Zinc ores and concentrates.,Total Exports,DR Congo,SADC,0.0,2858156258.0,253508650.0,0.0,11.274393429967729,4.0
Jul 2025,2608 - Zinc ores and concentrates.,Total Exports,DR Congo,SADC,0.0,3327604214.0,338150010.0,0.0,9.84061545347874,4.0
Jun 2025,2608 - Zinc ores and concentrates.,Total Exports,DR Congo,SADC,0.0,2459462243.0,250349320.0,0.0,9.824121922919502,4.0
Mar 2025,2608 - Zinc ores and concentrates.,Total Exports,DR Congo,SADC,0.0,3836903108.0,350763420.0,0.0,10.938720770826071,4.0
May 2020,2608 - Zinc ores and concentrates.,Total Imports,DR Congo,SADC,148762563.0,0.0,140.0,0.0,1062589.7281243592,4.0
May 2024,2608 - Zinc ores and concentrates.,Total Imports,DR Congo,SADC,569702.0,0.0,10.0,0.0,56970.19430298058,4.0
May 2025,2608 - Zinc ores and concentrates.,Total Exports,DR Congo,SADC,0.0,3904002881.0,394991200.0,0.0,9.88377179289055,4.0
Oct 2025,2608 - Zinc ores and concentrates.,Total Exports,DR Congo,SADC,0.0,5668286695.0,503677100.0,0.0,11.253810615968025,4.0
Sep 2025,2608 - Zinc ores and concentrates.,Total Exports,DR Congo,SADC,0.0,3809427839.0,3624895741.0,0.0,1.0509068704825957,4.0
Apr 2020,2609 - Tin ores and concentrates.,Total Exports,DR Congo,European Union All Countries,0.0,1102079999.0,576000.0,30.0,1913.3333315939003,4.0
Apr 2021,2609 - Tin ores and concentrates.,Total Exports,DR Congo,European Union All Countries,0.0,2180350004.0,1926900.0,20.0,1131.5325154387194,4.0
Apr 2021,2609 - Tin ores and concentrates.,Total Exports,DR Congo,SADC,0.0,1070001.0,200.0,10.0,5350.004973249976,4.0
Apr 2023,2609 - Tin ores and concentrates.,Total Exports,DR Congo,SADC,0.0,128390802.0,6570.0,10.0,19541.978992459364,4.0
Aug 2021,2609 - Tin ores and concentrates.,Total Exports,DR Congo,European Union All Countries,0.0,2675340006.0,978000.0,30.0,2735.5214785248104,4.0
Aug 2022,2609 - Tin ores and concentrates.,Total Exports,DR Congo,SADC,0.0,2073786253.0,2636240.0,30.0,786.6454696837972,4.0
Aug 2023,2609 - Tin ores and concentrates.,Total Exports,DR Congo,European Union All Countries,0.0,3256756.0,25560.0,30.0,127.41611893085226,4.0
Dec 2021,2609 - Tin ores and concentrates.,Total Exports,DR Congo,SADC,0.0,31999995.0,1550.0,80.0,20645.15805119667,4.0
Dec 2022,2609 - Tin ores and concentrates.,Total Exports,DR Congo,SADC,0.0,2791634794.0,3366220.0,30.0,829.3084807288801,4.0
Feb 2020,2609 - Tin ores and concentrates.,Total Exports,DR Congo,European Union All Countries,0.0,3290160015.0,2520000.0,30.0,1305.6190535709106,4.0
Jan 2020,2609 - Tin ores and concentrates.,Total Exports,DR Congo,European Union All Countries,0.0,220800002.0,192000.0,30.0,1150.000010410677,4.0
Jan 2021,2609 - Tin ores and concentrates.,Total Exports,DR Congo,European Union All Countries,0.0,422400004.0,384000.0,30.0,1100.000010413802,4.0
Jan 2023,2609 - Tin ores and concentrates.,Total Exports,DR Congo,SADC,0.0,3420002.0,18570.0,10.0,184.16812061474596,4.0
Jul 2020,2609 - Tin ores and concentrates.,Total Exports,DR Congo,European Union All Countries,0.0,1827839993.0,1155200.0,30.0,1582.2714620831175,4.0
Jul 2020,2609 - Tin ores and concentrates.,Total Exports,DR Congo,SADC,0.0,35000002.0,35000.0,10.0,1000.0000571142856,4.0
Jul 2021,2609 - Tin ores and concentrates.,Total Exports,DR Congo,European Union All Countries,0.0,762239998.0,576000.0,30.0,1323.3333298588136,4.0
Jul 2023,2609 - Tin ores and concentrates.,Total Exports,DR Congo,SADC,0.0,718563295.0,84703670.0,30.0,8.483260465573588,4.0
Jul 2025,2609 - Tin ores and concentrates.,Total Imports,DR Congo,European Union All Countries,0.0,0.0,21500.0,30.0,0.0,4.0
Jul 2025,2609 - Tin ores and concentrates.,Total Imports,DR Congo,SADC,0.0,0.0,120930.0,400.0,0.0,4.0
Jun 2020,2609 - Tin ores and concentrates.,Total Exports,DR Congo,European Union All Countries,0.0,362339993.0,594000.0,30.0,609.9999882144613,4.0
Jun 2021,2609 - Tin ores and concentrates.,Total Exports,DR Congo,European Union All Countries,0.0,871680.0,768000.0,30.0,1.134999999998522,4.0
Jun 2022,2609 - Tin ores and concentrates.,Total Exports,DR Congo,SADC,0.0,6538371357.0,6661460.0,30.0,981.522272444632,4.0
Mar 2020,2609 - Tin ores and concentrates.,Total Exports,DR Congo,European Union All Countries,0.0,320639999.0,192000.0,30.0,1669.9999947829688,4.0
Mar 2021,2609 - Tin ores and concentrates.,Total Exports,DR Congo,European Union All Countries,0.0,4622899995.0,3672000.0,30.0,1258.9596936271082,4.0
Mar 2023,2609 - Tin ores and concentrates.,Total Exports,DR Congo,ASEAN,0.0,9472557083.0,106823940.0,30.0,88.6744776779429,4.0
Mar 2023,2609 - Tin ores and concentrates.,Total Exports,DR Congo,SADC,0.0,53222769.0,606880.0,30.0,87.69899980212283,4.0
May 2020,2609 - Tin ores and concentrates.,Total Exports,DR Congo,European Union All Countries,0.0,1107839997.0,576000.0,30.0,1923.3333281216608,4.0
May 2020,2609 - Tin ores and concentrates.,Total Imports,DR Congo,SADC,115935605.0,0.0,100.0,30.0,1159356.0384064396,4.0
May 2022,2609 - Tin ores and concentrates.,Total Exports,DR Congo,SADC,0.0,8206771345.0,80131210.0,30.0,102.41666567870244,4.0
May 2022,2609 - Tin ores and concentrates.,Total Imports,DR Congo,SADC,116737366.0,0.0,216590.0,415800.0,538.978558564389,4.0
Nov 2020,2609 - Tin ores and concentrates.,Total Exports,DR Congo,European Union All Countries,0.0,1808640002.0,1920000.0,30.0,942.000001041176,4.0
Nov 2021,2609 - Tin ores and concentrates.,Total Exports,DR Congo,European Union All Countries,0.0,168421301.0,4430.0,20.0,38018.35236162114,4.0
Nov 2021,2609 - Tin ores and concentrates.,Total Exports,DR Congo,SADC,0.0,88744099.0,3000.0,300.0,29581.36632347288,4.0
Nov 2022,2609 - Tin ores and concentrates.,Total Exports,DR Congo,SADC,0.0,374918838.0,46104740.0,30.0,8.131893553677818,4.0
Nov 2023,2609 - Tin ores and concentrates.,Total Exports,DR Congo,ASEAN,0.0,2683753557.0,32779830.0,30.0,81.87210113658058,4.0
Oct 2020,2609 - Tin ores and concentrates.,Total Exports,DR Congo,European Union All Countries,0.0,2230320003.0,1176000.0,30.0,1896.5306147943056,4.0
Oct 2021,2609 - Tin ores and concentrates.,Total Exports,DR Congo,SADC,0.0,1491359997.0,291000.0,30.0,5124.948443281358,4.0
Oct 2023,2609 - Tin ores and concentrates.,Total Exports,DR Congo,SADC,0.0,110001.0,5000.0,10000.0,22.00019999559996,4.0
Sep 2020,2609 - Tin ores and concentrates.,Total Exports,DR Congo,European Union All Countries,0.0,1089840.0,982000.0,30.0,1.1098167006098678,4.0
Sep 2021,2609 - Tin ores and concentrates.,Total Imports,DR Congo,ASEAN,14297796.0,0.0,1040.0,70.0,13747.880756011651,4.0
Sep 2022,2609 - Tin ores and concentrates.,Total Exports,DR Congo,ASEAN,0.0,9219812879.0,18476540.0,30.0,499.0010510084411,4.0
Sep 2022,2609 - Tin ores and concentrates.,Total Exports,DR Congo,SADC,0.0,4519659224.0,56407050.0,30.0,80.12578612070513,4.0
Sep 2025,2609 - Tin ores and concentrates.,Total Imports,DR Congo,European Union All Countries,0.0,0.0,576000.0,0.0,0.0,4.0
Sep 2025,2609 - Tin ores and concentrates.,Total Imports,DR Congo,SADC,0.0,0.0,7000.0,1470.0,0.0,4.0
Dec 2021,2616 - Precious metal ores and concentrates.,Total Imports,DR Congo,European Union All Countries,10988921.0,0.0,14110.0,0.0,778.8037561460806,4.0
Dec 2020,2504 - Natural graphite.,Total Imports,Kenya,European Union All Countries,9263351396.0,0.0,11.0,11.0,842122777.6252021,4.0
Jul 2022,2504 - Natural graphite.,Total Imports,Kenya,SADC,1209344268.0,0.0,500.0,500.0,2418688.531162623,4.0
Jun 2021,2504 - Natural graphite.,Total Imports,Kenya,European Union All Countries,1879653068.0,0.0,427.0,427.0,4401997.807021082,4.0
Jun 2023,2504 - Natural graphite.,Total Imports,Kenya,European Union All Countries,9656091107.0,0.0,9200.0,9200.0,1049575.120212003,4.0
May 2020,2504 - Natural graphite.,Total Imports,Kenya,European Union All Countries,2152606476.0,0.0,100.0,100.0,21526064.544739354,4.0
Nov 2020,2504 - Natural graphite.,Total Imports,Kenya,European Union All Countries,5352593968.0,0.0,10000.0,10000.0,535259.3967464741,4.0
Oct 2021,2504 - Natural graphite.,Total Imports,Kenya,European Union All Countries,7610755635.0,0.0,10000.0,10000.0,761075.5634238924,4.0
Sep 2024,2504 - Natural graphite.,Total Imports,Kenya,European Union All Countries,9176495201.0,0.0,10530.0,10530.0,871462.0323009058,4.0
Apr 2021,2603 - Copper ores and concentrates.,Total Exports,Kenya,SADC,0.0,7508716603.0,250000.0,250000.0,30034.86641187986,4.0
Jul 2022,2603 - Copper ores and concentrates.,Total Exports,Kenya,SADC,0.0,3140704919.0,1050.0,1050.0,2991147.5390560497,4.0
Mar 2022,2603 - Copper ores and concentrates.,Total Exports,Kenya,European Union All Countries,0.0,2889976714.0,30.0,30.0,96332553.9222482,4.0
Mar 2022,2603 - Copper ores and concentrates.,Total Exports,Kenya,SADC,0.0,6377071236.0,540000.0,540000.0,11809.391177755908,4.0
Sep 2025,2603 - Copper ores and concentrates.,Total Exports,Kenya,ASEAN,0.0,2859989113.0,520000.0,520000.0,5499.979063450962,4.0
Apr 2021,2606 - Aluminium ores and concentrates.,Total Imports,Kenya,SADC,6725637974.0,0.0,13200000.0,13200000.0,509.5180283332948,4.0
Apr 2022,2606 - Aluminium ores and concentrates.,Total Imports,Kenya,SADC,1013834948.0,0.0,1800000.0,1800000.0,563.2416377774649,4.0
Aug 2021,2606 - Aluminium ores and concentrates.,Total Imports,Kenya,SADC,1317518698.0,0.0,31200000.0,31200000.0,42.22816339743455,4.0
Aug 2022,2606 - Aluminium ores and concentrates.,Total Imports,Kenya,SADC,1632520478.0,0.0,300000.0,300000.0,5441.734926648527,4.0
Aug 2023,2606 - Aluminium ores and concentrates.,Total Imports,Kenya,SADC,1311783426.0,0.0,33000000.0,33000000.0,39.75101290908971,4.0
Aug 2024,2606 - Aluminium ores and concentrates.,Total Imports,Kenya,SADC,9093721002.0,0.0,16800000.0,16800000.0,541.2929167856821,4.0
Dec 2021,2606 - Aluminium ores and concentrates.,Total Imports,Kenya,SADC,1027557966.0,0.0,22800000.0,22800000.0,45.06833184210329,4.0
Dec 2022,2606 - Aluminium ores and concentrates.,Total Imports,Kenya,SADC,1064838933.0,0.0,8400.0,8400.0,126766.53962776587,4.0
Dec 2024,2606 - Aluminium ores and concentrates.,Total Imports,Kenya,SADC,1113172542.0,0.0,3600000.0,3600000.0,309.21459499991414,4.0
Feb 2021,2606 - Aluminium ores and concentrates.,Total Imports,Kenya,SADC,7220826834.0,0.0,14400000.0,14400000.0,501.44630791663184,4.0
Feb 2022,2606 - Aluminium ores and concentrates.,Total Imports,Kenya,SADC,2573426229.0,0.0,4500000.0,4500000.0,571.8724953332062,4.0
Jan 2021,2606 - Aluminium ores and concentrates.,Total Imports,Kenya,SADC,2433410892.0,0.0,4503470.0,4503470.0,540.3413128097799,4.0
Jan 2022,2606 - Aluminium ores and concentrates.,Total Imports,Kenya,SADC,128989866.0,0.0,2400000.0,2400000.0,53.74577749997761,4.0
Jan 2024,2606 - Aluminium ores and concentrates.,Total Imports,Kenya,SADC,6125361475.0,0.0,9663000.0,9663000.0,633.8985278898236,4.0
Jul 2021,2606 - Aluminium ores and concentrates.,Total Imports,Kenya,SADC,7621763945.0,0.0,15600000.0,15600000.0,488.5746118589431,4.0
Jul 2022,2606 - Aluminium ores and concentrates.,Total Imports,Kenya,SADC,3296068044.0,0.0,600000.0,600000.0,5493.446739990844,4.0
Jul 2023,2606 - Aluminium ores and concentrates.,Total Imports,Kenya,SADC,1851890496.0,0.0,43800000.0,43800000.0,42.28060493150589,4.0
Jun 2022,2606 - Aluminium ores and concentrates.,Total Imports,Kenya,SADC,9143978658.0,0.0,16500000.0,16500000.0,554.1805247272391,4.0
Jun 2023,2606 - Aluminium ores and concentrates.,Total Imports,Kenya,SADC,1374123412.0,0.0,4800000.0,4800000.0,286.2757108332737,4.0
Mar 2021,2606 - Aluminium ores and concentrates.,Total Imports,Kenya,SADC,9022169217.0,0.0,18000000.0,18000000.0,501.2316231666389,4.0
Mar 2022,2606 - Aluminium ores and concentrates.,Total Imports,Kenya,SADC,3667472038.0,0.0,11700000.0,11700000.0,313.45914854698174,4.0
Mar 2023,2606 - Aluminium ores and concentrates.,Total Imports,Kenya,SADC,7515265614.0,0.0,15000000.0,15000000.0,501.01770759996657,4.0
May 2021,2606 - Aluminium ores and concentrates.,Total Imports,Kenya,SADC,1689489435.0,0.0,3300000.0,3300000.0,511.9664954543903,4.0
May 2023,2606 - Aluminium ores and concentrates.,Total Imports,Kenya,SADC,1923394225.0,0.0,6600000.0,6600000.0,291.42336742419826,4.0
May 2025,2606 - Aluminium ores and concentrates.,Total Imports,Kenya,European Union All Countries,2341544751.0,0.0,600.0,600.0,3902574.578495709,4.0
Nov 2021,2606 - Aluminium ores and concentrates.,Total Imports,Kenya,SADC,935513382.0,0.0,21000000.0,21000000.0,44.54825628571217,4.0
Nov 2022,2606 - Aluminium ores and concentrates.,Total Imports,Kenya,SADC,7358490566.0,0.0,13800000.0,13800000.0,533.2239540579324,4.0
Nov 2023,2606 - Aluminium ores and concentrates.,Total Imports,Kenya,SADC,8879680741.0,0.0,1800000.0,1800000.0,4933.155967219482,4.0
Nov 2024,2606 - Aluminium ores and concentrates.,Total Imports,Kenya,SADC,5354464436.0,0.0,11731500.0,11731500.0,456.4177160635506,4.0
Oct 2021,2606 - Aluminium ores and concentrates.,Total Imports,Kenya,SADC,1011348497.0,0.0,24300000.0,24300000.0,41.61927971193245,4.0
Oct 2022,2606 - Aluminium ores and concentrates.,Total Imports,Kenya,SADC,8861439313.0,0.0,16500000.0,16500000.0,537.0569280605735,4.0
Oct 2023,2606 - Aluminium ores and concentrates.,Total Imports,Kenya,SADC,3012091231.0,0.0,6000000.0,6000000.0,502.015205166583,4.0
Oct 2024,2606 - Aluminium ores and concentrates.,Total Imports,Kenya,SADC,5526315789.0,0.0,10200000.0,10200000.0,541.7956655881821,4.0
Sep 2021,2606 - Aluminium ores and concentrates.,Total Imports,Kenya,SADC,6238094367.0,0.0,14700000.0,14700000.0,424.3601610203793,4.0
Sep 2022,2606 - Aluminium ores and concentrates.,Total Imports,Kenya,SADC,9068464415.0,0.0,16800000.0,16800000.0,539.7895485118727,4.0
Sep 2023,2606 - Aluminium ores and concentrates.,Total Imports,Kenya,SADC,8128887296.0,0.0,15600000.0,15600000.0,521.0825189743256,4.0
Sep 2024,2606 - Aluminium ores and concentrates.,Total Imports,Kenya,SADC,8452012384.0,0.0,15600000.0,15600000.0,541.7956656409909,4.0
Aug 2022,2607 - Lead ores and concentrates.,Total Exports,Kenya,European Union All Countries,0.0,4977094482.0,610.0,610.0,8159171.268591522,4.0
Sep 2025,2607 - Lead ores and concentrates.,Total Exports,Kenya,SADC,0.0,7737372331.0,7125.0,7125.0,1085946.9936721476,4.0
Dec 2024,2608 - Zinc ores and concentrates.,Total Exports,Kenya,ASEAN,0.0,2338923779.0,234000.0,234000.0,9995.40076491455,4.0
Mar 2025,2608 - Zinc ores and concentrates.,Total Exports,Kenya,ASEAN,0.0,2497981829.0,267000.0,267000.0,9355.737187230878,4.0
Nov 2024,2608 - Zinc ores and concentrates.,Total Exports,Kenya,ASEAN,0.0,8932778362.0,994080.0,994080.0,8985.975335980016,4.0
Oct 2024,2608 - Zinc ores and concentrates.,Total Exports,Kenya,ASEAN,0.0,1749166563.0,249920.0,249920.0,6998.905901860599,4.0
Apr 2020,2614 - Titanium ores and concentrates.,Total Exports,Kenya,ASEAN,0.0,1710788337.0,1000000.0,1000000.0,1710.7883369982892,4.0
Apr 2020,2614 - Titanium ores and concentrates.,Total Exports,Kenya,European Union All Countries,0.0,1552538388.0,1120000.0,1120000.0,1386.1949892844766,4.0
Apr 2021,2614 - Titanium ores and concentrates.,Total Exports,Kenya,ASEAN,0.0,1391226307.0,1000000.0,1000000.0,1391.2263069986088,4.0
Apr 2021,2614 - Titanium ores and concentrates.,Total Exports,Kenya,SADC,0.0,1034900293.0,7380000.0,7380000.0,140.23039200540106,4.0
Apr 2022,2614 - Titanium ores and concentrates.,Total Exports,Kenya,ASEAN,0.0,6101025117.0,2800000.0,2800000.0,2178.9375417849365,4.0
Apr 2022,2614 - Titanium ores and concentrates.,Total Exports,Kenya,European Union All Countries,0.0,4616699355.0,121680000.0,121680000.0,37.94131619822454,4.0
Apr 2023,2614 - Titanium ores and concentrates.,Total Exports,Kenya,ASEAN,0.0,2151745604.0,1000000.0,1000000.0,2151.7456039978483,4.0
Apr 2024,2614 - Titanium ores and concentrates.,Total Exports,Kenya,ASEAN,0.0,1129247921.0,600000.0,600000.0,1882.0798683301964,4.0
Apr 2024,2614 - Titanium ores and concentrates.,Total Exports,Kenya,European Union All Countries,0.0,1812059786.0,1040000.0,1040000.0,1742.3651788444786,4.0
Apr 2025,2614 - Titanium ores and concentrates.,Total Imports,Kenya,SADC,8792813991.0,0.0,500000.0,500000.0,17585.62798196483,4.0
Aug 2020,2614 - Titanium ores and concentrates.,Total Imports,Kenya,SADC,3791841586.0,0.0,240010.0,240010.0,15798.681663198206,4.0
Aug 2021,2614 - Titanium ores and concentrates.,Total Exports,Kenya,European Union All Countries,0.0,2731791136.0,101500000.0,101500000.0,26.914198384236187,4.0
Aug 2022,2614 - Titanium ores and concentrates.,Total Exports,Kenya,ASEAN,0.0,5866860579.0,2400000.0,2400000.0,2444.5252412489817,4.0
Aug 2022,2614 - Titanium ores and concentrates.,Total Exports,Kenya,European Union All Countries,0.0,2772914267.0,1120000.0,1120000.0,2475.816309819218,4.0
Aug 2023,2614 - Titanium ores and concentrates.,Total Exports,Kenya,ASEAN,0.0,4642262872.0,2000000.0,2000000.0,2321.13143599884,4.0
Aug 2024,2614 - Titanium ores and concentrates.,Total Exports,Kenya,ASEAN,0.0,1584186259.0,1000000.0,1000000.0,1584.1862589984155,4.0
Aug 2024,2614 - Titanium ores and concentrates.,Total Exports,Kenya,European Union All Countries,0.0,5794545933.0,3820000.0,3820000.0,1516.8968410990794,4.0
Dec 2020,2614 - Titanium ores and concentrates.,Total Exports,Kenya,ASEAN,0.0,1298997882.0,1000000.0,1000000.0,1298.997881998701,4.0
Dec 2021,2614 - Titanium ores and concentrates.,Total Exports,Kenya,ASEAN,0.0,3576088166.0,2000000.0,2000000.0,1788.044082999106,4.0
Dec 2021,2614 - Titanium ores and concentrates.,Total Exports,Kenya,European Union All Countries,0.0,1497517869.0,100000000.0,100000000.0,14.97517868999985,4.0
Dec 2022,2614 - Titanium ores and concentrates.,Total Exports,Kenya,ASEAN,0.0,3793463223.0,103200000.0,103200000.0,36.75836456395313,4.0
Dec 2023,2614 - Titanium ores and concentrates.,Total Exports,Kenya,European Union All Countries,0.0,1956481169.0,1120000.0,1120000.0,1746.8581866055831,4.0
Dec 2024,2614 - Titanium ores and concentrates.,Total Exports,Kenya,ASEAN,0.0,4828450626.0,3400000.0,3400000.0,1420.132537058406,4.0
Dec 2024,2614 - Titanium ores and concentrates.,Total Exports,Kenya,European Union All Countries,0.0,336780024.0,2240000.0,2240000.0,150.34822499993288,4.0
Feb 2020,2614 - Titanium ores and concentrates.,Total Exports,Kenya,ASEAN,0.0,6846124371.0,5000000.0,5000000.0,1369.2248741997262,4.0
Feb 2021,2614 - Titanium ores and concentrates.,Total Exports,Kenya,ASEAN,0.0,1285858558.0,1000000.0,1000000.0,1285.858557998714,4.0
Feb 2022,2614 - Titanium ores and concentrates.,Total Exports,Kenya,ASEAN,0.0,2190793939.0,1000000.0,1000000.0,2190.793938997809,4.0
Feb 2023,2614 - Titanium ores and concentrates.,Total Exports,Kenya,ASEAN,0.0,3987266645.0,1600000.0,1600000.0,2492.0416531234423,4.0
Feb 2024,2614 - Titanium ores and concentrates.,Total Exports,Kenya,ASEAN,0.0,1143479314.0,600000.0,600000.0,1905.7988566634904,4.0
Feb 2024,2614 - Titanium ores and concentrates.,Total Exports,Kenya,European Union All Countries,0.0,2007580367.0,1120000.0,1120000.0,1792.482470534114,4.0
Feb 2025,2614 - Titanium ores and concentrates.,Total Exports,Kenya,ASEAN,0.0,1384187997.0,1000000.0,1000000.0,1384.1879969986155,4.0
Feb 2025,2614 - Titanium ores and concentrates.,Total Exports,Kenya,European Union All Countries,0.0,1280203761.0,900000.0,900000.0,1422.4486233317527,4.0
Jan 2020,2614 - Titanium ores and concentrates.,Total Exports,Kenya,ASEAN,0.0,2141650724.0,110000000.0,110000000.0,19.46955203636346,4.0
Jan 2021,2614 - Titanium ores and concentrates.,Total Exports,Kenya,ASEAN,0.0,2586268914.0,116000000.0,116000000.0,22.2954216724136,4.0
Jan 2022,2614 - Titanium ores and concentrates.,Total Exports,Kenya,ASEAN,0.0,3763102022.0,111600000.0,111600000.0,33.71955216845848,4.0
Jan 2023,2614 - Titanium ores and concentrates.,Total Exports,Kenya,ASEAN,0.0,637401591.0,2600000.0,2600000.0,245.1544580768288,4.0
Jan 2023,2614 - Titanium ores and concentrates.,Total Exports,Kenya,European Union All Countries,0.0,2634060282.0,1120000.0,1120000.0,2351.8395374979,4.0
Jan 2024,2614 - Titanium ores and concentrates.,Total Exports,Kenya,European Union All Countries,0.0,1503944712.0,900000.0,900000.0,1671.0496799981431,4.0
Jan 2025,2614 - Titanium ores and concentrates.,Total Exports,Kenya,European Union All Countries,0.0,1278347693.0,900000.0,900000.0,1420.3863255539773,4.0
Jul 2020,2614 - Titanium ores and concentrates.,Total Exports,Kenya,ASEAN,0.0,2249394383.0,110000000.0,110000000.0,20.44903984545436,4.0
Jul 2021,2614 - Titanium ores and concentrates.,Total Exports,Kenya,ASEAN,0.0,2760166373.0,2000000.0,2000000.0,1380.08318649931,4.0
Jul 2021,2614 - Titanium ores and concentrates.,Total Imports,Kenya,European Union All Countries,3829061829.0,0.0,240000.0,240000.0,15954.424287433523,4.0
Jul 2022,2614 - Titanium ores and concentrates.,Total Exports,Kenya,ASEAN,0.0,4046787707.0,102000000.0,102000000.0,39.674389284313335,4.0
Jul 2023,2614 - Titanium ores and concentrates.,Total Exports,Kenya,ASEAN,0.0,3814810541.0,112000000.0,112000000.0,34.06080840178541,4.0
Jul 2024,2614 - Titanium ores and concentrates.,Total Exports,Kenya,ASEAN,0.0,1577518619.0,1000000.0,1000000.0,1577.5186189984224,4.0
Jul 2024,2614 - Titanium ores and concentrates.,Total Exports,Kenya,European Union All Countries,0.0,4250840379.0,2600000.0,2600000.0,1634.9386073070636,4.0
Jul 2025,2614 - Titanium ores and concentrates.,Total Imports,Kenya,ASEAN,8845223383.0,0.0,280000.0,280000.0,31590.083510601464,4.0
Jun 2020,2614 - Titanium ores and concentrates.,Total Exports,Kenya,ASEAN,0.0,7032542699.0,5000000.0,5000000.0,1406.5085397997186,4.0
Jun 2022,2614 - Titanium ores and concentrates.,Total Exports,Kenya,ASEAN,0.0,1090130139.0,5000000.0,5000000.0,218.0260277999564,4.0
Jun 2023,2614 - Titanium ores and concentrates.,Total Exports,Kenya,ASEAN,0.0,4238931472.0,2000000.0,2000000.0,2119.46573599894,4.0
Jun 2024,2614 - Titanium ores and concentrates.,Total Imports,Kenya,European Union All Countries,472592098.0,0.0,240000.0,240000.0,1969.133741658462,4.0
Jun 2025,2614 - Titanium ores and concentrates.,Total Exports,Kenya,SADC,0.0,3930115594.0,5120.0,5120.0,767600.701803203,4.0
Mar 2020,2614 - Titanium ores and concentrates.,Total Exports,Kenya,ASEAN,0.0,4175745505.0,3000000.0,3000000.0,1391.9151683328694,4.0
Mar 2021,2614 - Titanium ores and concentrates.,Total Exports,Kenya,ASEAN,0.0,2686228136.0,111200000.0,111200000.0,24.1567278417264,4.0
Mar 2022,2614 - Titanium ores and concentrates.,Total Exports,Kenya,ASEAN,0.0,1308444519.0,600000.0,600000.0,2180.7408649963654,4.0
Mar 2023,2614 - Titanium ores and concentrates.,Total Exports,Kenya,ASEAN,0.0,428966079.0,2000000.0,2000000.0,214.48303949989275,4.0
Mar 2024,2614 - Titanium ores and concentrates.,Total Exports,Kenya,ASEAN,0.0,1171897226.0,600000.0,600000.0,1953.162043330078,4.0
Mar 2024,2614 - Titanium ores and concentrates.,Total Exports,Kenya,European Union All Countries,0.0,5085055115.0,2920000.0,2920000.0,1741.4572311637874,4.0
Mar 2025,2614 - Titanium ores and concentrates.,Total Exports,Kenya,European Union All Countries,0.0,1279122833.0,899990.0,899990.0,1421.2633840360213,4.0
May 2020,2614 - Titanium ores and concentrates.,Total Exports,Kenya,ASEAN,0.0,2942945302.0,115000000.0,115000000.0,25.59082871304325,4.0
May 2021,2614 - Titanium ores and concentrates.,Total Exports,Kenya,ASEAN,0.0,1389130076.0,1000000.0,1000000.0,1389.130075998611,4.0
May 2021,2614 - Titanium ores and concentrates.,Total Exports,Kenya,European Union All Countries,0.0,2522807534.0,110000000.0,110000000.0,22.934613945454338,4.0
May 2021,2614 - Titanium ores and concentrates.,Total Imports,Kenya,SADC,3651116988.0,0.0,240000.0,240000.0,15212.987449936612,4.0
May 2022,2614 - Titanium ores and concentrates.,Total Exports,Kenya,ASEAN,0.0,6551726388.0,3000000.0,3000000.0,2183.908795999272,4.0
May 2023,2614 - Titanium ores and concentrates.,Total Exports,Kenya,ASEAN,0.0,6372009559.0,3000000.0,3000000.0,2124.0031863326253,4.0
May 2023,2614 - Titanium ores and concentrates.,Total Exports,Kenya,European Union All Countries,0.0,3512797622.0,110000000.0,110000000.0,31.934523836363347,4.0
May 2023,2614 - Titanium ores and concentrates.,Total Imports,Kenya,European Union All Countries,9578339665.0,0.0,480000.0,480000.0,19954.87430204176,4.0
May 2024,2614 - Titanium ores and concentrates.,Total Exports,Kenya,ASEAN,0.0,1122744855.0,600000.0,600000.0,1871.2414249968813,4.0
May 2024,2614 - Titanium ores and concentrates.,Total Exports,Kenya,European Union All Countries,0.0,4775312438.0,280000.0,280000.0,17054.68727851052,4.0
May 2025,2614 - Titanium ores and concentrates.,Total Exports,Kenya,SADC,0.0,4999845285.0,22.0,22.0,227265684.44246888,4.0
Nov 2020,2614 - Titanium ores and concentrates.,Total Exports,Kenya,ASEAN,0.0,2761931465.0,113020000.0,113020000.0,24.437546142275487,4.0
Nov 2020,2614 - Titanium ores and concentrates.,Total Imports,Kenya,SADC,3659659602.0,0.0,240000.0,240000.0,15248.581674936464,4.0
Nov 2021,2614 - Titanium ores and concentrates.,Total Exports,Kenya,ASEAN,0.0,3565701839.0,2000000.0,2000000.0,1782.8509194991086,4.0
Nov 2021,2614 - Titanium ores and concentrates.,Total Exports,Kenya,European Union All Countries,0.0,3535863332.0,118500000.0,118500000.0,29.83850913080144,4.0
Nov 2022,2614 - Titanium ores and concentrates.,Total Exports,Kenya,European Union All Countries,0.0,3282164856.0,1400000.0,1400000.0,2344.403468569754,4.0
Nov 2023,2614 - Titanium ores and concentrates.,Total Exports,Kenya,ASEAN,0.0,2172443433.0,1000000.0,1000000.0,2172.443432997828,4.0
Nov 2023,2614 - Titanium ores and concentrates.,Total Exports,Kenya,European Union All Countries,0.0,3374770385.0,110000000.0,110000000.0,30.679730772726995,4.0
Nov 2024,2614 - Titanium ores and concentrates.,Total Exports,Kenya,ASEAN,0.0,2966747828.0,2000000.0,2000000.0,1483.3739139992583,4.0
Nov 2024,2614 - Titanium ores and concentrates.,Total Exports,Kenya,European Union All Countries,0.0,1276861082.0,900000.0,900000.0,1418.7345355539792,4.0
Oct 2020,2614 - Titanium ores and concentrates.,Total Exports,Kenya,European Union All Countries,0.0,1202599238.0,100000000.0,100000000.0,12.02599237999988,4.0
Oct 2020,2614 - Titanium ores and concentrates.,Total Imports,Kenya,SADC,6170802715.0,0.0,380245.0,380245.0,16228.491406813426,4.0
Oct 2021,2614 - Titanium ores and concentrates.,Total Exports,Kenya,ASEAN,0.0,7914046503.0,5000000.0,5000000.0,1582.8093005996834,4.0
Oct 2021,2614 - Titanium ores and concentrates.,Total Imports,Kenya,European Union All Countries,3830014392.0,0.0,240720.0,240720.0,15910.661315985748,4.0
Oct 2022,2614 - Titanium ores and concentrates.,Total Exports,Kenya,ASEAN,0.0,2395031496.0,1000000.0,1000000.0,2395.031495997605,4.0
Oct 2023,2614 - Titanium ores and concentrates.,Total Exports,Kenya,ASEAN,0.0,2176083442.0,1000000.0,1000000.0,2176.083441997824,4.0
Oct 2024,2614 - Titanium ores and concentrates.,Total Exports,Kenya,ASEAN,0.0,843543058.0,6000000.0,6000000.0,140.59050966664324,4.0
Oct 2024,2614 - Titanium ores and concentrates.,Total Exports,Kenya,European Union All Countries,0.0,5689872144.0,50000000.0,50000000.0,113.79744287999772,4.0
Sep 2020,2614 - Titanium ores and concentrates.,Total Exports,Kenya,ASEAN,0.0,4126163329.0,3000000.0,3000000.0,1375.3877763328749,4.0
Sep 2020,2614 - Titanium ores and concentrates.,Total Exports,Kenya,European Union All Countries,0.0,2198911887.0,110000000.0,110000000.0,19.990108063636185,4.0
Sep 2020,2614 - Titanium ores and concentrates.,Total Imports,Kenya,SADC,3671240628.0,0.0,240000.0,240000.0,15296.835949936263,4.0
Sep 2021,2614 - Titanium ores and concentrates.,Total Exports,Kenya,ASEAN,0.0,3437487213.0,111000000.0,111000000.0,30.96835327026999,4.0
Sep 2021,2614 - Titanium ores and concentrates.,Total Imports,Kenya,European Union All Countries,3830466552.0,0.0,240000.0,240000.0,15960.277299933496,4.0
Sep 2022,2614 - Titanium ores and concentrates.,Total Exports,Kenya,ASEAN,0.0,9529044166.0,4000000.0,4000000.0,2382.2610414994047,4.0
Sep 2024,2614 - Titanium ores and concentrates.,Total Exports,Kenya,ASEAN,0.0,192086544.0,1220000.0,1220000.0,157.44798688511685,4.0
Sep 2024,2614 - Titanium ores and concentrates.,Total Exports,Kenya,European Union All Countries,0.0,3062847856.0,2020000.0,2020000.0,1516.2613148507346,4.0
Apr 2020,2616 - Precious metal ores and concentrates.,Total Imports,Kenya,European Union All Countries,4418280034.0,0.0,154.0,154.0,28690129.904609542,4.0
Aug 2021,2616 - Precious metal ores and concentrates.,Total Imports,Kenya,SADC,212229775.0,0.0,370.0,370.0,573593.9849362324,4.0
Feb 2020,2616 - Precious metal ores and concentrates.,Total Imports,Kenya,European Union All Countries,4128263605.0,0.0,40.0,40.0,103206587.54483531,4.0
Sep 2022,2616 - Precious metal ores and concentrates.,Total Imports,Kenya,European Union All Countries,3845787109.0,0.0,50.0,50.0,76915740.64168519,4.0
Apr 2021,2504 - Natural graphite.,Total Imports,Rwanda,SADC,5203368061.0,0.0,20.0,20.0,260168390.0415805,4.0
Aug 2022,2504 - Natural graphite.,Total Exports,Rwanda,SADC,0.0,109658287.0,3500.0,3500.0,31330.939133905445,4.0
Feb 2020,2504 - Natural graphite.,Total Exports,Rwanda,SADC,0.0,4539653797.0,1500.0,1500.0,3026435.8626490426,4.0
Jul 2023,2504 - Natural graphite.,Total Exports,Rwanda,SADC,0.0,8752399232.0,17520.0,17520.0,499566.1661815316,4.0
Sep 2022,2504 - Natural graphite.,Total Imports,Rwanda,European Union All Countries,2078855079.0,0.0,58500.0,58500.0,35535.9842558028,4.0
Sep 2023,2504 - Natural graphite.,Total Exports,Rwanda,SADC,0.0,8069298705.0,600.0,600.0,13448831.15258528,4.0
Aug 2024,2603 - Copper ores and concentrates.,Total Imports,Rwanda,European Union All Countries,1481091137.0,0.0,10.0,10.0,148109098.88909012,4.0
Sep 2023,2603 - Copper ores and concentrates.,Total Imports,Rwanda,SADC,2532987962.0,0.0,20.0,20.0,126649391.7675304,4.0
Aug 2022,2604 - Nickel ores and concentrates.,Total Imports,Rwanda,European Union All Countries,8768146842.0,0.0,10.0,10.0,876814596.5185404,4.0
Aug 2022,2608 - Zinc ores and concentrates.,Total Imports,Rwanda,European Union All Countries,8576676972.0,0.0,20.0,20.0,428833827.1583086,4.0
Apr 2020,2609 - Tin ores and concentrates.,Total Exports,Rwanda,ASEAN,0.0,6061365306.0,740945.0,740960.0,8180.587366122748,4.0
Apr 2021,2609 - Tin ores and concentrates.,Total Exports,Rwanda,ASEAN,0.0,6133394075.0,420020.0,420020.0,14602.623863114608,4.0
Apr 2021,2609 - Tin ores and concentrates.,Total Exports,Rwanda,European Union All Countries,0.0,3158353157.0,244300.0,244300.0,12928.175018367056,4.0
Apr 2022,2609 - Tin ores and concentrates.,Total Exports,Rwanda,ASEAN,0.0,2928884255.0,1228855.0,1228850.0,2383.425428547401,4.0
Apr 2022,2609 - Tin ores and concentrates.,Total Imports,Rwanda,SADC,7461190383.0,0.0,331000.0,331000.0,22541.360673647912,4.0
Apr 2023,2609 - Tin ores and concentrates.,Total Exports,Rwanda,European Union All Countries,0.0,3362072161.0,255255.0,255260.0,13171.4252844678,4.0
Apr 2024,2609 - Tin ores and concentrates.,Total Exports,Rwanda,ASEAN,0.0,130889038.0,7103406.0,710350.0,18.426236371676005,4.0
Apr 2024,2609 - Tin ores and concentrates.,Total Exports,Rwanda,European Union All Countries,0.0,1899309209.0,972290.0,972290.0,1953.4390037931548,4.0
Apr 2024,2609 - Tin ores and concentrates.,Total Exports,Rwanda,SADC,0.0,4626306836.0,21451.0,2150.0,215668.58588337756,4.0
Apr 2024,2609 - Tin ores and concentrates.,Total Imports,Rwanda,SADC,2770445038.0,0.0,275000.0,275000.0,10074.34559269064,4.0
Apr 2025,2609 - Tin ores and concentrates.,Total Exports,Rwanda,ASEAN,0.0,145790926.0,771905.0,771910.0,188.87159171117057,4.0
Apr 2025,2609 - Tin ores and concentrates.,Total Exports,Rwanda,European Union All Countries,0.0,152440436.0,693450.0,693450.0,219.82902300062037,4.0
Aug 2020,2609 - Tin ores and concentrates.,Total Exports,Rwanda,ASEAN,0.0,4417188378.0,394325.0,394330.0,11201.897871017049,4.0
Aug 2020,2609 - Tin ores and concentrates.,Total Exports,Rwanda,SADC,0.0,6607425711.0,200.0,200.0,33037128.38981436,4.0
Aug 2021,2609 - Tin ores and concentrates.,Total Exports,Rwanda,ASEAN,0.0,7796156661.0,417430.0,417430.0,18676.560527468853,4.0
Aug 2022,2609 - Tin ores and concentrates.,Total Exports,Rwanda,ASEAN,0.0,1743956766.0,1388780.0,1388780.0,1255.7473221091493,4.0
Aug 2022,2609 - Tin ores and concentrates.,Total Exports,Rwanda,European Union All Countries,0.0,6347788857.0,506876.0,506880.0,12523.356515178222,4.0
Aug 2022,2609 - Tin ores and concentrates.,Total Imports,Rwanda,SADC,3184958454.0,0.0,250000.0,250000.0,12739.83381594904,4.0
Aug 2023,2609 - Tin ores and concentrates.,Total Exports,Rwanda,ASEAN,0.0,1937364985.0,1242470.0,1242460.0,1559.2851215710969,4.0
Aug 2023,2609 - Tin ores and concentrates.,Total Imports,Rwanda,SADC,102292448.0,0.0,712500.0,712500.0,143.56834806997395,4.0
Aug 2024,2609 - Tin ores and concentrates.,Total Exports,Rwanda,ASEAN,0.0,2762397734.0,1486375.0,1486370.0,1858.4796797565496,4.0
Aug 2024,2609 - Tin ores and concentrates.,Total Exports,Rwanda,European Union All Countries,0.0,1887428076.0,971600.0,971600.0,1942.5978550823972,4.0
Aug 2024,2609 - Tin ores and concentrates.,Total Imports,Rwanda,SADC,1142879487.0,0.0,525000.0,525000.0,2176.913308567282,4.0
Aug 2025,2609 - Tin ores and concentrates.,Total Exports,Rwanda,ASEAN,0.0,140171005.0,738850.0,743430.0,189.71510455411823,4.0
Aug 2025,2609 - Tin ores and concentrates.,Total Exports,Rwanda,European Union All Countries,0.0,1562295513.0,735640.0,735640.0,2123.722898425692,4.0
Dec 2020,2609 - Tin ores and concentrates.,Total Exports,Rwanda,ASEAN,0.0,6301139405.0,634155.0,634150.0,9936.27647024791,4.0
Dec 2021,2609 - Tin ores and concentrates.,Total Exports,Rwanda,ASEAN,0.0,1956972438.0,880970.0,884780.0,2221.38374518744,4.0
Dec 2021,2609 - Tin ores and concentrates.,Total Exports,Rwanda,European Union All Countries,0.0,5541000397.0,247860.0,247860.0,22355.36349946601,4.0
Dec 2021,2609 - Tin ores and concentrates.,Total Imports,Rwanda,SADC,1225859246.0,0.0,740000.0,740000.0,1656.56654864641,4.0
Dec 2022,2609 - Tin ores and concentrates.,Total Exports,Rwanda,ASEAN,0.0,1081589817.0,892035.0,892030.0,1212.4970623336387,4.0
Dec 2022,2609 - Tin ores and concentrates.,Total Exports,Rwanda,European Union All Countries,0.0,6333941588.0,499420.0,499420.0,12682.594986158578,4.0
Dec 2023,2609 - Tin ores and concentrates.,Total Exports,Rwanda,ASEAN,0.0,1274696885.0,983780.0,983770.0,1295.7133556269737,4.0
Dec 2023,2609 - Tin ores and concentrates.,Total Exports,Rwanda,European Union All Countries,0.0,2489499345.0,1692976.0,1692970.0,1470.4870860535111,4.0
Dec 2023,2609 - Tin ores and concentrates.,Total Imports,Rwanda,SADC,1020899842.0,0.0,8548615.0,854860.0,119.42283539495936,4.0
Dec 2024,2609 - Tin ores and concentrates.,Total Exports,Rwanda,ASEAN,0.0,300998189.0,1713955.0,1713950.0,175.61615620003116,4.0
Dec 2024,2609 - Tin ores and concentrates.,Total Exports,Rwanda,European Union All Countries,0.0,1712416922.0,913400.0,913400.0,1874.772193998385,4.0
Dec 2024,2609 - Tin ores and concentrates.,Total Exports,Rwanda,SADC,0.0,1010522496.0,100.0,100.0,10105224.858947752,4.0
Feb 2020,2609 - Tin ores and concentrates.,Total Exports,Rwanda,ASEAN,0.0,532349044.0,602055.0,601500.0,884.2199533250547,4.0
Feb 2020,2609 - Tin ores and concentrates.,Total Exports,Rwanda,European Union All Countries,0.0,166672833.0,217000.0,217000.0,768.0775714250319,4.0
Feb 2021,2609 - Tin ores and concentrates.,Total Exports,Rwanda,ASEAN,0.0,1413297177.0,1038310.0,1037710.0,1361.151464397568,4.0
Feb 2022,2609 - Tin ores and concentrates.,Total Exports,Rwanda,ASEAN,0.0,1940593984.0,915760.0,915760.0,2119.107608978205,4.0
Feb 2022,2609 - Tin ores and concentrates.,Total Exports,Rwanda,European Union All Countries,0.0,1274026007.0,485760.0,485760.0,2622.747873430042,4.0
Feb 2022,2609 - Tin ores and concentrates.,Total Imports,Rwanda,SADC,1018060318.0,0.0,500000.0,500000.0,2036.120635995928,4.0
Feb 2023,2609 - Tin ores and concentrates.,Total Exports,Rwanda,ASEAN,0.0,6015981581.0,435050.0,440510.0,13828.25326051298,4.0
Feb 2024,2609 - Tin ores and concentrates.,Total Exports,Rwanda,ASEAN,0.0,7815863449.0,500700.0,500700.0,15609.873075662852,4.0
Feb 2024,2609 - Tin ores and concentrates.,Total Exports,Rwanda,European Union All Countries,0.0,1451647074.0,938150.0,938150.0,1547.3507157687498,4.0
Feb 2025,2609 - Tin ores and concentrates.,Total Exports,Rwanda,ASEAN,0.0,2362821554.0,1251405.0,1251400.0,1888.134979481552,4.0
Feb 2025,2609 - Tin ores and concentrates.,Total Exports,Rwanda,European Union All Countries,0.0,1943954659.0,989082.0,989080.0,1965.413038552956,4.0
Jan 2020,2609 - Tin ores and concentrates.,Total Exports,Rwanda,ASEAN,0.0,5548616247.0,574720.0,574170.0,9654.468692563936,4.0
Jan 2020,2609 - Tin ores and concentrates.,Total Exports,Rwanda,European Union All Countries,0.0,1630538353.0,220620.0,220620.0,7390.70960471675,4.0
Jan 2021,2609 - Tin ores and concentrates.,Total Exports,Rwanda,ASEAN,0.0,1053960322.0,929670.0,928290.0,1133.6929469584545,4.0
Jan 2022,2609 - Tin ores and concentrates.,Total Exports,Rwanda,ASEAN,0.0,1405293874.0,624960.0,628320.0,2248.614109699423,4.0
Jan 2022,2609 - Tin ores and concentrates.,Total Exports,Rwanda,European Union All Countries,0.0,1078029514.0,466900.0,466900.0,2308.908789885824,4.0
Jan 2022,2609 - Tin ores and concentrates.,Total Imports,Rwanda,SADC,4866573094.0,0.0,250000.0,250000.0,19466.29237592213,4.0
Jan 2023,2609 - Tin ores and concentrates.,Total Exports,Rwanda,ASEAN,0.0,5805683347.0,405640.0,409360.0,14312.403478418517,4.0
Jan 2024,2609 - Tin ores and concentrates.,Total Exports,Rwanda,ASEAN,0.0,2101275033.0,1494995.0,1495000.0,1405.5398399316348,4.0
Jan 2024,2609 - Tin ores and concentrates.,Total Exports,Rwanda,European Union All Countries,0.0,1485136113.0,971896.0,971900.0,1528.0813101386073,4.0
Jan 2024,2609 - Tin ores and concentrates.,Total Imports,Rwanda,SADC,1194070741.0,0.0,1076000.0,1076000.0,1109.7311719320542,4.0
Jan 2025,2609 - Tin ores and concentrates.,Total Exports,Rwanda,ASEAN,0.0,2117914966.0,1240320.0,1240320.0,1707.5552808938762,4.0
Jan 2025,2609 - Tin ores and concentrates.,Total Exports,Rwanda,European Union All Countries,0.0,1639832388.0,953240.0,953240.0,1720.2723217639625,4.0
Jan 2025,2609 - Tin ores and concentrates.,Total Imports,Rwanda,European Union All Countries,1555645624.0,0.0,500.0,500.0,3111291.2417774177,4.0
Jul 2020,2609 - Tin ores and concentrates.,Total Exports,Rwanda,ASEAN,0.0,6190158329.0,650730.0,650730.0,9512.63708295374,4.0
Jul 2020,2609 - Tin ores and concentrates.,Total Exports,Rwanda,European Union All Countries,0.0,2040519769.0,224000.0,224000.0,9109.463254423616,4.0
Jul 2021,2609 - Tin ores and concentrates.,Total Exports,Rwanda,ASEAN,0.0,8741298576.0,487680.0,487680.0,17924.250688939625,4.0
Jul 2022,2609 - Tin ores and concentrates.,Total Exports,Rwanda,ASEAN,0.0,1918205329.0,1385220.0,1385230.0,1384.765834306908,4.0
Jul 2022,2609 - Tin ores and concentrates.,Total Exports,Rwanda,European Union All Countries,0.0,6722940531.0,501946.0,501950.0,13393.752576943749,4.0
Jul 2023,2609 - Tin ores and concentrates.,Total Exports,Rwanda,ASEAN,0.0,7158725084.0,489735.0,489730.0,14617.54843739039,4.0
Jul 2023,2609 - Tin ores and concentrates.,Total Imports,Rwanda,SADC,6268637965.0,0.0,500000.0,500000.0,12537.275929974923,4.0
Jul 2024,2609 - Tin ores and concentrates.,Total Exports,Rwanda,ASEAN,0.0,490823789.0,2747285.0,2747300.0,178.657761753812,4.0
Jul 2024,2609 - Tin ores and concentrates.,Total Exports,Rwanda,European Union All Countries,0.0,1452944337.0,741630.0,741630.0,1959.1229278724445,4.0
Jul 2025,2609 - Tin ores and concentrates.,Total Exports,Rwanda,ASEAN,0.0,9773602665.0,506250.0,506250.0,19305.88180736927,4.0
Jul 2025,2609 - Tin ores and concentrates.,Total Exports,Rwanda,European Union All Countries,0.0,2536103144.0,1209200.0,1209200.0,2097.339682432933,4.0
Jun 2020,2609 - Tin ores and concentrates.,Total Exports,Rwanda,ASEAN,0.0,7397348812.0,896840.0,896840.0,8248.23693411506,4.0
Jun 2020,2609 - Tin ores and concentrates.,Total Exports,Rwanda,European Union All Countries,0.0,1657132611.0,219550.0,219550.0,7547.859763117523,4.0
Jun 2021,2609 - Tin ores and concentrates.,Total Exports,Rwanda,ASEAN,0.0,116982958.0,697650.0,697650.0,167.68144198356242,4.0
Jun 2021,2609 - Tin ores and concentrates.,Total Exports,Rwanda,European Union All Countries,0.0,7725241453.0,476360.0,476360.0,16217.233716063023,4.0
Jun 2022,2609 - Tin ores and concentrates.,Total Exports,Rwanda,ASEAN,0.0,1969632297.0,1126145.0,1126140.0,1749.0041664246176,4.0
Jun 2022,2609 - Tin ores and concentrates.,Total Exports,Rwanda,European Union All Countries,0.0,9496191405.0,468970.0,468970.0,20249.03811540131,4.0
Jun 2022,2609 - Tin ores and concentrates.,Total Imports,Rwanda,SADC,1198408691.0,0.0,621231.0,621230.0,1929.087072277576,4.0
Jun 2023,2609 - Tin ores and concentrates.,Total Exports,Rwanda,ASEAN,0.0,1284275755.0,896220.0,896220.0,1432.9916259384604,4.0
Jun 2023,2609 - Tin ores and concentrates.,Total Exports,Rwanda,European Union All Countries,0.0,3437089237.0,246755.0,246760.0,13929.157411140892,4.0
Jun 2023,2609 - Tin ores and concentrates.,Total Imports,Rwanda,SADC,35008228.0,0.0,250000.0,250000.0,140.03291199943988,4.0
Jun 2024,2609 - Tin ores and concentrates.,Total Exports,Rwanda,ASEAN,0.0,2808408572.0,1495710.0,1495720.0,1877.642438706783,4.0
Jun 2024,2609 - Tin ores and concentrates.,Total Exports,Rwanda,European Union All Countries,0.0,1898665043.0,963320.0,963320.0,1970.9598503073007,4.0
Jun 2025,2609 - Tin ores and concentrates.,Total Exports,Rwanda,ASEAN,0.0,3485978715.0,1768235.0,1768230.0,1971.4453763204715,4.0
Jun 2025,2609 - Tin ores and concentrates.,Total Exports,Rwanda,European Union All Countries,0.0,1496359479.0,724204.0,724200.0,2066.212667974678,4.0
Mar 2020,2609 - Tin ores and concentrates.,Total Exports,Rwanda,ASEAN,0.0,4285137688.0,459095.0,459090.0,9333.88010758267,4.0
Mar 2021,2609 - Tin ores and concentrates.,Total Exports,Rwanda,ASEAN,0.0,1190527755.0,909650.0,909650.0,1308.7756334839678,4.0
Mar 2022,2609 - Tin ores and concentrates.,Total Exports,Rwanda,ASEAN,0.0,4098990775.0,1700675.0,1700680.0,2410.21404736213,4.0
Mar 2022,2609 - Tin ores and concentrates.,Total Exports,Rwanda,European Union All Countries,0.0,1272988134.0,496980.0,496980.0,2561.447410353412,4.0
Mar 2022,2609 - Tin ores and concentrates.,Total Imports,Rwanda,SADC,6991122232.0,0.0,309428.0,309430.0,22593.69621358573,4.0
Mar 2023,2609 - Tin ores and concentrates.,Total Exports,Rwanda,ASEAN,0.0,4879967366.0,383120.0,386620.0,12737.43831172286,4.0
Mar 2024,2609 - Tin ores and concentrates.,Total Exports,Rwanda,ASEAN,0.0,1100944489.0,747490.0,747490.0,1472.8551405350267,4.0
Mar 2024,2609 - Tin ores and concentrates.,Total Exports,Rwanda,European Union All Countries,0.0,2827829534.0,1715088.0,1714150.0,1648.7955918287291,4.0
Mar 2024,2609 - Tin ores and concentrates.,Total Imports,Rwanda,SADC,2249722599.0,0.0,2189688.0,2189690.0,1027.4169648821992,4.0
Mar 2025,2609 - Tin ores and concentrates.,Total Exports,Rwanda,ASEAN,0.0,339186854.0,184860.0,184860.0,1834.830974781809,4.0
Mar 2025,2609 - Tin ores and concentrates.,Total Exports,Rwanda,European Union All Countries,0.0,138682155.0,694340.0,694340.0,199.7323429440912,4.0
Mar 2025,2609 - Tin ores and concentrates.,Total Imports,Rwanda,European Union All Countries,5052218285.0,0.0,1650.0,1650.0,3061950.473901848,4.0
May 2020,2609 - Tin ores and concentrates.,Total Exports,Rwanda,ASEAN,0.0,2134840844.0,241780.0,241780.0,8829.683365006082,4.0
May 2021,2609 - Tin ores and concentrates.,Total Exports,Rwanda,ASEAN,0.0,657819656.0,430240.0,430240.0,1528.959780584025,4.0
May 2021,2609 - Tin ores and concentrates.,Total Exports,Rwanda,European Union All Countries,0.0,7160445944.0,466110.0,466110.0,15362.13757264302,4.0
May 2022,2609 - Tin ores and concentrates.,Total Exports,Rwanda,ASEAN,0.0,3447002743.0,1722845.0,1722850.0,2000.7619623343944,4.0
May 2022,2609 - Tin ores and concentrates.,Total Exports,Rwanda,European Union All Countries,0.0,6154936884.0,251600.0,251600.0,24463.18316365476,4.0
May 2022,2609 - Tin ores and concentrates.,Total Imports,Rwanda,SADC,7152631007.0,0.0,328200.0,328200.0,21793.513123029268,4.0
May 2023,2609 - Tin ores and concentrates.,Total Exports,Rwanda,ASEAN,0.0,1231710791.0,874775.0,874710.0,1408.03154068028,4.0
May 2024,2609 - Tin ores and concentrates.,Total Exports,Rwanda,ASEAN,0.0,8808543731.0,492815.0,492810.0,17873.935921151195,4.0
May 2024,2609 - Tin ores and concentrates.,Total Exports,Rwanda,European Union All Countries,0.0,3414775237.0,1701630.0,1701630.0,2006.7671802906584,4.0
May 2025,2609 - Tin ores and concentrates.,Total Exports,Rwanda,ASEAN,0.0,1474366136.0,771180.0,771190.0,1911.8313960399491,4.0
May 2025,2609 - Tin ores and concentrates.,Total Exports,Rwanda,European Union All Countries,0.0,1959652028.0,970710.0,970710.0,2018.782157387872,4.0
Nov 2020,2609 - Tin ores and concentrates.,Total Exports,Rwanda,ASEAN,0.0,912537374.0,852175.0,852170.0,1070.8333077113612,4.0
Nov 2021,2609 - Tin ores and concentrates.,Total Exports,Rwanda,ASEAN,0.0,1968416969.0,923670.0,928530.0,2131.082495910736,4.0
Nov 2021,2609 - Tin ores and concentrates.,Total Exports,Rwanda,European Union All Countries,0.0,5252948964.0,250070.0,250070.0,21005.91419993999,4.0
Nov 2021,2609 - Tin ores and concentrates.,Total Imports,Rwanda,SADC,4248211406.0,0.0,255000.0,255000.0,16659.652572483687,4.0
Nov 2022,2609 - Tin ores and concentrates.,Total Exports,Rwanda,ASEAN,0.0,9919773666.0,884960.0,889120.0,11209.290437973232,4.0
Nov 2023,2609 - Tin ores and concentrates.,Total Exports,Rwanda,ASEAN,0.0,6552710566.0,494885.0,494880.0,13240.875286150842,4.0
Nov 2023,2609 - Tin ores and concentrates.,Total Exports,Rwanda,European Union All Countries,0.0,1062396171.0,741850.0,741850.0,1432.0902756602654,4.0
Nov 2024,2609 - Tin ores and concentrates.,Total Exports,Rwanda,ASEAN,0.0,1229657895.0,705690.0,705680.0,1742.4901798215328,4.0
Nov 2024,2609 - Tin ores and concentrates.,Total Exports,Rwanda,European Union All Countries,0.0,938402057.0,483340.0,483340.0,1941.4947179998728,4.0
Oct 2020,2609 - Tin ores and concentrates.,Total Exports,Rwanda,ASEAN,0.0,8526849349.0,875330.0,875320.0,9741.2968240438,4.0
Oct 2020,2609 - Tin ores and concentrates.,Total Exports,Rwanda,European Union All Countries,0.0,201743189.0,204560.0,204560.0,986.2299032020618,4.0
Oct 2020,2609 - Tin ores and concentrates.,Total Imports,Rwanda,SADC,892800937.0,0.0,558615.0,55860.0,1598.2401779372228,4.0
Oct 2021,2609 - Tin ores and concentrates.,Total Exports,Rwanda,ASEAN,0.0,9149421136.0,435755.0,435750.0,20996.70947201754,4.0
Oct 2021,2609 - Tin ores and concentrates.,Total Exports,Rwanda,European Union All Countries,0.0,5152915687.0,250250.0,250250.0,20591.071676241398,4.0
Oct 2021,2609 - Tin ores and concentrates.,Total Imports,Rwanda,SADC,4061418416.0,0.0,235000.0,235000.0,17282.631557373265,4.0
Oct 2022,2609 - Tin ores and concentrates.,Total Exports,Rwanda,ASEAN,0.0,1532809469.0,1364230.0,1364230.0,1123.571149292184,4.0
Oct 2022,2609 - Tin ores and concentrates.,Total Exports,Rwanda,European Union All Countries,0.0,5338623319.0,502855.0,502860.0,10616.625705202065,4.0
Oct 2023,2609 - Tin ores and concentrates.,Total Exports,Rwanda,ASEAN,0.0,1960623105.0,1472080.0,1472090.0,1331.8726597730206,4.0
Oct 2023,2609 - Tin ores and concentrates.,Total Exports,Rwanda,European Union All Countries,0.0,3531710196.0,253445.0,253440.0,13934.81897842161,4.0
Oct 2024,2609 - Tin ores and concentrates.,Total Exports,Rwanda,ASEAN,0.0,288514423.0,1480975.0,1480960.0,194.8138375055657,4.0
Oct 2024,2609 - Tin ores and concentrates.,Total Exports,Rwanda,European Union All Countries,0.0,2574519901.0,1221960.0,1224110.0,2106.877394512008,4.0
Sep 2020,2609 - Tin ores and concentrates.,Total Exports,Rwanda,ASEAN,0.0,4700178147.0,488700.0,488700.0,9617.716691201927,4.0
Sep 2020,2609 - Tin ores and concentrates.,Total Exports,Rwanda,European Union All Countries,0.0,212058717.0,227800.0,227800.0,930.8986698817782,4.0
Sep 2021,2609 - Tin ores and concentrates.,Total Exports,Rwanda,ASEAN,0.0,1339564407.0,740385.0,740380.0,1809.2808565789292,4.0
Sep 2021,2609 - Tin ores and concentrates.,Total Exports,Rwanda,European Union All Countries,0.0,4901179793.0,245700.0,245700.0,19947.82170525052,4.0
Sep 2021,2609 - Tin ores and concentrates.,Total Imports,Rwanda,SADC,3890300967.0,0.0,250000.0,250000.0,15561.203867937757,4.0
Sep 2022,2609 - Tin ores and concentrates.,Total Exports,Rwanda,ASEAN,0.0,1138048359.0,943015.0,943010.0,1206.818936070787,4.0
Sep 2022,2609 - Tin ores and concentrates.,Total Exports,Rwanda,European Union All Countries,0.0,101781623.0,757606.0,757610.0,134.3463792523629,4.0
Sep 2022,2609 - Tin ores and concentrates.,Total Imports,Rwanda,SADC,278642753.0,0.0,230108.0,230110.0,1210.921623754016,4.0
Sep 2023,2609 - Tin ores and concentrates.,Total Exports,Rwanda,ASEAN,0.0,1731108435.0,1221480.0,1221480.0,1417.2220871390302,4.0
Sep 2023,2609 - Tin ores and concentrates.,Total Imports,Rwanda,SADC,1017527059.0,0.0,750000.0,750000.0,1356.7027453315245,4.0
Sep 2024,2609 - Tin ores and concentrates.,Total Exports,Rwanda,ASEAN,0.0,522072604.0,2754875.0,2754860.0,189.50863614494688,4.0
Sep 2024,2609 - Tin ores and concentrates.,Total Exports,Rwanda,European Union All Countries,0.0,2020353382.0,973724.0,973720.0,2074.872738063276,4.0
Sep 2025,2609 - Tin ores and concentrates.,Total Exports,Rwanda,ASEAN,0.0,4320610364.0,29426571.0,2942660.0,146.826837690326,4.0
Sep 2025,2609 - Tin ores and concentrates.,Total Exports,Rwanda,European Union All Countries,0.0,1613472587.0,737000.0,737000.0,2189.243672995673,4.0
Nov 2024,2616 - Precious metal ores and concentrates.,Total Imports,Rwanda,SADC,1306359649.0,0.0,50.0,50.0,26127192.457456157,4.0
Feb 2021,2504 - Natural graphite.,Total Imports,Uganda,European Union All Countries,52081.0,0.0,19000.0,19000.0,2.741105263013626,4.0
Feb 2025,2504 - Natural graphite.,Total Imports,Uganda,SADC,880.0,0.0,180.0,180.0,4.888888861728395,4.0
Jul 2023,2504 - Natural graphite.,Total Imports,Uganda,SADC,1250.0,0.0,270.0,5000.0,4.629629612482853,4.0
May 2021,2504 - Natural graphite.,Re-imports,Uganda,SADC,1500.0,0.0,13420.0,1342.0,0.1117734724208812,4.0
May 2021,2504 - Natural graphite.,Total Imports,Uganda,SADC,1500.0,0.0,13420.0,1342.0,0.1117734724208812,4.0
May 2023,2504 - Natural graphite.,Total Imports,Uganda,European Union All Countries,32509.0,0.0,5800.0,500.0,5.604999999033621,4.0
May 2025,2504 - Natural graphite.,Total Exports,Uganda,SADC,0.0,2473.0,400.0,400.0,6.182499984543751,4.0
Nov 2021,2504 - Natural graphite.,Total Imports,Uganda,European Union All Countries,29925.0,0.0,30.0,30.0,997.499966750001,4.0
Sep 2021,2504 - Natural graphite.,Total Imports,Uganda,SADC,770.0,0.0,100.0,100.0,7.699999923000001,4.0
Aug 2020,2603 - Copper ores and concentrates.,Total Imports,Uganda,SADC,1127.0,0.0,1520.0,1520.0,0.7414473679332583,4.0
Jan 2024,2603 - Copper ores and concentrates.,Total Imports,Uganda,SADC,10881.0,0.0,30.0,30.0,362.6999879100004,4.0
Jul 2021,2603 - Copper ores and concentrates.,Total Imports,Uganda,SADC,11878.0,0.0,234912.0,234912.0,0.0505636153110502,4.0
Aug 2023,2606 - Aluminium ores and concentrates.,Total Exports,Uganda,European Union All Countries,0.0,66767.0,15680.0,15680.0,4.258099489524356,4.0
Oct 2023,2606 - Aluminium ores and concentrates.,Total Exports,Uganda,European Union All Countries,0.0,2226.0,4610.0,4610.0,0.4828633404592487,4.0
Jun 2025,2607 - Lead ores and concentrates.,Total Imports,Uganda,SADC,630660.0,0.0,260600.0,260600.0,2.420030698379048,4.0
May 2024,2607 - Lead ores and concentrates.,Total Imports,Uganda,European Union All Countries,57599.0,0.0,20.0,20.0,2879.949856002507,4.0
Aug 2025,2608 - Zinc ores and concentrates.,Total Imports,Uganda,ASEAN,666600.0,0.0,240000.0,240000.0,2.777499999988427,4.0
Nov 2022,2608 - Zinc ores and concentrates.,Total Imports,Uganda,SADC,1000.0,0.0,600.0,600.0,1.666666663888889,4.0
Apr 2025,2504 - Natural graphite.,Total Exports,United Republic of Tanzania,European Union All Countries,0.0,130000.0,200000.0,200000.0,0.64999999999675,4.0
Aug 2020,2504 - Natural graphite.,Total Exports,United Republic of Tanzania,European Union All Countries,0.0,500.0,361.0,361.0,1.3850415474098572,4.0
Aug 2020,2504 - Natural graphite.,Total Imports,United Republic of Tanzania,European Union All Countries,37200.0,0.0,9200.0,9200.0,4.0434782604300565,4.0
Aug 2022,2504 - Natural graphite.,Total Exports,United Republic of Tanzania,SADC,0.0,2030000001.0,203.0,203.0,9999999.955665026,4.0
Dec 2021,2504 - Natural graphite.,Total Exports,United Republic of Tanzania,SADC,0.0,2000.0,3836.0,1918.0,0.5213764336492762,4.0
Dec 2022,2504 - Natural graphite.,Total Imports,United Republic of Tanzania,European Union All Countries,789392.0,0.0,60.0,60.0,13156.533114057782,4.0
Dec 2023,2504 - Natural graphite.,Total Exports,United Republic of Tanzania,ASEAN,0.0,2212257081.0,9317.0,9317.0,237443.0697394609,4.0
Dec 2023,2504 - Natural graphite.,Total Exports,United Republic of Tanzania,SADC,0.0,168626308.0,1222.0,1222.0,137992.06862684773,4.0
Feb 2024,2504 - Natural graphite.,Total Exports,United Republic of Tanzania,European Union All Countries,0.0,4564768676.0,3739.0,3739.0,1220852.814864709,4.0
Feb 2024,2504 - Natural graphite.,Total Exports,United Republic of Tanzania,SADC,0.0,50.0,171.0,171.0,0.2923976591087856,4.0
Jan 2021,2504 - Natural graphite.,Total Exports,United Republic of Tanzania,European Union All Countries,0.0,1000.0,1920.0,1920.0,0.5208333330620659,4.0
Jul 2020,2504 - Natural graphite.,Total Imports,United Republic of Tanzania,SADC,78220.0,0.0,160000.0,160000.0,0.4888749999969445,4.0
Jul 2023,2504 - Natural graphite.,Total Exports,United Republic of Tanzania,European Union All Countries,0.0,1000.0,32.0,32.0,31.24999902343753,4.0
Jul 2023,2504 - Natural graphite.,Total Exports,United Republic of Tanzania,SADC,0.0,1015.0,12.0,12.0,84.58332628472282,4.0
Jul 2024,2504 - Natural graphite.,Total Exports,United Republic of Tanzania,European Union All Countries,0.0,1438621.0,1930223.0,1930223.0,0.7453133653465194,4.0
Jul 2024,2504 - Natural graphite.,Total Exports,United Republic of Tanzania,SADC,0.0,2272925968.0,5040.0,5040.0,450977.37451369496,4.0
Jul 2025,2504 - Natural graphite.,Total Exports,United Republic of Tanzania,SADC,0.0,2063622336.0,5228411.0,5228411.0,394.6939779599586,4.0
Jun 2024,2504 - Natural graphite.,Total Exports,United Republic of Tanzania,ASEAN,0.0,2128527851.0,1422.0,1422.0,1496855.0277799894,4.0
Jun 2024,2504 - Natural graphite.,Total Exports,United Republic of Tanzania,SADC,0.0,100999999.0,100.0,100.0,1009999.9799000004,4.0
Jun 2025,2504 - Natural graphite.,Total Exports,United Republic of Tanzania,European Union All Countries,0.0,1000999997.0,9.0,9.0,111222209.5308656,4.0
Mar 2024,2504 - Natural graphite.,Total Exports,United Republic of Tanzania,SADC,0.0,7874392229.0,76522.0,76522.0,102903.63854704656,4.0
Mar 2025,2504 - Natural graphite.,Total Exports,United Republic of Tanzania,SADC,0.0,5075.0,143.0,143.0,35.4895102413321,4.0
May 2023,2504 - Natural graphite.,Total Exports,United Republic of Tanzania,SADC,0.0,50749999.0,15.0,15.0,3383333.0411111307,4.0
Nov 2022,2504 - Natural graphite.,Total Exports,United Republic of Tanzania,SADC,0.0,5075000016.0,75.0,75.0,67666665.9777778,4.0
Nov 2023,2504 - Natural graphite.,Total Exports,United Republic of Tanzania,SADC,0.0,1000.0,113.0,113.0,8.849557443809227,4.0
Nov 2024,2504 - Natural graphite.,Total Exports,United Republic of Tanzania,SADC,0.0,1522500011.0,31.0,31.0,49112901.996358,4.0
Oct 2025,2504 - Natural graphite.,Total Exports,United Republic of Tanzania,SADC,0.0,10.0,5.0,5.0,1.99999960000008,4.0
Sep 2021,2504 - Natural graphite.,Total Imports,United Republic of Tanzania,European Union All Countries,378320.0,0.0,25180.0,25180.0,15.02462271584493,4.0
Sep 2024,2504 - Natural graphite.,Total Exports,United Republic of Tanzania,SADC,0.0,5075000007.0,940.0,940.0,5398936.171916026,4.0
Apr 2022,2603 - Copper ores and concentrates.,Total Exports,United Republic of Tanzania,ASEAN,0.0,1818828323.0,21055100.0,21055100.0,86.38421679307692,4.0
Apr 2023,2603 - Copper ores and concentrates.,Total Exports,United Republic of Tanzania,ASEAN,0.0,1711697587.0,21714600.0,21714600.0,78.82703743103356,4.0
Apr 2023,2603 - Copper ores and concentrates.,Total Exports,United Republic of Tanzania,SADC,0.0,20.0,50.0,50.0,0.3999999920000002,4.0
Apr 2024,2603 - Copper ores and concentrates.,Total Exports,United Republic of Tanzania,ASEAN,0.0,4166304162.0,4601100.0,4601100.0,905.5017630564636,4.0
Apr 2024,2603 - Copper ores and concentrates.,Total Exports,United Republic of Tanzania,SADC,0.0,2429999999.0,1241236.0,1241236.0,1957.7260077842104,4.0
Apr 2025,2603 - Copper ores and concentrates.,Total Exports,United Republic of Tanzania,ASEAN,0.0,2131578909.0,18307100.0,18307100.0,116.4345477437652,4.0
Apr 2025,2603 - Copper ores and concentrates.,Total Exports,United Republic of Tanzania,SADC,0.0,2591999999.0,369.0,369.0,7024390.222156124,4.0
Aug 2022,2603 - Copper ores and concentrates.,Total Exports,United Republic of Tanzania,ASEAN,0.0,1086782041.0,16748100.0,16748100.0,64.88987055247671,4.0
Aug 2022,2603 - Copper ores and concentrates.,Total Exports,United Republic of Tanzania,European Union All Countries,0.0,520435303.0,8363100.0,8363100.0,62.22995097510944,4.0
Aug 2024,2603 - Copper ores and concentrates.,Total Exports,United Republic of Tanzania,SADC,0.0,1015000005.0,12.0,12.0,84583326.70138945,4.0
Aug 2025,2603 - Copper ores and concentrates.,Total Exports,United Republic of Tanzania,ASEAN,0.0,2501828921.0,22977200.0,22977200.0,108.8831067754074,4.0
Dec 2021,2603 - Copper ores and concentrates.,Total Exports,United Republic of Tanzania,ASEAN,0.0,347430263.0,4319000.0,4319000.0,80.44229289185449,4.0
Dec 2022,2603 - Copper ores and concentrates.,Total Exports,United Republic of Tanzania,ASEAN,0.0,1529357505.0,24609800.0,24609800.0,62.14424761680054,4.0
Dec 2022,2603 - Copper ores and concentrates.,Total Imports,United Republic of Tanzania,SADC,10040.0,0.0,200000.0,200000.0,0.050199999999749,4.0
Dec 2023,2603 - Copper ores and concentrates.,Total Exports,United Republic of Tanzania,ASEAN,0.0,8363504824.0,13370900.0,13370900.0,625.5005141014722,4.0
Dec 2023,2603 - Copper ores and concentrates.,Total Exports,United Republic of Tanzania,European Union All Countries,0.0,3099097428.0,4511800.0,4511800.0,686.8871465932251,4.0
Feb 2022,2603 - Copper ores and concentrates.,Total Exports,United Republic of Tanzania,ASEAN,0.0,1734648465.0,18470300.0,18470300.0,93.91555443062138,4.0
Feb 2022,2603 - Copper ores and concentrates.,Total Exports,United Republic of Tanzania,European Union All Countries,0.0,1000.0,114.0,114.0,8.771929747614651,4.0
Feb 2023,2603 - Copper ores and concentrates.,Total Exports,United Republic of Tanzania,ASEAN,0.0,1253456842.0,12678700.0,12678700.0,98.86319906614251,4.0
Feb 2025,2603 - Copper ores and concentrates.,Total Exports,United Republic of Tanzania,ASEAN,0.0,1400689133.0,13624000.0,13624000.0,102.81041786552387,4.0
Feb 2025,2603 - Copper ores and concentrates.,Total Exports,United Republic of Tanzania,European Union All Countries,0.0,1014999989.0,5.0,5.0,202999957.2000085,4.0
Feb 2025,2603 - Copper ores and concentrates.,Total Exports,United Republic of Tanzania,SADC,0.0,1014999982.0,17.0,17.0,59705877.78200719,4.0
Feb 2025,2603 - Copper ores and concentrates.,Total Imports,United Republic of Tanzania,SADC,20402.0,0.0,26290.0,26290.0,0.7760365157559515,4.0
Jan 2022,2603 - Copper ores and concentrates.,Total Exports,United Republic of Tanzania,ASEAN,0.0,1152045121.0,18510500.0,18510500.0,62.237385321841,4.0
Jan 2022,2603 - Copper ores and concentrates.,Total Exports,United Republic of Tanzania,European Union All Countries,0.0,300.0,31409.0,30.0,0.0095514024639577,4.0
Jan 2022,2603 - Copper ores and concentrates.,Total Exports,United Republic of Tanzania,SADC,0.0,10.0,344.0,30.0,0.0290697673573553,4.0
Jan 2023,2603 - Copper ores and concentrates.,Total Exports,United Republic of Tanzania,ASEAN,0.0,1443921407.0,20910600.0,20910600.0,69.05212700735183,4.0
Jan 2025,2603 - Copper ores and concentrates.,Total Exports,United Republic of Tanzania,ASEAN,0.0,1218302857.0,12405400.0,12405400.0,98.2074626372307,4.0
Jan 2025,2603 - Copper ores and concentrates.,Total Exports,United Republic of Tanzania,SADC,0.0,43846.0,17065.0,17065.0,2.569352475677155,4.0
Jul 2022,2603 - Copper ores and concentrates.,Total Exports,United Republic of Tanzania,ASEAN,0.0,1052123226.0,12738300.0,12738300.0,82.59526200512764,4.0
Jul 2022,2603 - Copper ores and concentrates.,Total Exports,United Republic of Tanzania,European Union All Countries,0.0,924573783.0,12936100.0,12936100.0,71.47237444051365,4.0
Jul 2023,2603 - Copper ores and concentrates.,Total Exports,United Republic of Tanzania,ASEAN,0.0,1250215132.0,15959700.0,15959700.0,78.3357539302068,4.0
Jul 2023,2603 - Copper ores and concentrates.,Total Exports,United Republic of Tanzania,European Union All Countries,0.0,1806783508.0,2193900.0,2193900.0,823.5487068686707,4.0
Jul 2023,2603 - Copper ores and concentrates.,Total Exports,United Republic of Tanzania,SADC,0.0,20.0,5.0,5.0,3.99999920000016,4.0
Jul 2025,2603 - Copper ores and concentrates.,Total Exports,United Republic of Tanzania,ASEAN,0.0,155186300.0,13542300.0,13542300.0,11.459375438440189,4.0
Jun 2022,2603 - Copper ores and concentrates.,Total Exports,United Republic of Tanzania,ASEAN,0.0,1292119085.0,17290300.0,17290300.0,74.73086557202161,4.0
Jun 2023,2603 - Copper ores and concentrates.,Total Exports,United Republic of Tanzania,ASEAN,0.0,9778062363.0,11869600.0,11869600.0,823.7903857753569,4.0
Jun 2023,2603 - Copper ores and concentrates.,Total Exports,United Republic of Tanzania,European Union All Countries,0.0,1120126106.0,12878300.0,12878300.0,86.97779256578221,4.0
Jun 2023,2603 - Copper ores and concentrates.,Total Exports,United Republic of Tanzania,SADC,0.0,230.0,55.0,55.0,4.181818105785125,4.0
Jun 2024,2603 - Copper ores and concentrates.,Total Imports,United Republic of Tanzania,SADC,6060.0,0.0,8860.0,8860.0,0.6839729118866847,4.0
Jun 2025,2603 - Copper ores and concentrates.,Total Exports,United Republic of Tanzania,ASEAN,0.0,1908272191.0,18147000.0,18147000.0,105.15634490548824,4.0
Jun 2025,2603 - Copper ores and concentrates.,Total Imports,United Republic of Tanzania,SADC,2020.0,0.0,2910.0,2910.0,0.6941580753628322,4.0
Mar 2022,2603 - Copper ores and concentrates.,Total Exports,United Republic of Tanzania,ASEAN,0.0,202085877.0,21205650.0,21205650.0,9.529812903636085,4.0
Mar 2023,2603 - Copper ores and concentrates.,Total Exports,United Republic of Tanzania,ASEAN,0.0,2010224198.0,18919000.0,18919000.0,106.25425223319913,4.0
Mar 2024,2603 - Copper ores and concentrates.,Total Exports,United Republic of Tanzania,SADC,0.0,147523.0,108839.0,108839.0,1.3554240667283288,4.0
Mar 2025,2603 - Copper ores and concentrates.,Total Exports,United Republic of Tanzania,ASEAN,0.0,2821503937.0,22364400.0,22364400.0,126.16050227146152,4.0
May 2022,2603 - Copper ores and concentrates.,Total Exports,United Republic of Tanzania,ASEAN,0.0,3029828249.0,4295300.0,4295300.0,705.3822198680638,4.0
May 2022,2603 - Copper ores and concentrates.,Total Exports,United Republic of Tanzania,European Union All Countries,0.0,5619791669.0,8572700.0,8572700.0,655.545122190132,4.0
May 2022,2603 - Copper ores and concentrates.,Total Exports,United Republic of Tanzania,SADC,0.0,81000.0,270000.0,270000.0,0.2999999999988889,4.0
May 2023,2603 - Copper ores and concentrates.,Total Exports,United Republic of Tanzania,ASEAN,0.0,1421355108.0,17294200.0,17294200.0,82.18680875668825,4.0
May 2025,2603 - Copper ores and concentrates.,Total Exports,United Republic of Tanzania,ASEAN,0.0,2755608728.0,22599100.0,22599100.0,121.93444553101132,4.0
May 2025,2603 - Copper ores and concentrates.,Total Imports,United Republic of Tanzania,SADC,6262.0,0.0,9340.0,9340.0,0.6704496787290739,4.0
Nov 2022,2603 - Copper ores and concentrates.,Total Exports,United Republic of Tanzania,ASEAN,0.0,1931723195.0,32877450.0,32877450.0,58.75526219338609,4.0
Nov 2022,2603 - Copper ores and concentrates.,Total Imports,United Republic of Tanzania,SADC,47975.0,0.0,300000.0,300000.0,0.1599166666661336,4.0
Nov 2023,2603 - Copper ores and concentrates.,Total Exports,United Republic of Tanzania,ASEAN,0.0,1106340322.0,13143000.0,13143000.0,84.17715300920001,4.0
Nov 2024,2603 - Copper ores and concentrates.,Total Exports,United Republic of Tanzania,SADC,0.0,370.0,183.0,183.0,2.021857912448864,4.0
Oct 2020,2603 - Copper ores and concentrates.,Total Exports,United Republic of Tanzania,SADC,0.0,7489331341.0,20000.0,20000.0,374466.5670312767,4.0
Oct 2022,2603 - Copper ores and concentrates.,Total Exports,United Republic of Tanzania,ASEAN,0.0,5154687236.0,8038400.0,8038400.0,641.2578667395699,4.0
Oct 2022,2603 - Copper ores and concentrates.,Total Exports,United Republic of Tanzania,SADC,0.0,1015000017.0,3.0,3.0,338333226.2222579,4.0
Oct 2023,2603 - Copper ores and concentrates.,Total Exports,United Republic of Tanzania,ASEAN,0.0,8075913595.0,8530400.0,8530400.0,946.7215599501844,4.0
Oct 2023,2603 - Copper ores and concentrates.,Total Exports,United Republic of Tanzania,European Union All Countries,0.0,4220009631.0,4202200.0,4202200.0,1004.238168340154,4.0
Oct 2023,2603 - Copper ores and concentrates.,Total Exports,United Republic of Tanzania,SADC,0.0,2014999985.0,38.0,38.0,53026313.99930753,4.0
Oct 2025,2603 - Copper ores and concentrates.,Total Exports,United Republic of Tanzania,ASEAN,0.0,2308250778.0,19693400.0,19693400.0,117.20935836370982,4.0
Oct 2025,2603 - Copper ores and concentrates.,Total Imports,United Republic of Tanzania,SADC,55954.0,0.0,280500.0,280500.0,0.1994795008905544,4.0
Sep 2020,2603 - Copper ores and concentrates.,Total Exports,United Republic of Tanzania,SADC,0.0,1000.0,1657.0,1657.0,0.6035003013859382,4.0
Sep 2021,2603 - Copper ores and concentrates.,Total Exports,United Republic of Tanzania,SADC,0.0,1000.0,177.0,177.0,5.649717482204986,4.0
Sep 2021,2603 - Copper ores and concentrates.,Total Imports,United Republic of Tanzania,SADC,10.0,0.0,0.0,0.0,10000000.0,4.0
Sep 2022,2603 - Copper ores and concentrates.,Total Exports,United Republic of Tanzania,ASEAN,0.0,1570522195.0,20784200.0,20784200.0,75.56327378489067,4.0
Sep 2023,2603 - Copper ores and concentrates.,Total Exports,United Republic of Tanzania,ASEAN,0.0,70000.0,1000000.0,1000000.0,0.06999999999993,4.0
Sep 2023,2603 - Copper ores and concentrates.,Total Exports,United Republic of Tanzania,European Union All Countries,0.0,8897133336.0,12824605.0,12824605.0,693.7549605620841,4.0
Sep 2023,2603 - Copper ores and concentrates.,Total Exports,United Republic of Tanzania,SADC,0.0,1100000012.0,5.0,5.0,219999958.40000832,4.0
Sep 2025,2603 - Copper ores and concentrates.,Total Exports,United Republic of Tanzania,ASEAN,0.0,2548061871.0,27429800.0,27429800.0,92.89392817300552,4.0
Apr 2023,2604 - Nickel ores and concentrates.,Total Exports,United Republic of Tanzania,SADC,0.0,50.0,39.0,39.0,1.2820512491781733,4.0
Dec 2021,2604 - Nickel ores and concentrates.,Total Exports,United Republic of Tanzania,European Union All Countries,0.0,1110.0,25.0,25.0,44.39999822400007,4.0
Dec 2021,2604 - Nickel ores and concentrates.,Total Exports,United Republic of Tanzania,SADC,0.0,1000.0,7862.0,7862.0,0.1271940981776654,4.0
Dec 2022,2604 - Nickel ores and concentrates.,Total Exports,United Republic of Tanzania,SADC,0.0,22939.0,19.0,19.0,1207.3157259307511,4.0
Feb 2025,2604 - Nickel ores and concentrates.,Total Exports,United Republic of Tanzania,European Union All Countries,0.0,1015000019.0,10.0,10.0,101499991.75000083,4.0
Jan 2022,2604 - Nickel ores and concentrates.,Total Exports,United Republic of Tanzania,SADC,0.0,1000.0,2.0,0.0,499.99975000012495,4.0
Jul 2023,2604 - Nickel ores and concentrates.,Total Exports,United Republic of Tanzania,European Union All Countries,0.0,40.0,13.0,13.0,3.076922840236705,4.0
May 2022,2604 - Nickel ores and concentrates.,Total Exports,United Republic of Tanzania,European Union All Countries,0.0,1000.0,16.0,16.0,62.49999609375024,4.0
May 2022,2604 - Nickel ores and concentrates.,Total Exports,United Republic of Tanzania,SADC,0.0,29000.0,290000.0,290000.0,0.0999999999996551,4.0
Oct 2021,2604 - Nickel ores and concentrates.,Total Exports,United Republic of Tanzania,ASEAN,0.0,359999984.0,30.0,30.0,11999999.066666698,4.0
Jul 2024,2606 - Aluminium ores and concentrates.,Total Exports,United Republic of Tanzania,European Union All Countries,0.0,5099999985.0,13.0,13.0,392307660.9763338,4.0
May 2022,2606 - Aluminium ores and concentrates.,Total Exports,United Republic of Tanzania,SADC,0.0,4254403465.0,9000000.0,9000000.0,472.7114961110586,4.0
Oct 2020,2606 - Aluminium ores and concentrates.,Total Exports,United Republic of Tanzania,European Union All Countries,0.0,30.0,134.0,134.0,0.2238805953441746,4.0
Apr 2022,2607 - Lead ores and concentrates.,Total Imports,United Republic of Tanzania,SADC,151500.0,0.0,530000.0,530000.0,0.2858490566032342,4.0
Jul 2020,2607 - Lead ores and concentrates.,Total Exports,United Republic of Tanzania,European Union All Countries,0.0,1000.0,10.0,10.0,99.999990000001,4.0
May 2021,2607 - Lead ores and concentrates.,Total Exports,United Republic of Tanzania,European Union All Countries,0.0,4229072.0,500000.0,250000.0,8.458143999983083,4.0
Jul 2020,2608 - Zinc ores and concentrates.,Total Exports,United Republic of Tanzania,SADC,0.0,1000.0,30.0,30.0,33.33333222222226,4.0
May 2024,2608 - Zinc ores and concentrates.,Total Exports,United Republic of Tanzania,ASEAN,0.0,37500.0,250000.0,250000.0,0.1499999999994,4.0
Apr 2021,2609 - Tin ores and concentrates.,Total Exports,United Republic of Tanzania,SADC,0.0,2611569208.0,9240.0,9240.0,282637.3601425717,4.0
Aug 2025,2609 - Tin ores and concentrates.,Total Exports,United Republic of Tanzania,European Union All Countries,0.0,2247471868.0,105000.0,105000.0,21404.49398074853,4.0
Feb 2024,2609 - Tin ores and concentrates.,Total Imports,United Republic of Tanzania,SADC,2441837636.0,0.0,1100.0,1100.0,2219852.3943455885,4.0
Jul 2025,2609 - Tin ores and concentrates.,Total Exports,United Republic of Tanzania,European Union All Countries,0.0,4702250955.0,210000.0,210000.0,22391.671214179085,4.0
May 2022,2609 - Tin ores and concentrates.,Total Exports,United Republic of Tanzania,European Union All Countries,0.0,5650558715.0,258440.0,258440.0,21864.10275103752,4.0
May 2022,2609 - Tin ores and concentrates.,Total Exports,United Republic of Tanzania,SADC,0.0,2428260141.0,96000.0,96000.0,25294.37646848652,4.0
Oct 2020,2609 - Tin ores and concentrates.,Total Exports,United Republic of Tanzania,SADC,0.0,1180756742.0,1000325.0,1000325.0,1180.3731207345809,4.0
Apr 2025,2614 - Titanium ores and concentrates.,Total Exports,United Republic of Tanzania,ASEAN,0.0,184010.0,460000.0,460000.0,0.4000217391295652,4.0
Feb 2024,2614 - Titanium ores and concentrates.,Total Exports,United Republic of Tanzania,SADC,0.0,1000.0,176.0,176.0,5.6818181495351245,4.0
Jan 2024,2614 - Titanium ores and concentrates.,Total Imports,United Republic of Tanzania,European Union All Countries,6139385371.0,0.0,32.0,32.0,191855786.84825668,4.0
Jun 2022,2614 - Titanium ores and concentrates.,Total Exports,United Republic of Tanzania,SADC,0.0,1000.0,314.0,314.0,3.184713365653779,4.0
Mar 2025,2614 - Titanium ores and concentrates.,Total Imports,United Republic of Tanzania,SADC,6006257306.0,0.0,396.0,396.0,15167316.390991624,4.0
Apr 2020,2616 - Precious metal ores and concentrates.,Total Exports,United Republic of Tanzania,ASEAN,0.0,4001873572.0,44991750.0,44991750.0,88.94683074118947,4.0
Apr 2020,2616 - Precious metal ores and concentrates.,Total Exports,United Republic of Tanzania,European Union All Countries,0.0,457940146.0,51370350.0,51370350.0,8.914483666161338,4.0
Aug 2020,2616 - Precious metal ores and concentrates.,Total Exports,United Republic of Tanzania,European Union All Countries,0.0,810836825.0,7709000.0,7709000.0,105.1805454663244,4.0
Aug 2021,2616 - Precious metal ores and concentrates.,Total Exports,United Republic of Tanzania,ASEAN,0.0,1691702137.0,21417250.0,21417250.0,78.98783163104139,4.0
Aug 2022,2616 - Precious metal ores and concentrates.,Total Exports,United Republic of Tanzania,European Union All Countries,0.0,1000.0,98.0,98.0,10.20408152852978,4.0
Dec 2021,2616 - Precious metal ores and concentrates.,Total Exports,United Republic of Tanzania,ASEAN,0.0,1704230259.0,20129000.0,20129000.0,84.66542098464481,4.0
Dec 2021,2616 - Precious metal ores and concentrates.,Total Exports,United Republic of Tanzania,European Union All Countries,0.0,62462867.0,8738200.0,8738200.0,7.148253301594476,4.0
Jan 2020,2616 - Precious metal ores and concentrates.,Total Exports,United Republic of Tanzania,SADC,0.0,16667.0,9215.0,9215.0,1.8086814973620529,4.0
Jul 2020,2616 - Precious metal ores and concentrates.,Total Exports,United Republic of Tanzania,European Union All Countries,0.0,1073424560.0,117203450.0,117203450.0,9.15864302629309,4.0
Jul 2020,2616 - Precious metal ores and concentrates.,Total Exports,United Republic of Tanzania,SADC,0.0,1000.0,36417.0,36417.0,0.0274597028852607,4.0
Jun 2021,2616 - Precious metal ores and concentrates.,Total Exports,United Republic of Tanzania,ASEAN,0.0,441827846.0,4220000.0,4220000.0,104.69854170613633,4.0
Mar 2023,2616 - Precious metal ores and concentrates.,Total Exports,United Republic of Tanzania,ASEAN,0.0,16000.0,200000.0,200000.0,0.0799999999996,4.0
May 2020,2616 - Precious metal ores and concentrates.,Total Exports,United Republic of Tanzania,European Union All Countries,0.0,1234558834.0,141410800.0,141410800.0,8.730300896395404,4.0
May 2020,2616 - Precious metal ores and concentrates.,Total Exports,United Republic of Tanzania,SADC,0.0,1381958.0,8190.0,8190.0,168.73724051663768,4.0
May 2021,2616 - Precious metal ores and concentrates.,Total Exports,United Republic of Tanzania,ASEAN,0.0,195674250.0,21048200.0,21048200.0,9.296483784836267,4.0
May 2021,2616 - Precious metal ores and concentrates.,Total Exports,United Republic of Tanzania,European Union All Countries,0.0,1000.0,12438.0,12438.0,0.0803987779321113,4.0
May 2021,2616 - Precious metal ores and concentrates.,Total Exports,United Republic of Tanzania,SADC,0.0,3488.0,3488.0,3488.0,0.9999999997133028,4.0
Nov 2020,2616 - Precious metal ores and concentrates.,Total Exports,United Republic of Tanzania,European Union All Countries,0.0,1938476719.0,208600.0,208600.0,9292.793475506744,4.0
Nov 2020,2616 - Precious metal ores and concentrates.,Total Imports,United Republic of Tanzania,SADC,232010.0,0.0,0.0,0.0,232010000000.0,4.0
Nov 2021,2616 - Precious metal ores and concentrates.,Total Exports,United Republic of Tanzania,ASEAN,0.0,1166174997.0,16873600.0,16873600.0,69.11240025838772,4.0
Oct 2021,2616 - Precious metal ores and concentrates.,Total Exports,United Republic of Tanzania,ASEAN,0.0,62690810.0,8673400.0,8673400.0,7.227939447044155,4.0
Oct 2021,2616 - Precious metal ores and concentrates.,Total Exports,United Republic of Tanzania,European Union All Countries,0.0,597086137.0,8601300.0,8601300.0,69.41812714356325,4.0
Oct 2025,2616 - Precious metal ores and concentrates.,Total Imports,United Republic of Tanzania,SADC,253436167.0,0.0,50514.0,50514.0,5017.147068040204,4.0
Sep 2020,2616 - Precious metal ores and concentrates.,Total Imports,United Republic of Tanzania,European Union All Countries,180.0,0.0,30.0,30.0,5.999999800000007,4.0
Sep 2021,2616 - Precious metal ores and concentrates.,Total Exports,United Republic of Tanzania,ASEAN,0.0,1277350878.0,16919800.0,16919800.0,75.49444307851893,4.0
"Apr 2020,""7106 - Silver (including silver plated with gold or platinum), unwrought or in semi-manufactured forms, or in powder form."",Total Imports,DR Congo,SADC,24123996.0,0.0,280.0,10.0,86157.12826372455,4,,,,,,,,,,"
"Apr 2020,""7108 - Gold (including gold plated with platinum) unwrought or in semi-manufactured forms, or in powder form."",Total Exports,United Republic of Tanzania,SADC,0.0,9447890421.0,2020435.0,2020435.0,4676.166479493438,4,,,,,,,,,,"
"Apr 2020,""7108 - Gold (including gold plated with platinum) unwrought or in semi-manufactured forms, or in powder form."",Total Imports,Rwanda,SADC,1374688926.0,0.0,260.0,260000.0,5287265.079664365,4,,,,,,,,,,"
"Apr 2020,""7108 - Gold (including gold plated with platinum) unwrought or in semi-manufactured forms, or in powder form."",Total Imports,Uganda,SADC,1494942591.0,0.0,2920.0,2942330.0,511966.64057809365,4,,,,,,,,,,"
"Apr 2021,""7108 - Gold (including gold plated with platinum) unwrought or in semi-manufactured forms, or in powder form."",Total Exports,Kenya,SADC,0.0,1390073681.0,32230.0,32230000.0,43129.80704178933,4,,,,,,,,,,"
"Apr 2021,""7108 - Gold (including gold plated with platinum) unwrought or in semi-manufactured forms, or in powder form."",Total Exports,United Republic of Tanzania,SADC,0.0,7132008967.0,144143.0,144143.0,49478.70494543974,4,,,,,,,,,,"
"Apr 2021,""7108 - Gold (including gold plated with platinum) unwrought or in semi-manufactured forms, or in powder form."",Total Imports,Rwanda,SADC,1724928863.0,0.0,2970.0,2970000.0,580784.1287606788,4,,,,,,,,,,"
"Apr 2021,""7108 - Gold (including gold plated with platinum) unwrought or in semi-manufactured forms, or in powder form."",Total Imports,Uganda,SADC,1220513262.0,0.0,127030.0,24194390.0,9608.071022517452,4,,,,,,,,,,"
"Apr 2022,""7106 - Silver (including silver plated with gold or platinum), unwrought or in semi-manufactured forms, or in powder form."",Total Imports,Kenya,European Union All Countries,8023371928.0,0.0,200.0,200000.0,40116859.4394157,4,,,,,,,,,,"
"Apr 2022,""7108 - Gold (including gold plated with platinum) unwrought or in semi-manufactured forms, or in powder form."",Total Exports,DR Congo,ASEAN,0.0,19902111.0,380640.0,5856.0,52.285915825839936,4,,,,,,,,,,"
"Apr 2022,""7108 - Gold (including gold plated with platinum) unwrought or in semi-manufactured forms, or in powder form."",Total Exports,United Republic of Tanzania,European Union All Countries,0.0,560624013.0,9.0,9.0,62291550.078716666,4,,,,,,,,,,"
"Apr 2022,""7108 - Gold (including gold plated with platinum) unwrought or in semi-manufactured forms, or in powder form."",Total Exports,United Republic of Tanzania,SADC,0.0,7344586738.0,133638.0,133638.0,54958.819631729304,4,,,,,,,,,,"
"Apr 2022,""7108 - Gold (including gold plated with platinum) unwrought or in semi-manufactured forms, or in powder form."",Total Imports,Kenya,SADC,883892069.0,0.0,58.0,5800.0,15239518.16828417,4,,,,,,,,,,"
"Apr 2022,""7108 - Gold (including gold plated with platinum) unwrought or in semi-manufactured forms, or in powder form."",Total Imports,Rwanda,SADC,4855214108.0,0.0,820.0,820000.0,5920992.807413423,4,,,,,,,,,,"
"Apr 2023,""2601 - Iron ores and concentrates, including roasted iron pyrites."",Total Imports,Uganda,SADC,14332.0,0.0,20.0,5550.0,716.5999641700017,4,,,,,,,,,,"
"Apr 2023,""7108 - Gold (including gold plated with platinum) unwrought or in semi-manufactured forms, or in powder form."",Total Exports,United Republic of Tanzania,ASEAN,0.0,414867.0,3503897.0,3503897.0,0.11840159685055857,4,,,,,,,,,,"
"Apr 2023,""7108 - Gold (including gold plated with platinum) unwrought or in semi-manufactured forms, or in powder form."",Total Exports,United Republic of Tanzania,SADC,0.0,5849044293.0,1075356.0,1075356.0,5439.1701845663765,4,,,,,,,,,,"
"Apr 2023,""7108 - Gold (including gold plated with platinum) unwrought or in semi-manufactured forms, or in powder form."",Total Imports,Rwanda,SADC,3261277465.0,0.0,4990.0,4990000.0,653562.6181054984,4,,,,,,,,,,"
"Apr 2023,""7108 - Gold (including gold plated with platinum) unwrought or in semi-manufactured forms, or in powder form."",Total Imports,Uganda,SADC,4965299975.0,0.0,85414.0,77310.0,58132.156027605175,4,,,,,,,,,,"
"Apr 2023,""7111 - Base metals, silver or gold,clad with platinum, not further worked than semi-manufactured."",Total Imports,Kenya,ASEAN,3016693228.0,0.0,1.0,1000.0,3016690211.3097887,4,,,,,,,,,,"
"Apr 2024,""7106 - Silver (including silver plated with gold or platinum), unwrought or in semi-manufactured forms, or in powder form."",Total Exports,Uganda,European Union All Countries,0.0,900766.0,340.0,340000.0,2649.311756913789,4,,,,,,,,,,"
"Apr 2024,""7106 - Silver (including silver plated with gold or platinum), unwrought or in semi-manufactured forms, or in powder form."",Total Exports,United Republic of Tanzania,European Union All Countries,0.0,26730.0,3005.0,3005.0,8.895174705858512,4,,,,,,,,,,"
"Apr 2024,""7106 - Silver (including silver plated with gold or platinum), unwrought or in semi-manufactured forms, or in powder form."",Total Imports,Kenya,European Union All Countries,8063791138.0,0.0,43.0,4300.0,187530022.10395297,4,,,,,,,,,,"
"Apr 2024,""7108 - Gold (including gold plated with platinum) unwrought or in semi-manufactured forms, or in powder form."",Total Exports,Kenya,SADC,0.0,2207444151.0,380046.0,380046.0,5808.360437931702,4,,,,,,,,,,"
"Apr 2024,""7108 - Gold (including gold plated with platinum) unwrought or in semi-manufactured forms, or in powder form."",Total Exports,United Republic of Tanzania,ASEAN,0.0,6309177821.0,1004.0,1004.0,6284041.648123465,4,,,,,,,,,,"
"Apr 2024,""7108 - Gold (including gold plated with platinum) unwrought or in semi-manufactured forms, or in powder form."",Total Exports,United Republic of Tanzania,European Union All Countries,0.0,7270285.0,9984.0,9984.0,728.193609702705,4,,,,,,,,,,"
"Apr 2024,""7108 - Gold (including gold plated with platinum) unwrought or in semi-manufactured forms, or in powder form."",Total Exports,United Republic of Tanzania,SADC,0.0,1291771229.0,21236798.0,21236798.0,60.827024347076204,4,,,,,,,,,,"
"Apr 2024,""7108 - Gold (including gold plated with platinum) unwrought or in semi-manufactured forms, or in powder form."",Total Imports,Kenya,European Union All Countries,5316394315.0,0.0,67.0,6700.0,79349167.69628108,4,,,,,,,,,,"
"Apr 2024,""7108 - Gold (including gold plated with platinum) unwrought or in semi-manufactured forms, or in powder form."",Total Imports,Rwanda,SADC,3835213135.0,0.0,5000.0,5000000.0,767042.6268465915,4,,,,,,,,,,"
"Apr 2024,""7108 - Gold (including gold plated with platinum) unwrought or in semi-manufactured forms, or in powder form."",Total Imports,Uganda,SADC,1648200909.0,0.0,259997.0,260195183.0,6339.307411214978,4,,,,,,,,,,"
"Apr 2025,""2601 - Iron ores and concentrates, including roasted iron pyrites."",Total Imports,Uganda,SADC,150130.0,0.0,35770.0,35770.0,4.197092535527059,4,,,,,,,,,,"
"Apr 2025,""7108 - Gold (including gold plated with platinum) unwrought or in semi-manufactured forms, or in powder form."",Total Exports,DR Congo,SADC,0.0,2032284798.0,19690.0,26931.5,103214.05779059349,4,,,,,,,,,,"
"Apr 2025,""7108 - Gold (including gold plated with platinum) unwrought or in semi-manufactured forms, or in powder form."",Total Exports,Kenya,SADC,0.0,2525806115.0,294856.0,294856.0,8566.236111835722,4,,,,,,,,,,"
"Apr 2025,""7108 - Gold (including gold plated with platinum) unwrought or in semi-manufactured forms, or in powder form."",Total Exports,United Republic of Tanzania,ASEAN,0.0,796730402.0,85005.0,85005.0,9372.7475088598,4,,,,,,,,,,"
"Apr 2025,""7108 - Gold (including gold plated with platinum) unwrought or in semi-manufactured forms, or in powder form."",Total Exports,United Republic of Tanzania,European Union All Countries,0.0,10.0,16.0,16.0,0.6249999609375024,4,,,,,,,,,,"
"Apr 2025,""7108 - Gold (including gold plated with platinum) unwrought or in semi-manufactured forms, or in powder form."",Total Exports,United Republic of Tanzania,SADC,0.0,1853279234.0,23844219.0,23844219.0,77.72446788883806,4,,,,,,,,,,"
"Apr 2025,""7108 - Gold (including gold plated with platinum) unwrought or in semi-manufactured forms, or in powder form."",Total Imports,Uganda,SADC,2878844676.0,0.0,340527.0,332285442.0,8454.086389600665,4,,,,,,,,,,"
"Apr 2025,""7111 - Base metals, silver or gold,clad with platinum, not further worked than semi-manufactured."",Total Imports,United Republic of Tanzania,ASEAN,5008928585.0,0.0,100.0,100.0,50089285.349107146,4,,,,,,,,,,"
"Aug 2020,""7108 - Gold (including gold plated with platinum) unwrought or in semi-manufactured forms, or in powder form."",Total Exports,United Republic of Tanzania,SADC,0.0,1089401015.0,196392.0,196392.0,5547.074295258732,4,,,,,,,,,,"
"Aug 2020,""7108 - Gold (including gold plated with platinum) unwrought or in semi-manufactured forms, or in powder form."",Total Imports,Rwanda,SADC,7590744057.0,0.0,129973.0,12930000.0,58402.468643038155,4,,,,,,,,,,"
"Aug 2020,""7108 - Gold (including gold plated with platinum) unwrought or in semi-manufactured forms, or in powder form."",Total Imports,Uganda,SADC,1316863266.0,0.0,242075.0,24278330.0,5439.897825031747,4,,,,,,,,,,"
"Aug 2021,""7108 - Gold (including gold plated with platinum) unwrought or in semi-manufactured forms, or in powder form."",Total Exports,DR Congo,ASEAN,0.0,53535808.0,254000.0,23546.0,210.77089763696546,4,,,,,,,,,,"
"Aug 2021,""7108 - Gold (including gold plated with platinum) unwrought or in semi-manufactured forms, or in powder form."",Total Exports,Kenya,SADC,0.0,6012893089.0,42200.0,42200.0,142485.61821937238,4,,,,,,,,,,"
"Aug 2021,""7108 - Gold (including gold plated with platinum) unwrought or in semi-manufactured forms, or in powder form."",Total Exports,United Republic of Tanzania,SADC,0.0,7520115869.0,1513385.0,1513385.0,4969.069912147293,4,,,,,,,,,,"
"Aug 2021,""7108 - Gold (including gold plated with platinum) unwrought or in semi-manufactured forms, or in powder form."",Total Imports,Rwanda,SADC,3278433749.0,0.0,5660.0,5660060.0,579228.5774595002,4,,,,,,,,,,"
"Aug 2021,""7110 - Platinum, unwrought or in semi-manufactured forms, or in powder form."",Total Imports,Kenya,European Union All Countries,265689443.0,0.0,10.0,10000.0,26568941.64310584,4,,,,,,,,,,"
"Aug 2022,""7108 - Gold (including gold plated with platinum) unwrought or in semi-manufactured forms, or in powder form."",Total Exports,Kenya,SADC,0.0,1691054441.0,366613.0,366613.0,4612.6417802843525,4,,,,,,,,,,"
"Aug 2022,""7108 - Gold (including gold plated with platinum) unwrought or in semi-manufactured forms, or in powder form."",Total Exports,United Republic of Tanzania,SADC,0.0,1015806816.0,2047469.0,2047469.0,496.12805663944306,4,,,,,,,,,,"
"Aug 2022,""7108 - Gold (including gold plated with platinum) unwrought or in semi-manufactured forms, or in powder form."",Total Imports,Rwanda,SADC,3462410193.0,0.0,6170.0,6170000.0,561168.5887259046,4,,,,,,,,,,"
"Aug 2022,""7108 - Gold (including gold plated with platinum) unwrought or in semi-manufactured forms, or in powder form."",Total Imports,Uganda,SADC,1710269491.0,0.0,332422.0,33248880.0,5144.8745600316915,4,,,,,,,,,,"
"Aug 2023,""7108 - Gold (including gold plated with platinum) unwrought or in semi-manufactured forms, or in powder form."",Total Exports,Kenya,SADC,0.0,5497936203.0,1077111.0,1077111.0,5104.335767618097,4,,,,,,,,,,"
"Aug 2023,""7108 - Gold (including gold plated with platinum) unwrought or in semi-manufactured forms, or in powder form."",Total Exports,United Republic of Tanzania,European Union All Countries,0.0,77238.0,105.0,105.0,735.5999929942858,4,,,,,,,,,,"
"Aug 2023,""7108 - Gold (including gold plated with platinum) unwrought or in semi-manufactured forms, or in powder form."",Total Exports,United Republic of Tanzania,SADC,0.0,9297472078.0,175668.0,175968.0,52926.38430418217,4,,,,,,,,,,"
"Aug 2023,""7108 - Gold (including gold plated with platinum) unwrought or in semi-manufactured forms, or in powder form."",Total Imports,Rwanda,SADC,4925104302.0,0.0,8060.0,8060000.0,611055.1242418046,4,,,,,,,,,,"
"Aug 2023,""7108 - Gold (including gold plated with platinum) unwrought or in semi-manufactured forms, or in powder form."",Total Imports,Uganda,SADC,1927432965.0,0.0,316214.0,57160.0,6095.343548969699,4,,,,,,,,,,"
"Aug 2024,""7108 - Gold (including gold plated with platinum) unwrought or in semi-manufactured forms, or in powder form."",Total Exports,Kenya,SADC,0.0,2060103116.0,314666.0,310000.0,6546.951739283726,4,,,,,,,,,,"
"Aug 2024,""7108 - Gold (including gold plated with platinum) unwrought or in semi-manufactured forms, or in powder form."",Total Exports,United Republic of Tanzania,SADC,0.0,1861970565.0,30928219.0,30928219.0,60.20296755529117,4,,,,,,,,,,"
"Aug 2024,""7108 - Gold (including gold plated with platinum) unwrought or in semi-manufactured forms, or in powder form."",Total Imports,Uganda,SADC,1616005169.0,0.0,228643.0,22864300.0,7067.809506492357,4,,,,,,,,,,"
"Aug 2025,""2601 - Iron ores and concentrates, including roasted iron pyrites."",Total Imports,Kenya,SADC,6073081569.0,0.0,499427060.0,499427060.0,12.160097150122358,4,,,,,,,,,,"
"Aug 2025,""2601 - Iron ores and concentrates, including roasted iron pyrites."",Total Imports,United Republic of Tanzania,SADC,690290.0,0.0,1500000.0,1500000.0,0.46019333333302653,4,,,,,,,,,,"
"Aug 2025,""7106 - Silver (including silver plated with gold or platinum), unwrought or in semi-manufactured forms, or in powder form."",Total Exports,United Republic of Tanzania,SADC,0.0,1795710405.0,20000.0,20000.0,89785.52024551072,4,,,,,,,,,,"
"Aug 2025,""7108 - Gold (including gold plated with platinum) unwrought or in semi-manufactured forms, or in powder form."",Total Exports,DR Congo,SADC,0.0,2148379466.0,411170.0,26931.5,5225.039438662293,4,,,,,,,,,,"
"Aug 2025,""7108 - Gold (including gold plated with platinum) unwrought or in semi-manufactured forms, or in powder form."",Total Exports,Kenya,SADC,0.0,5014314879.0,578486.0,578486.0,8667.996942002628,4,,,,,,,,,,"
"Aug 2025,""7108 - Gold (including gold plated with platinum) unwrought or in semi-manufactured forms, or in powder form."",Total Exports,Uganda,SADC,0.0,126525.0,410.0,410.0,308.59756022293277,4,,,,,,,,,,"
"Aug 2025,""7108 - Gold (including gold plated with platinum) unwrought or in semi-manufactured forms, or in powder form."",Total Exports,United Republic of Tanzania,European Union All Countries,0.0,4388538675.0,398266.0,398266.0,11019.114549042552,4,,,,,,,,,,"
"Aug 2025,""7108 - Gold (including gold plated with platinum) unwrought or in semi-manufactured forms, or in powder form."",Total Exports,United Republic of Tanzania,SADC,0.0,2662518005.0,30644465.0,30644465.0,86.88414057807546,4,,,,,,,,,,"
"Aug 2025,""7108 - Gold (including gold plated with platinum) unwrought or in semi-manufactured forms, or in powder form."",Total Imports,DR Congo,European Union All Countries,0.0,0.0,545060.0,140.0,0.0,4,,,,,,,,,,"
"Aug 2025,""7108 - Gold (including gold plated with platinum) unwrought or in semi-manufactured forms, or in powder form."",Total Imports,Rwanda,SADC,1222241348.0,0.0,1150.0,1150000.0,1062818.5625540707,4,,,,,,,,,,"
"Aug 2025,""7108 - Gold (including gold plated with platinum) unwrought or in semi-manufactured forms, or in powder form."",Total Imports,Uganda,European Union All Countries,600.0,0.0,50.0,20.0,11.999999760000005,4,,,,,,,,,,"
"Aug 2025,""7108 - Gold (including gold plated with platinum) unwrought or in semi-manufactured forms, or in powder form."",Total Imports,Uganda,SADC,3555030029.0,0.0,361542.0,391541464.0,9832.965544778108,4,,,,,,,,,,"
"Dec 2020,""7108 - Gold (including gold plated with platinum) unwrought or in semi-manufactured forms, or in powder form."",Total Exports,Kenya,European Union All Countries,0.0,4855178922.0,10.0,10000.0,485517843.64821565,4,,,,,,,,,,"
"Dec 2020,""7108 - Gold (including gold plated with platinum) unwrought or in semi-manufactured forms, or in powder form."",Total Exports,Kenya,SADC,0.0,4196329658.0,94590.0,94590000.0,44363.35403272689,4,,,,,,,,,,"
"Dec 2020,""7108 - Gold (including gold plated with platinum) unwrought or in semi-manufactured forms, or in powder form."",Total Exports,United Republic of Tanzania,SADC,0.0,1036329847.0,1970436.0,1970436.0,525.9393591060425,4,,,,,,,,,,"
"Dec 2020,""7108 - Gold (including gold plated with platinum) unwrought or in semi-manufactured forms, or in powder form."",Total Imports,Rwanda,SADC,120331236.0,0.0,2120.0,2109540.0,56760.016954358485,4,,,,,,,,,,"
"Dec 2020,""7108 - Gold (including gold plated with platinum) unwrought or in semi-manufactured forms, or in powder form."",Total Imports,Uganda,SADC,1724654852.0,0.0,309837.0,31124480.0,5566.3295603637835,4,,,,,,,,,,"
"Dec 2021,""2601 - Iron ores and concentrates, including roasted iron pyrites."",Total Imports,United Republic of Tanzania,SADC,95970.0,0.0,257710.0,257710.0,0.37239532808050757,4,,,,,,,,,,"
"Dec 2021,""7106 - Silver (including silver plated with gold or platinum), unwrought or in semi-manufactured forms, or in powder form."",Total Imports,Kenya,European Union All Countries,1418648609.0,0.0,40.0,40000.0,35466214.33834464,4,,,,,,,,,,"
"Dec 2021,""7108 - Gold (including gold plated with platinum) unwrought or in semi-manufactured forms, or in powder form."",Total Exports,DR Congo,ASEAN,0.0,2752474403.0,14528000.0,1426887.0,189.45996716683717,4,,,,,,,,,,"
"Dec 2021,""7108 - Gold (including gold plated with platinum) unwrought or in semi-manufactured forms, or in powder form."",Total Exports,DR Congo,European Union All Countries,0.0,1689617811.0,7290270.0,830211.0,231.76340670506966,4,,,,,,,,,,"
"Dec 2021,""7108 - Gold (including gold plated with platinum) unwrought or in semi-manufactured forms, or in powder form."",Total Exports,Kenya,European Union All Countries,0.0,1803069623.0,406.0,10000.0,4441058.173790497,4,,,,,,,,,,"
"Dec 2021,""7108 - Gold (including gold plated with platinum) unwrought or in semi-manufactured forms, or in powder form."",Total Exports,Kenya,SADC,0.0,2453920635.0,505684.0,505684.0,4852.6760486690255,4,,,,,,,,,,"
"Dec 2021,""7108 - Gold (including gold plated with platinum) unwrought or in semi-manufactured forms, or in powder form."",Total Exports,United Republic of Tanzania,SADC,0.0,7825718658.0,15725.0,15725.0,497660.9639111185,4,,,,,,,,,,"
"Dec 2021,""7108 - Gold (including gold plated with platinum) unwrought or in semi-manufactured forms, or in powder form."",Total Imports,Rwanda,SADC,4858726764.0,0.0,8520.0,8520000.0,570273.0942992637,4,,,,,,,,,,"
"Dec 2021,""7111 - Base metals, silver or gold,clad with platinum, not further worked than semi-manufactured."",Total Imports,United Republic of Tanzania,European Union All Countries,1690.0,0.0,10.0,10.0,168.9999831000017,4,,,,,,,,,,"
"Dec 2022,""2601 - Iron ores and concentrates, including roasted iron pyrites."",Total Imports,Kenya,SADC,6289611828.0,0.0,472800000.0,472800000.0,13.3029014974619,4,,,,,,,,,,"
"Dec 2022,""7108 - Gold (including gold plated with platinum) unwrought or in semi-manufactured forms, or in powder form."",Total Exports,DR Congo,European Union All Countries,0.0,607189803.0,759720.0,83739.0,799.2284038845901,4,,,,,,,,,,"
"Dec 2022,""7108 - Gold (including gold plated with platinum) unwrought or in semi-manufactured forms, or in powder form."",Total Exports,Kenya,European Union All Countries,0.0,4598548206.0,10.0,10000.0,459854774.6145226,4,,,,,,,,,,"
"Dec 2022,""7108 - Gold (including gold plated with platinum) unwrought or in semi-manufactured forms, or in powder form."",Total Exports,Kenya,SADC,0.0,1136586749.0,230141.0,230141.0,4938.653907800267,4,,,,,,,,,,"
"Dec 2022,""7108 - Gold (including gold plated with platinum) unwrought or in semi-manufactured forms, or in powder form."",Total Exports,United Republic of Tanzania,SADC,0.0,805175676.0,1605254.0,1605254.0,501.5877088607151,4,,,,,,,,,,"
"Dec 2022,""7108 - Gold (including gold plated with platinum) unwrought or in semi-manufactured forms, or in powder form."",Total Imports,Rwanda,European Union All Countries,2666472522.0,0.0,5.0,10.0,533294397.74112046,4,,,,,,,,,,"
"Dec 2022,""7108 - Gold (including gold plated with platinum) unwrought or in semi-manufactured forms, or in powder form."",Total Imports,Rwanda,SADC,2260319256.0,0.0,4260.0,4260000.0,530591.3745233354,4,,,,,,,,,,"
"Dec 2022,""7108 - Gold (including gold plated with platinum) unwrought or in semi-manufactured forms, or in powder form."",Total Imports,Uganda,SADC,1531983453.0,0.0,29484.0,29511855.0,51959.82407231177,4,,,,,,,,,,"
"Dec 2023,""2601 - Iron ores and concentrates, including roasted iron pyrites."",Total Imports,Kenya,SADC,7188134896.0,0.0,474654280.0,474654280.0,15.143937806691609,4,,,,,,,,,,"
"Dec 2023,""7106 - Silver (including silver plated with gold or platinum), unwrought or in semi-manufactured forms, or in powder form."",Total Imports,Rwanda,European Union All Countries,1029953329.0,0.0,70.0,70.0,14713618.775519732,4,,,,,,,,,,"
"Dec 2023,""7108 - Gold (including gold plated with platinum) unwrought or in semi-manufactured forms, or in powder form."",Total Exports,Kenya,SADC,0.0,1632860183.0,314435.0,314435.0,5192.997544786067,4,,,,,,,,,,"
"Dec 2023,""7108 - Gold (including gold plated with platinum) unwrought or in semi-manufactured forms, or in powder form."",Total Exports,Uganda,European Union All Countries,0.0,26668222.0,461.0,46100.0,57848.63761854959,4,,,,,,,,,,"
"Dec 2023,""7108 - Gold (including gold plated with platinum) unwrought or in semi-manufactured forms, or in powder form."",Total Exports,United Republic of Tanzania,ASEAN,0.0,7657951952.0,12.0,12.0,638162609.4864492,4,,,,,,,,,,"
"Dec 2023,""7108 - Gold (including gold plated with platinum) unwrought or in semi-manufactured forms, or in powder form."",Total Exports,United Republic of Tanzania,SADC,0.0,1001682209.0,189999.0,189999.0,5272.039373863694,4,,,,,,,,,,"
"Dec 2023,""7108 - Gold (including gold plated with platinum) unwrought or in semi-manufactured forms, or in powder form."",Total Imports,Rwanda,SADC,5895445002.0,0.0,9150.0,9150000.0,644310.9291099113,4,,,,,,,,,,"
"Dec 2023,""7108 - Gold (including gold plated with platinum) unwrought or in semi-manufactured forms, or in powder form."",Total Imports,Uganda,SADC,1805351139.0,0.0,311297.0,8120.0,5799.44920443885,4,,,,,,,,,,"
"Dec 2024,""2601 - Iron ores and concentrates, including roasted iron pyrites."",Total Imports,United Republic of Tanzania,SADC,685790.0,0.0,2100000.0,2100000.0,0.3265666666665112,4,,,,,,,,,,"
"Dec 2024,""7108 - Gold (including gold plated with platinum) unwrought or in semi-manufactured forms, or in powder form."",Total Exports,DR Congo,SADC,0.0,1896804563.0,6416030.0,26931.5,295.63523908081856,4,,,,,,,,,,"
"Dec 2024,""7108 - Gold (including gold plated with platinum) unwrought or in semi-manufactured forms, or in powder form."",Total Exports,Kenya,SADC,0.0,2000982808.0,291416.0,29141600.0,6866.413676644843,4,,,,,,,,,,"
"Dec 2024,""7108 - Gold (including gold plated with platinum) unwrought or in semi-manufactured forms, or in powder form."",Total Exports,Uganda,SADC,0.0,42075235.0,500.0,500000.0,84150.46983169905,4,,,,,,,,,,"
"Dec 2024,""7108 - Gold (including gold plated with platinum) unwrought or in semi-manufactured forms, or in powder form."",Total Exports,United Republic of Tanzania,ASEAN,0.0,1758.0,400395.0,400395.0,0.004390664219072689,4,,,,,,,,,,"
"Dec 2024,""7108 - Gold (including gold plated with platinum) unwrought or in semi-manufactured forms, or in powder form."",Total Exports,United Republic of Tanzania,European Union All Countries,0.0,406672.0,4947.0,4947.0,82.2057812649675,4,,,,,,,,,,"
"Dec 2024,""7108 - Gold (including gold plated with platinum) unwrought or in semi-manufactured forms, or in powder form."",Total Exports,United Republic of Tanzania,SADC,0.0,2314136117.0,37245325.0,37245325.0,62.132257323568474,4,,,,,,,,,,"
"Dec 2024,""7108 - Gold (including gold plated with platinum) unwrought or in semi-manufactured forms, or in powder form."",Total Imports,Uganda,SADC,1923711934.0,0.0,24450.0,24422950.0,78679.4247002585,4,,,,,,,,,,"
"Dec 2024,""7111 - Base metals, silver or gold,clad with platinum, not further worked than semi-manufactured."",Total Imports,United Republic of Tanzania,ASEAN,3039584811.0,0.0,100.0,100.0,30395847.806041524,4,,,,,,,,,,"
"Feb 2020,""7106 - Silver (including silver plated with gold or platinum), unwrought or in semi-manufactured forms, or in powder form."",Total Exports,Kenya,SADC,0.0,7810587749.0,13700.0,13700000.0,570115.8940459769,4,,,,,,,,,,"
"Feb 2020,""7106 - Silver (including silver plated with gold or platinum), unwrought or in semi-manufactured forms, or in powder form."",Total Exports,Uganda,SADC,0.0,10881.0,1000.0,120.0,10.880999989119,4,,,,,,,,,,"
"Feb 2020,""7108 - Gold (including gold plated with platinum) unwrought or in semi-manufactured forms, or in powder form."",Total Exports,Kenya,SADC,0.0,2082519123.0,503170.0,503170000.0,4138.798264991675,4,,,,,,,,,,"
"Feb 2020,""7108 - Gold (including gold plated with platinum) unwrought or in semi-manufactured forms, or in powder form."",Total Exports,United Republic of Tanzania,European Union All Countries,0.0,3683853537.0,739.0,739.0,4984916.822753834,4,,,,,,,,,,"
"Feb 2020,""7108 - Gold (including gold plated with platinum) unwrought or in semi-manufactured forms, or in powder form."",Total Exports,United Republic of Tanzania,SADC,0.0,6328422597.0,141661.0,141661.0,44673.00525165943,4,,,,,,,,,,"
"Feb 2020,""7108 - Gold (including gold plated with platinum) unwrought or in semi-manufactured forms, or in powder form."",Total Imports,Rwanda,SADC,1060981934.0,0.0,2270.0,2270000.0,467392.9222610604,4,,,,,,,,,,"
"Feb 2020,""7108 - Gold (including gold plated with platinum) unwrought or in semi-manufactured forms, or in powder form."",Total Imports,Uganda,SADC,6504716549.0,0.0,13170.0,13257200.0,493904.0659457932,4,,,,,,,,,,"
"Feb 2020,""7110 - Platinum, unwrought or in semi-manufactured forms, or in powder form."",Total Imports,Kenya,European Union All Countries,2315131637.0,0.0,2.0,2000.0,1157565239.71738,4,,,,,,,,,,"
"Feb 2021,""7108 - Gold (including gold plated with platinum) unwrought or in semi-manufactured forms, or in powder form."",Total Exports,Kenya,SADC,0.0,1203295172.0,245350.0,245350000.0,4904.402575891973,4,,,,,,,,,,"
"Feb 2021,""7108 - Gold (including gold plated with platinum) unwrought or in semi-manufactured forms, or in powder form."",Total Exports,United Republic of Tanzania,SADC,0.0,639710363.0,1250618.0,1250618.0,511.5153971872214,4,,,,,,,,,,"
"Feb 2021,""7108 - Gold (including gold plated with platinum) unwrought or in semi-manufactured forms, or in powder form."",Total Imports,Rwanda,SADC,1177703743.0,0.0,1980.0,1980000.0,594799.8699016162,4,,,,,,,,,,"
"Feb 2021,""7108 - Gold (including gold plated with platinum) unwrought or in semi-manufactured forms, or in powder form."",Total Imports,Uganda,SADC,8954320438.0,0.0,16740.0,16740.0,534905.6414256329,4,,,,,,,,,,"
"Feb 2021,""7111 - Base metals, silver or gold,clad with platinum, not further worked than semi-manufactured."",Total Imports,United Republic of Tanzania,European Union All Countries,1850.0,0.0,130.0,130.0,14.230769121301776,4,,,,,,,,,,"
"Feb 2022,""2601 - Iron ores and concentrates, including roasted iron pyrites."",Total Imports,Kenya,SADC,827733598.0,0.0,498410000.0,498410000.0,1.6607483758351524,4,,,,,,,,,,"
"Feb 2022,""7108 - Gold (including gold plated with platinum) unwrought or in semi-manufactured forms, or in powder form."",Total Exports,DR Congo,European Union All Countries,0.0,28812347.0,250550.0,7416.0,114.99639592849732,4,,,,,,,,,,"
"Feb 2022,""7108 - Gold (including gold plated with platinum) unwrought or in semi-manufactured forms, or in powder form."",Total Exports,United Republic of Tanzania,European Union All Countries,0.0,1284897249.0,232.0,232.0,5538350.187334698,4,,,,,,,,,,"
"Feb 2022,""7108 - Gold (including gold plated with platinum) unwrought or in semi-manufactured forms, or in powder form."",Total Exports,United Republic of Tanzania,SADC,0.0,595511062.0,113362.0,113362.0,5253.180624854421,4,,,,,,,,,,"
"Feb 2022,""7108 - Gold (including gold plated with platinum) unwrought or in semi-manufactured forms, or in powder form."",Total Imports,Rwanda,SADC,2510468213.0,0.0,4150.0,4150000.0,604932.0993723054,4,,,,,,,,,,"
"Feb 2022,""7111 - Base metals, silver or gold,clad with platinum, not further worked than semi-manufactured."",Total Imports,United Republic of Tanzania,European Union All Countries,4270.0,0.0,80.0,80.0,53.37499933281251,4,,,,,,,,,,"
"Feb 2023,""2601 - Iron ores and concentrates, including roasted iron pyrites."",Total Imports,Kenya,SADC,1794543977.0,0.0,280000.0,280000.0,6409.085632119967,4,,,,,,,,,,"
"Feb 2023,""2601 - Iron ores and concentrates, including roasted iron pyrites."",Total Imports,United Republic of Tanzania,SADC,838625.0,0.0,250000.0,250000.0,3.354499999986582,4,,,,,,,,,,"
"Feb 2023,""7108 - Gold (including gold plated with platinum) unwrought or in semi-manufactured forms, or in powder form."",Total Exports,Kenya,SADC,0.0,1697957893.0,349578.0,349578.0,4857.164618468962,4,,,,,,,,,,"
"Feb 2023,""7108 - Gold (including gold plated with platinum) unwrought or in semi-manufactured forms, or in powder form."",Total Exports,United Republic of Tanzania,ASEAN,0.0,3888756248.0,31128.0,31128.0,124927.91852592753,4,,,,,,,,,,"
"Feb 2023,""7108 - Gold (including gold plated with platinum) unwrought or in semi-manufactured forms, or in powder form."",Total Exports,United Republic of Tanzania,SADC,0.0,3677507723.0,708117.0,708117.0,5193.3617227023315,4,,,,,,,,,,"
"Feb 2023,""7108 - Gold (including gold plated with platinum) unwrought or in semi-manufactured forms, or in powder form."",Total Imports,Rwanda,SADC,5403860375.0,0.0,8850.0,8850000.0,610605.6920214004,4,,,,,,,,,,"
"Feb 2023,""7108 - Gold (including gold plated with platinum) unwrought or in semi-manufactured forms, or in powder form."",Total Imports,Uganda,SADC,1176232207.0,0.0,22657.0,9480.0,51914.73747398531,4,,,,,,,,,,"
"Feb 2023,""7108 - Gold (including gold plated with platinum) unwrought or in semi-manufactured forms, or in powder form."",Total Imports,United Republic of Tanzania,SADC,9115428.0,0.0,137.0,137.0,66535.97031725569,4,,,,,,,,,,"
"Feb 2024,""2601 - Iron ores and concentrates, including roasted iron pyrites."",Total Imports,United Republic of Tanzania,SADC,9598414083.0,0.0,300000.0,300000.0,31994.71360989335,4,,,,,,,,,,"
"Feb 2024,""7108 - Gold (including gold plated with platinum) unwrought or in semi-manufactured forms, or in powder form."",Total Exports,Kenya,SADC,0.0,1471219283.0,272985.0,272985.0,5389.377742347054,4,,,,,,,,,,"
"Feb 2024,""7108 - Gold (including gold plated with platinum) unwrought or in semi-manufactured forms, or in powder form."",Total Exports,United Republic of Tanzania,SADC,0.0,1457661287.0,27451197.0,274512.0,53.10009931442869,4,,,,,,,,,,"
"Feb 2024,""7108 - Gold (including gold plated with platinum) unwrought or in semi-manufactured forms, or in powder form."",Total Imports,Rwanda,SADC,3273043074.0,0.0,5000.0,5000000.0,654608.6146690783,4,,,,,,,,,,"
"Feb 2024,""7108 - Gold (including gold plated with platinum) unwrought or in semi-manufactured forms, or in powder form."",Total Imports,Uganda,SADC,1658104563.0,0.0,29250.0,29273990.0,56687.335485241456,4,,,,,,,,,,"
"Feb 2025,""2601 - Iron ores and concentrates, including roasted iron pyrites."",Total Imports,United Republic of Tanzania,SADC,479910.0,0.0,1500000.0,1500000.0,0.31993999999978673,4,,,,,,,,,,"
"Feb 2025,""7106 - Silver (including silver plated with gold or platinum), unwrought or in semi-manufactured forms, or in powder form."",Total Exports,Uganda,European Union All Countries,0.0,504496.0,195.0,19500.0,2587.1589610914925,4,,,,,,,,,,"
"Feb 2025,""7108 - Gold (including gold plated with platinum) unwrought or in semi-manufactured forms, or in powder form."",Total Exports,DR Congo,SADC,0.0,1412146787.0,18100.0,26931.5,78019.15949845198,4,,,,,,,,,,"
"Feb 2025,""7108 - Gold (including gold plated with platinum) unwrought or in semi-manufactured forms, or in powder form."",Total Exports,Kenya,SADC,0.0,255909976.0,339446.0,339450.0,753.904821383213,4,,,,,,,,,,"
"Feb 2025,""7108 - Gold (including gold plated with platinum) unwrought or in semi-manufactured forms, or in powder form."",Total Exports,United Republic of Tanzania,ASEAN,0.0,788059434.0,1845.0,1845.0,427132.48432133737,4,,,,,,,,,,"
"Feb 2025,""7108 - Gold (including gold plated with platinum) unwrought or in semi-manufactured forms, or in powder form."",Total Exports,United Republic of Tanzania,SADC,0.0,2262902144.0,31434866.0,31434866.0,71.98701416446083,4,,,,,,,,,,"
"Feb 2025,""7108 - Gold (including gold plated with platinum) unwrought or in semi-manufactured forms, or in powder form."",Total Imports,Uganda,SADC,2102373426.0,0.0,255149.0,255146497.0,8239.787049887556,4,,,,,,,,,,"
"Feb 2025,""7110 - Platinum, unwrought or in semi-manufactured forms, or in powder form."",Total Imports,United Republic of Tanzania,European Union All Countries,6518287945.0,0.0,5.0,5.0,1303657328.2685344,4,,,,,,,,,,"
"Jan 2020,""7108 - Gold (including gold plated with platinum) unwrought or in semi-manufactured forms, or in powder form."",Total Exports,Kenya,SADC,0.0,3266731891.0,80510.0,80510000.0,40575.47995229692,4,,,,,,,,,,"
"Jan 2020,""7108 - Gold (including gold plated with platinum) unwrought or in semi-manufactured forms, or in powder form."",Total Exports,United Republic of Tanzania,SADC,0.0,9593535912.0,2178499.0,2178499.0,4403.736660882377,4,,,,,,,,,,"
"Jan 2020,""7108 - Gold (including gold plated with platinum) unwrought or in semi-manufactured forms, or in powder form."",Total Imports,Rwanda,SADC,101614000.0,0.0,21527.0,2152780.0,4720.304733371101,4,,,,,,,,,,"
"Jan 2020,""7108 - Gold (including gold plated with platinum) unwrought or in semi-manufactured forms, or in powder form."",Total Imports,Uganda,SADC,4325089746.0,0.0,93451.0,9386840.0,46281.89902680248,4,,,,,,,,,,"
"Jan 2020,""7110 - Platinum, unwrought or in semi-manufactured forms, or in powder form."",Total Imports,Rwanda,European Union All Countries,1786577445.0,0.0,1000.0,1000.0,1786577.4432134225,4,,,,,,,,,,"
"Jan 2021,""7106 - Silver (including silver plated with gold or platinum), unwrought or in semi-manufactured forms, or in powder form."",Total Exports,Kenya,SADC,0.0,4439617613.0,35040.0,35040000.0,126701.41589250282,4,,,,,,,,,,"
"Jan 2021,""7108 - Gold (including gold plated with platinum) unwrought or in semi-manufactured forms, or in powder form."",Total Exports,Kenya,SADC,0.0,4233100232.0,85700.0,85700000.0,49394.40177305258,4,,,,,,,,,,"
"Jan 2021,""7108 - Gold (including gold plated with platinum) unwrought or in semi-manufactured forms, or in powder form."",Total Exports,United Republic of Tanzania,SADC,0.0,7966636263.0,148562.0,148562.0,53624.99335594819,4,,,,,,,,,,"
"Jan 2021,""7108 - Gold (including gold plated with platinum) unwrought or in semi-manufactured forms, or in powder form."",Total Imports,Rwanda,SADC,1430780474.0,0.0,2430.0,2425000.0,588798.5487288896,4,,,,,,,,,,"
"Jan 2021,""7108 - Gold (including gold plated with platinum) unwrought or in semi-manufactured forms, or in powder form."",Total Imports,Uganda,SADC,1094151291.0,0.0,19340.0,19340.0,56574.523833682804,4,,,,,,,,,,"
"Jan 2021,""7111 - Base metals, silver or gold,clad with platinum, not further worked than semi-manufactured."",Total Imports,United Republic of Tanzania,ASEAN,2150.0,0.0,430.0,430.0,4.999999988372093,4,,,,,,,,,,"
"Jan 2021,""7111 - Base metals, silver or gold,clad with platinum, not further worked than semi-manufactured."",Total Imports,United Republic of Tanzania,SADC,30530.0,0.0,80.0,80.0,381.62499522968756,4,,,,,,,,,,"
"Jan 2022,""7108 - Gold (including gold plated with platinum) unwrought or in semi-manufactured forms, or in powder form."",Total Exports,Kenya,SADC,0.0,1728322179.0,340453.0,340453.0,5076.5367877355275,4,,,,,,,,,,"
"Jan 2022,""7108 - Gold (including gold plated with platinum) unwrought or in semi-manufactured forms, or in powder form."",Total Exports,United Republic of Tanzania,European Union All Countries,0.0,3550786742.0,6.0,10.0,591797691.7003847,4,,,,,,,,,,"
"Jan 2022,""7108 - Gold (including gold plated with platinum) unwrought or in semi-manufactured forms, or in powder form."",Total Exports,United Republic of Tanzania,SADC,0.0,3953867037.0,1091516.0,10920.0,3622.362876033313,4,,,,,,,,,,"
"Jan 2022,""7108 - Gold (including gold plated with platinum) unwrought or in semi-manufactured forms, or in powder form."",Total Imports,Rwanda,SADC,3269324287.0,0.0,5650.0,5650000.0,578641.4666232492,4,,,,,,,,,,"
"Jan 2023,""7108 - Gold (including gold plated with platinum) unwrought or in semi-manufactured forms, or in powder form."",Total Exports,Kenya,SADC,0.0,1820842061.0,352267.0,352267.0,5168.926016330883,4,,,,,,,,,,"
"Jan 2023,""7108 - Gold (including gold plated with platinum) unwrought or in semi-manufactured forms, or in powder form."",Total Exports,United Republic of Tanzania,ASEAN,0.0,27291345.0,2014.0,2014.0,13550.816775794032,4,,,,,,,,,,"
"Jan 2023,""7108 - Gold (including gold plated with platinum) unwrought or in semi-manufactured forms, or in powder form."",Total Exports,United Republic of Tanzania,European Union All Countries,0.0,5225.0,140.0,140.0,37.32142830484694,4,,,,,,,,,,"
"Jan 2023,""7108 - Gold (including gold plated with platinum) unwrought or in semi-manufactured forms, or in powder form."",Total Exports,United Republic of Tanzania,SADC,0.0,6840245576.0,1283992.0,1283992.0,5327.327254371267,4,,,,,,,,,,"
"Jan 2023,""7108 - Gold (including gold plated with platinum) unwrought or in semi-manufactured forms, or in powder form."",Total Imports,Rwanda,SADC,4435178111.0,0.0,7310.0,7310000.0,606727.5116817062,4,,,,,,,,,,"
"Jan 2024,""7108 - Gold (including gold plated with platinum) unwrought or in semi-manufactured forms, or in powder form."",Total Exports,Kenya,SADC,0.0,1351316945.0,254935.0,254935.0,5300.633279050344,4,,,,,,,,,,"
"Jan 2024,""7108 - Gold (including gold plated with platinum) unwrought or in semi-manufactured forms, or in powder form."",Total Exports,United Republic of Tanzania,SADC,0.0,1354775961.0,245713.0,245713.0,5513.651947574961,4,,,,,,,,,,"
"Jan 2024,""7108 - Gold (including gold plated with platinum) unwrought or in semi-manufactured forms, or in powder form."",Total Imports,Rwanda,SADC,5183803118.0,0.0,8000.0,8000000.0,647975.3896690031,4,,,,,,,,,,"
"Jan 2024,""7108 - Gold (including gold plated with platinum) unwrought or in semi-manufactured forms, or in powder form."",Total Imports,Uganda,SADC,3550650502.0,0.0,6260.0,6258580.0,567196.56572409,4,,,,,,,,,,"
"Jan 2025,""2601 - Iron ores and concentrates, including roasted iron pyrites."",Total Imports,United Republic of Tanzania,SADC,293970.0,0.0,900000.0,900000.0,0.3266333333329704,4,,,,,,,,,,"
"Jan 2025,""7108 - Gold (including gold plated with platinum) unwrought or in semi-manufactured forms, or in powder form."",Total Exports,DR Congo,SADC,0.0,1642241701.0,22330.0,26931.5,73544.18723360752,4,,,,,,,,,,"
"Jan 2025,""7108 - Gold (including gold plated with platinum) unwrought or in semi-manufactured forms, or in powder form."",Total Exports,Kenya,SADC,0.0,1639407195.0,235702.0,235700.0,6955.4233523391595,4,,,,,,,,,,"
"Jan 2025,""7108 - Gold (including gold plated with platinum) unwrought or in semi-manufactured forms, or in powder form."",Total Exports,United Republic of Tanzania,SADC,0.0,2189811735.0,31905799.0,31905799.0,68.63365919781327,4,,,,,,,,,,"
"Jan 2025,""7108 - Gold (including gold plated with platinum) unwrought or in semi-manufactured forms, or in powder form."",Total Imports,Rwanda,SADC,4929566277.0,0.0,5750.0,5750000.0,857315.8741117711,4,,,,,,,,,,"
"Jan 2025,""7108 - Gold (including gold plated with platinum) unwrought or in semi-manufactured forms, or in powder form."",Total Imports,Uganda,SADC,1428008339.0,0.0,169681.0,16627137.0,8415.841131249723,4,,,,,,,,,,"
"Jan 2025,""7111 - Base metals, silver or gold,clad with platinum, not further worked than semi-manufactured."",Total Imports,United Republic of Tanzania,ASEAN,1000168767.0,0.0,20.0,20.0,50008435.8495782,4,,,,,,,,,,"
"Jul 2020,""7106 - Silver (including silver plated with gold or platinum), unwrought or in semi-manufactured forms, or in powder form."",Total Exports,Kenya,SADC,0.0,1224534261.0,38000.0,38000000.0,32224.585814941456,4,,,,,,,,,,"
"Jul 2020,""7106 - Silver (including silver plated with gold or platinum), unwrought or in semi-manufactured forms, or in powder form."",Total Imports,United Republic of Tanzania,European Union All Countries,3150.0,0.0,170.0,170.0,18.529411655709342,4,,,,,,,,,,"
"Jul 2020,""7108 - Gold (including gold plated with platinum) unwrought or in semi-manufactured forms, or in powder form."",Total Exports,United Republic of Tanzania,SADC,0.0,1041770685.0,205717.0,205717.0,5064.096234122294,4,,,,,,,,,,"
"Jul 2020,""7108 - Gold (including gold plated with platinum) unwrought or in semi-manufactured forms, or in powder form."",Total Imports,Rwanda,SADC,2412346936.0,0.0,468951.0,4690000.0,5144.13432532366,4,,,,,,,,,,"
"Jul 2020,""7108 - Gold (including gold plated with platinum) unwrought or in semi-manufactured forms, or in powder form."",Total Imports,Uganda,SADC,1580806073.0,0.0,29787.0,29899790.0,53070.33514442306,4,,,,,,,,,,"
"Jul 2021,""7108 - Gold (including gold plated with platinum) unwrought or in semi-manufactured forms, or in powder form."",Total Exports,United Republic of Tanzania,SADC,0.0,7553341167.0,1492367.0,1492367.0,5061.3161286700515,4,,,,,,,,,,"
"Jul 2021,""7108 - Gold (including gold plated with platinum) unwrought or in semi-manufactured forms, or in powder form."",Total Imports,Rwanda,SADC,2362165314.0,0.0,4040.0,4040030.0,584694.384508739,4,,,,,,,,,,"
"Jul 2022,""7106 - Silver (including silver plated with gold or platinum), unwrought or in semi-manufactured forms, or in powder form."",Total Imports,DR Congo,European Union All Countries,15996331.0,0.0,70490.0,70490.0,226.93050077703322,4,,,,,,,,,,"
"Jul 2022,""7108 - Gold (including gold plated with platinum) unwrought or in semi-manufactured forms, or in powder form."",Total Exports,Kenya,European Union All Countries,0.0,7902470614.0,1603.0,1603.0,4929800.754254647,4,,,,,,,,,,"
"Jul 2022,""7108 - Gold (including gold plated with platinum) unwrought or in semi-manufactured forms, or in powder form."",Total Exports,Kenya,SADC,0.0,5257314685.0,1093932.0,1093932.0,4805.888012230371,4,,,,,,,,,,"
"Jul 2022,""7108 - Gold (including gold plated with platinum) unwrought or in semi-manufactured forms, or in powder form."",Total Exports,Rwanda,SADC,0.0,686487919.0,2000.0,2000.0,343243.959328378,4,,,,,,,,,,"
"Jul 2022,""7108 - Gold (including gold plated with platinum) unwrought or in semi-manufactured forms, or in powder form."",Total Exports,United Republic of Tanzania,European Union All Countries,0.0,8244167608.0,1442.0,1442.0,5717175.86843469,4,,,,,,,,,,"
"Jul 2022,""7108 - Gold (including gold plated with platinum) unwrought or in semi-manufactured forms, or in powder form."",Total Exports,United Republic of Tanzania,SADC,0.0,6642749155.0,1350688.0,1350688.0,4918.048546366801,4,,,,,,,,,,"
"Jul 2022,""7108 - Gold (including gold plated with platinum) unwrought or in semi-manufactured forms, or in powder form."",Total Imports,Rwanda,SADC,2935606698.0,0.0,5200.0,5200000.0,564539.7495068193,4,,,,,,,,,,"
"Jul 2022,""7108 - Gold (including gold plated with platinum) unwrought or in semi-manufactured forms, or in powder form."",Total Imports,Uganda,SADC,36146159.0,0.0,70.0,72700.0,516373.69262323296,4,,,,,,,,,,"
"Jul 2022,""7109 - Base metals or silver, clad with gold, not further worked than semi-manufactured."",Total Exports,Rwanda,SADC,0.0,1646382535.0,4000.0,4000.0,411595.6336471011,4,,,,,,,,,,"
"Jul 2023,""2601 - Iron ores and concentrates, including roasted iron pyrites."",Total Imports,Kenya,SADC,5967455726.0,0.0,453100000.0,453100000.0,13.170284100640005,4,,,,,,,,,,"
"Jul 2023,""7108 - Gold (including gold plated with platinum) unwrought or in semi-manufactured forms, or in powder form."",Total Exports,DR Congo,ASEAN,0.0,377953527.0,1231590.0,12316.0,306.8825883611373,4,,,,,,,,,,"
"Jul 2023,""7108 - Gold (including gold plated with platinum) unwrought or in semi-manufactured forms, or in powder form."",Total Exports,Kenya,SADC,0.0,1871612196.0,376379.0,376379.0,4972.67965533419,4,,,,,,,,,,"
"Jul 2023,""7108 - Gold (including gold plated with platinum) unwrought or in semi-manufactured forms, or in powder form."",Total Exports,United Republic of Tanzania,SADC,0.0,7102158092.0,135964.0,135964.0,52235.57774078259,4,,,,,,,,,,"
"Jul 2023,""7108 - Gold (including gold plated with platinum) unwrought or in semi-manufactured forms, or in powder form."",Total Imports,Rwanda,SADC,3628432162.0,0.0,5750.0,5750000.0,631031.6802380814,4,,,,,,,,,,"
"Jul 2023,""7108 - Gold (including gold plated with platinum) unwrought or in semi-manufactured forms, or in powder form."",Total Imports,Uganda,SADC,1122010035.0,0.0,198981.0,63408.0,5638.7797578379905,4,,,,,,,,,,"
"Jul 2024,""2601 - Iron ores and concentrates, including roasted iron pyrites."",Total Imports,United Republic of Tanzania,SADC,4236020294.0,0.0,1050000.0,1050000.0,4034.3050419009196,4,,,,,,,,,,"
"Jul 2024,""7106 - Silver (including silver plated with gold or platinum), unwrought or in semi-manufactured forms, or in powder form."",Total Exports,United Republic of Tanzania,SADC,0.0,892061.0,300000.0,300000.0,2.973536666656755,4,,,,,,,,,,"
"Jul 2024,""7108 - Gold (including gold plated with platinum) unwrought or in semi-manufactured forms, or in powder form."",Total Exports,Kenya,SADC,0.0,1664511057.0,27301.0,273010.0,60968.86769492074,4,,,,,,,,,,"
"Jul 2024,""7108 - Gold (including gold plated with platinum) unwrought or in semi-manufactured forms, or in powder form."",Total Exports,United Republic of Tanzania,SADC,0.0,2028725353.0,34488535.0,34488535.0,58.823181471754054,4,,,,,,,,,,"
"Jul 2024,""7108 - Gold (including gold plated with platinum) unwrought or in semi-manufactured forms, or in powder form."",Total Imports,Rwanda,SADC,7691049874.0,0.0,10000.0,10000000.0,769104.9873230895,4,,,,,,,,,,"
"Jul 2024,""7108 - Gold (including gold plated with platinum) unwrought or in semi-manufactured forms, or in powder form."",Total Imports,Uganda,SADC,2105601354.0,0.0,414270.0,31393690.0,5082.6788181498,4,,,,,,,,,,"
"Jul 2025,""2601 - Iron ores and concentrates, including roasted iron pyrites."",Total Exports,United Republic of Tanzania,European Union All Countries,0.0,3231512239.0,500.0,500.0,6463024.4650739515,4,,,,,,,,,,"
"Jul 2025,""2601 - Iron ores and concentrates, including roasted iron pyrites."",Total Imports,United Republic of Tanzania,SADC,513700.0,0.0,1200000.0,1200000.0,0.4280833333329766,4,,,,,,,,,,"
"Jul 2025,""7106 - Silver (including silver plated with gold or platinum), unwrought or in semi-manufactured forms, or in powder form."",Total Imports,Kenya,SADC,324548762.0,0.0,2320.0,2320000.0,139891.70769832254,4,,,,,,,,,,"
"Jul 2025,""7108 - Gold (including gold plated with platinum) unwrought or in semi-manufactured forms, or in powder form."",Total Exports,DR Congo,European Union All Countries,0.0,0.0,500.0,26931.5,0.0,4,,,,,,,,,,"
"Jul 2025,""7108 - Gold (including gold plated with platinum) unwrought or in semi-manufactured forms, or in powder form."",Total Exports,DR Congo,SADC,0.0,2928537090.0,411170.0,26931.5,7122.448354677816,4,,,,,,,,,,"
"Jul 2025,""7108 - Gold (including gold plated with platinum) unwrought or in semi-manufactured forms, or in powder form."",Total Exports,Kenya,SADC,0.0,2601209022.0,297452.0,297452.0,8744.970691040084,4,,,,,,,,,,"
"Jul 2025,""7108 - Gold (including gold plated with platinum) unwrought or in semi-manufactured forms, or in powder form."",Total Exports,United Republic of Tanzania,European Union All Countries,0.0,9388348293.0,862357.0,862357.0,10886.846506712549,4,,,,,,,,,,"
"Jul 2025,""7108 - Gold (including gold plated with platinum) unwrought or in semi-manufactured forms, or in powder form."",Total Exports,United Republic of Tanzania,SADC,0.0,2185369952.0,29391441.0,29391441.0,74.3539573986837,4,,,,,,,,,,"
"Jul 2025,""7108 - Gold (including gold plated with platinum) unwrought or in semi-manufactured forms, or in powder form."",Total Imports,DR Congo,European Union All Countries,0.0,0.0,130.0,26931.5,0.0,4,,,,,,,,,,"
"Jul 2025,""7108 - Gold (including gold plated with platinum) unwrought or in semi-manufactured forms, or in powder form."",Total Imports,Rwanda,European Union All Countries,7157249616.0,0.0,10.0,400.0,715724890.027511,4,,,,,,,,,,"
"Jul 2025,""7108 - Gold (including gold plated with platinum) unwrought or in semi-manufactured forms, or in powder form."",Total Imports,Uganda,SADC,4400410350.0,0.0,9951678.0,507544471.0,442.17772620854066,4,,,,,,,,,,"
"Jul 2025,""7110 - Platinum, unwrought or in semi-manufactured forms, or in powder form."",Total Exports,Kenya,SADC,0.0,322002476.0,1800.0,1800000.0,178890.26434506095,4,,,,,,,,,,"
"Jun 2020,""7108 - Gold (including gold plated with platinum) unwrought or in semi-manufactured forms, or in powder form."",Total Exports,United Republic of Tanzania,SADC,0.0,9592770587.0,1960443.0,1960443.0,4893.164752555982,4,,,,,,,,,,"
"Jun 2020,""7108 - Gold (including gold plated with platinum) unwrought or in semi-manufactured forms, or in powder form."",Total Imports,Uganda,SADC,7354452629.0,0.0,143177.0,14262440.0,51366.15957136016,4,,,,,,,,,,"
"Jun 2021,""2601 - Iron ores and concentrates, including roasted iron pyrites."",Total Exports,United Republic of Tanzania,European Union All Countries,0.0,200.0,1966.0,1966.0,0.10172939974479685,4,,,,,,,,,,"
"Jun 2021,""7106 - Silver (including silver plated with gold or platinum), unwrought or in semi-manufactured forms, or in powder form."",Total Imports,United Republic of Tanzania,European Union All Countries,7490.0,0.0,30.0,30.0,249.66665834444473,4,,,,,,,,,,"
"Jun 2021,""7108 - Gold (including gold plated with platinum) unwrought or in semi-manufactured forms, or in powder form."",Total Exports,DR Congo,ASEAN,0.0,2095324062.0,16863870.0,1457931.0,124.24930113905504,4,,,,,,,,,,"
"Jun 2021,""7108 - Gold (including gold plated with platinum) unwrought or in semi-manufactured forms, or in powder form."",Total Exports,United Republic of Tanzania,SADC,0.0,9086310817.0,1751172.0,1751172.0,5188.702661414648,4,,,,,,,,,,"
"Jun 2021,""7108 - Gold (including gold plated with platinum) unwrought or in semi-manufactured forms, or in powder form."",Total Imports,Kenya,European Union All Countries,79888426.0,0.0,10.0,10000.0,7988841.80111582,4,,,,,,,,,,"
"Jun 2021,""7108 - Gold (including gold plated with platinum) unwrought or in semi-manufactured forms, or in powder form."",Total Imports,Rwanda,SADC,298016848.0,0.0,5130.0,5130160.0,58092.95281518655,4,,,,,,,,,,"
"Jun 2021,""7108 - Gold (including gold plated with platinum) unwrought or in semi-manufactured forms, or in powder form."",Total Imports,Uganda,SADC,2971978216.0,0.0,57090.0,57204130.0,52057.772218391,4,,,,,,,,,,"
"Jun 2021,""7110 - Platinum, unwrought or in semi-manufactured forms, or in powder form."",Total Imports,Kenya,European Union All Countries,4940828831.0,0.0,10.0,10000.0,494082833.6917167,4,,,,,,,,,,"
"Jun 2022,""7106 - Silver (including silver plated with gold or platinum), unwrought or in semi-manufactured forms, or in powder form."",Total Imports,DR Congo,SADC,9479299.0,0.0,10.0,35250.0,947929.8052070196,4,,,,,,,,,,"
"Jun 2022,""7108 - Gold (including gold plated with platinum) unwrought or in semi-manufactured forms, or in powder form."",Total Exports,DR Congo,ASEAN,0.0,1517478.0,313070.0,31226.0,4.847088510541262,4,,,,,,,,,,"
"Jun 2022,""7108 - Gold (including gold plated with platinum) unwrought or in semi-manufactured forms, or in powder form."",Total Exports,Kenya,European Union All Countries,0.0,8411217978.0,1556.0,1556.0,5405667.077502784,4,,,,,,,,,,"
"Jun 2022,""7108 - Gold (including gold plated with platinum) unwrought or in semi-manufactured forms, or in powder form."",Total Exports,Kenya,SADC,0.0,1727361487.0,345252.0,345252.0,5003.190385558944,4,,,,,,,,,,"
"Jun 2022,""7108 - Gold (including gold plated with platinum) unwrought or in semi-manufactured forms, or in powder form."",Total Exports,Rwanda,SADC,0.0,7871614688.0,11600.0,11600.0,678587.4730449494,4,,,,,,,,,,"
"Jun 2022,""7108 - Gold (including gold plated with platinum) unwrought or in semi-manufactured forms, or in powder form."",Total Exports,United Republic of Tanzania,European Union All Countries,0.0,11792534.0,231.0,231.0,51049.93051493537,4,,,,,,,,,,"
"Jun 2022,""7108 - Gold (including gold plated with platinum) unwrought or in semi-manufactured forms, or in powder form."",Total Exports,United Republic of Tanzania,SADC,0.0,6984500106.0,1375501.0,1375501.0,5077.786280049903,4,,,,,,,,,,"
"Jun 2022,""7108 - Gold (including gold plated with platinum) unwrought or in semi-manufactured forms, or in powder form."",Total Imports,Rwanda,SADC,4265481933.0,0.0,7300.0,7300000.0,584312.593481601,4,,,,,,,,,,"
"Jun 2022,""7108 - Gold (including gold plated with platinum) unwrought or in semi-manufactured forms, or in powder form."",Total Imports,Uganda,SADC,3827720.0,0.0,70.0,72020.0,54681.713504546955,4,,,,,,,,,,"
"Jun 2023,""2601 - Iron ores and concentrates, including roasted iron pyrites."",Total Exports,Uganda,SADC,0.0,935897.0,859400.0,859400.0,1.089012101464872,4,,,,,,,,,,"
"Jun 2023,""7108 - Gold (including gold plated with platinum) unwrought or in semi-manufactured forms, or in powder form."",Total Exports,United Republic of Tanzania,SADC,0.0,775991155.0,1488808.0,1488808.0,521.2164060103645,4,,,,,,,,,,"
"Jun 2023,""7108 - Gold (including gold plated with platinum) unwrought or in semi-manufactured forms, or in powder form."",Total Imports,Rwanda,SADC,3765543474.0,0.0,5900.0,3402500.0,638227.7073494529,4,,,,,,,,,,"
"Jun 2023,""7108 - Gold (including gold plated with platinum) unwrought or in semi-manufactured forms, or in powder form."",Total Imports,Uganda,SADC,1763805931.0,0.0,31993.0,95910.0,55130.995247237486,4,,,,,,,,,,"
"Jun 2024,""7106 - Silver (including silver plated with gold or platinum), unwrought or in semi-manufactured forms, or in powder form."",Total Exports,Uganda,European Union All Countries,0.0,4551731.0,185.0,185000.0,24603.951218357022,4,,,,,,,,,,"
"Jun 2024,""7106 - Silver (including silver plated with gold or platinum), unwrought or in semi-manufactured forms, or in powder form."",Total Imports,Kenya,European Union All Countries,1879247835.0,0.0,10.0,10000.0,187924764.70752355,4,,,,,,,,,,"
"Jun 2024,""7108 - Gold (including gold plated with platinum) unwrought or in semi-manufactured forms, or in powder form."",Total Exports,Kenya,SADC,0.0,157540569.0,264579.0,264579.0,595.4386742689501,4,,,,,,,,,,"
"Jun 2024,""7108 - Gold (including gold plated with platinum) unwrought or in semi-manufactured forms, or in powder form."",Total Exports,United Republic of Tanzania,European Union All Countries,0.0,2790801568.0,391.0,391.0,7137599.899903837,4,,,,,,,,,,"
"Jun 2024,""7108 - Gold (including gold plated with platinum) unwrought or in semi-manufactured forms, or in powder form."",Total Exports,United Republic of Tanzania,SADC,0.0,1646918987.0,27198355.0,27198355.0,60.552154238737586,4,,,,,,,,,,"
"Jun 2024,""7108 - Gold (including gold plated with platinum) unwrought or in semi-manufactured forms, or in powder form."",Total Imports,Kenya,European Union All Countries,1653738095.0,0.0,21.0,21000.0,78749429.34526527,4,,,,,,,,,,"
"Jun 2024,""7108 - Gold (including gold plated with platinum) unwrought or in semi-manufactured forms, or in powder form."",Total Imports,Uganda,SADC,1422657692.0,0.0,217303.0,217303696.0,6546.884727746295,4,,,,,,,,,,"
"Jun 2024,""7110 - Platinum, unwrought or in semi-manufactured forms, or in powder form."",Total Imports,Kenya,SADC,9019955705.0,0.0,80.0,80000.0,112749444.90313195,4,,,,,,,,,,"
"Jun 2025,""2601 - Iron ores and concentrates, including roasted iron pyrites."",Total Imports,Kenya,SADC,6128921198.0,0.0,300000.0,300000.0,20429.737326598566,4,,,,,,,,,,"
"Jun 2025,""2601 - Iron ores and concentrates, including roasted iron pyrites."",Total Imports,United Republic of Tanzania,SADC,138370.0,0.0,300000.0,300000.0,0.4612333333317959,4,,,,,,,,,,"
"Jun 2025,""7106 - Silver (including silver plated with gold or platinum), unwrought or in semi-manufactured forms, or in powder form."",Total Imports,Kenya,European Union All Countries,530728151.0,0.0,30.0,30000.0,17690937.77696874,4,,,,,,,,,,"
"Jun 2025,""7108 - Gold (including gold plated with platinum) unwrought or in semi-manufactured forms, or in powder form."",Total Exports,DR Congo,SADC,0.0,2194262007.0,19910.0,26931.5,110209.04102912059,4,,,,,,,,,,"
"Jun 2025,""7108 - Gold (including gold plated with platinum) unwrought or in semi-manufactured forms, or in powder form."",Total Exports,United Republic of Tanzania,European Union All Countries,0.0,1064008666.0,10.0,10.0,106400855.95991442,4,,,,,,,,,,"
"Jun 2025,""7108 - Gold (including gold plated with platinum) unwrought or in semi-manufactured forms, or in powder form."",Total Exports,United Republic of Tanzania,SADC,0.0,4300839905.0,61441524.0,61441524.0,69.99891319427445,4,,,,,,,,,,"
"Jun 2025,""7108 - Gold (including gold plated with platinum) unwrought or in semi-manufactured forms, or in powder form."",Total Imports,Uganda,SADC,2825510046.0,0.0,302138.0,302110405.0,9351.720227150005,4,,,,,,,,,,"
"Mar 2020,""2601 - Iron ores and concentrates, including roasted iron pyrites."",Total Imports,United Republic of Tanzania,European Union All Countries,1970.0,0.0,0.0,0.0,1970000000.0,4,,,,,,,,,,"
"Mar 2020,""7106 - Silver (including silver plated with gold or platinum), unwrought or in semi-manufactured forms, or in powder form."",Total Exports,Kenya,SADC,0.0,9266490741.0,22750.0,22750000.0,407318.2743117662,4,,,,,,,,,,"
"Mar 2020,""7108 - Gold (including gold plated with platinum) unwrought or in semi-manufactured forms, or in powder form."",Total Exports,United Republic of Tanzania,European Union All Countries,0.0,5478164306.0,1057.0,1057.0,5182747.682892386,4,,,,,,,,,,"
"Mar 2020,""7108 - Gold (including gold plated with platinum) unwrought or in semi-manufactured forms, or in powder form."",Total Exports,United Republic of Tanzania,SADC,0.0,8299425283.0,1873629.0,1873629.0,4429.599073773714,4,,,,,,,,,,"
"Mar 2020,""7108 - Gold (including gold plated with platinum) unwrought or in semi-manufactured forms, or in powder form."",Total Imports,Rwanda,SADC,9391591808.0,0.0,190806.0,1910000.0,49220.631468354135,4,,,,,,,,,,"
"Mar 2020,""7108 - Gold (including gold plated with platinum) unwrought or in semi-manufactured forms, or in powder form."",Total Imports,Uganda,SADC,277336766.0,0.0,5640.0,5682880.0,49173.18545227426,4,,,,,,,,,,"
"Mar 2021,""2601 - Iron ores and concentrates, including roasted iron pyrites."",Total Imports,United Republic of Tanzania,SADC,70460.0,0.0,258690.0,258690.0,0.27237233754581786,4,,,,,,,,,,"
"Mar 2021,""7108 - Gold (including gold plated with platinum) unwrought or in semi-manufactured forms, or in powder form."",Total Exports,DR Congo,ASEAN,0.0,49310258.0,91160.0,13022.0,540.9198990726095,4,,,,,,,,,,"
"Mar 2021,""7108 - Gold (including gold plated with platinum) unwrought or in semi-manufactured forms, or in powder form."",Total Exports,United Republic of Tanzania,SADC,0.0,7137298538.0,144524.0,144524.0,49384.86713591248,4,,,,,,,,,,"
"Mar 2021,""7108 - Gold (including gold plated with platinum) unwrought or in semi-manufactured forms, or in powder form."",Total Imports,Rwanda,SADC,1207504539.0,0.0,2130.0,2130000.0,566903.5391704679,4,,,,,,,,,,"
"Mar 2021,""7108 - Gold (including gold plated with platinum) unwrought or in semi-manufactured forms, or in powder form."",Total Imports,Uganda,SADC,8364081693.0,0.0,16160.0,16319250.0,517579.31265361514,4,,,,,,,,,,"
"Mar 2021,""7111 - Base metals, silver or gold,clad with platinum, not further worked than semi-manufactured."",Total Exports,United Republic of Tanzania,European Union All Countries,0.0,666803.0,145.0,145.0,4598.641347595577,4,,,,,,,,,,"
"Mar 2022,""2601 - Iron ores and concentrates, including roasted iron pyrites."",Total Exports,Kenya,European Union All Countries,0.0,9996815838.0,3800.0,3800.0,2630741.0093076997,4,,,,,,,,,,"
"Mar 2022,""7106 - Silver (including silver plated with gold or platinum), unwrought or in semi-manufactured forms, or in powder form."",Total Imports,Kenya,European Union All Countries,3826642511.0,0.0,3.0,3000.0,1275547078.484307,4,,,,,,,,,,"
"Mar 2022,""7108 - Gold (including gold plated with platinum) unwrought or in semi-manufactured forms, or in powder form."",Total Exports,Kenya,European Union All Countries,0.0,5352325225.0,106.0,1060.0,50493633.72175817,4,,,,,,,,,,"
"Mar 2022,""7108 - Gold (including gold plated with platinum) unwrought or in semi-manufactured forms, or in powder form."",Total Exports,Kenya,SADC,0.0,4930243034.0,916007.0,916007.0,5382.320259555459,4,,,,,,,,,,"
"Mar 2022,""7108 - Gold (including gold plated with platinum) unwrought or in semi-manufactured forms, or in powder form."",Total Exports,United Republic of Tanzania,SADC,0.0,7615014823.0,1389807.0,1389807.0,5479.188709651427,4,,,,,,,,,,"
"Mar 2022,""7108 - Gold (including gold plated with platinum) unwrought or in semi-manufactured forms, or in powder form."",Total Imports,Kenya,ASEAN,4171161642.0,0.0,10.0,10000.0,417116122.48838776,4,,,,,,,,,,"
"Mar 2022,""7108 - Gold (including gold plated with platinum) unwrought or in semi-manufactured forms, or in powder form."",Total Imports,Rwanda,SADC,3552385419.0,0.0,5530.0,5530000.0,642384.3432834748,4,,,,,,,,,,"
"Mar 2022,""7110 - Platinum, unwrought or in semi-manufactured forms, or in powder form."",Total Imports,DR Congo,SADC,6397168.0,0.0,30.0,0.0,213238.92622536913,4,,,,,,,,,,"
"Mar 2022,""7110 - Platinum, unwrought or in semi-manufactured forms, or in powder form."",Total Imports,United Republic of Tanzania,SADC,15640.0,0.0,200.0,200.0,78.199999609,4,,,,,,,,,,"
"Mar 2022,""7111 - Base metals, silver or gold,clad with platinum, not further worked than semi-manufactured."",Total Imports,United Republic of Tanzania,European Union All Countries,1700.0,0.0,260.0,260.0,6.538461513313609,4,,,,,,,,,,"
"Mar 2023,""2601 - Iron ores and concentrates, including roasted iron pyrites."",Total Exports,DR Congo,SADC,0.0,99998.0,580.0,0.0,172.410344530327,4,,,,,,,,,,"
"Mar 2023,""2601 - Iron ores and concentrates, including roasted iron pyrites."",Total Imports,Kenya,SADC,6461429286.0,0.0,469280000.0,469280000.0,13.768814537163284,4,,,,,,,,,,"
"Mar 2023,""7106 - Silver (including silver plated with gold or platinum), unwrought or in semi-manufactured forms, or in powder form."",Total Exports,United Republic of Tanzania,SADC,0.0,132750.0,180000.0,180000.0,0.7374999999959028,4,,,,,,,,,,"
"Mar 2023,""7106 - Silver (including silver plated with gold or platinum), unwrought or in semi-manufactured forms, or in powder form."",Total Imports,United Republic of Tanzania,SADC,56206.0,0.0,3.0,3.0,18735.3270882243,4,,,,,,,,,,"
"Mar 2023,""7108 - Gold (including gold plated with platinum) unwrought or in semi-manufactured forms, or in powder form."",Total Exports,DR Congo,SADC,0.0,335951124.0,455390.0,7006.0,737.7217857205083,4,,,,,,,,,,"
"Mar 2023,""7108 - Gold (including gold plated with platinum) unwrought or in semi-manufactured forms, or in powder form."",Total Exports,Kenya,SADC,0.0,1744545053.0,3498.0,349800.0,498726.43010328006,4,,,,,,,,,,"
"Mar 2023,""7108 - Gold (including gold plated with platinum) unwrought or in semi-manufactured forms, or in powder form."",Total Exports,United Republic of Tanzania,ASEAN,0.0,6627927346.0,12011.0,12011.0,551821.4424650886,4,,,,,,,,,,"
"Mar 2023,""7108 - Gold (including gold plated with platinum) unwrought or in semi-manufactured forms, or in powder form."",Total Exports,United Republic of Tanzania,European Union All Countries,0.0,7259486871.0,11179.0,11179.0,649386.0694472326,4,,,,,,,,,,"
"Mar 2023,""7108 - Gold (including gold plated with platinum) unwrought or in semi-manufactured forms, or in powder form."",Total Exports,United Republic of Tanzania,SADC,0.0,9808702346.0,1867345.0,1867345.0,5252.75315809063,4,,,,,,,,,,"
"Mar 2023,""7108 - Gold (including gold plated with platinum) unwrought or in semi-manufactured forms, or in powder form."",Total Imports,Rwanda,SADC,5717725377.0,0.0,9490.0,9490000.0,602500.0396625395,4,,,,,,,,,,"
"Mar 2023,""7108 - Gold (including gold plated with platinum) unwrought or in semi-manufactured forms, or in powder form."",Total Imports,Uganda,SADC,220909904.0,0.0,380.0,26800.0,581341.851101732,4,,,,,,,,,,"
"Mar 2024,""2601 - Iron ores and concentrates, including roasted iron pyrites."",Total Imports,Kenya,SADC,8096103072.0,0.0,472800000.0,472800000.0,17.123737461928897,4,,,,,,,,,,"
"Mar 2024,""2601 - Iron ores and concentrates, including roasted iron pyrites."",Total Imports,United Republic of Tanzania,SADC,3429676.0,0.0,750000.0,750000.0,4.572901333327236,4,,,,,,,,,,"
"Mar 2024,""7108 - Gold (including gold plated with platinum) unwrought or in semi-manufactured forms, or in powder form."",Total Exports,Kenya,SADC,0.0,2092246574.0,353019.0,350000.0,5926.725116761628,4,,,,,,,,,,"
"Mar 2024,""7108 - Gold (including gold plated with platinum) unwrought or in semi-manufactured forms, or in powder form."",Total Exports,United Republic of Tanzania,SADC,0.0,1435342037.0,271828.0,271828.0,5280.331816423325,4,,,,,,,,,,"
"Mar 2024,""7108 - Gold (including gold plated with platinum) unwrought or in semi-manufactured forms, or in powder form."",Total Imports,Rwanda,SADC,3527397569.0,0.0,5000.0,5000000.0,705479.513658904,4,,,,,,,,,,"
"Mar 2024,""7108 - Gold (including gold plated with platinum) unwrought or in semi-manufactured forms, or in powder form."",Total Imports,Uganda,SADC,2513777739.0,0.0,412639.0,412636685.0,6091.953836147111,4,,,,,,,,,,"
"Mar 2025,""2601 - Iron ores and concentrates, including roasted iron pyrites."",Total Imports,United Republic of Tanzania,SADC,391880.0,0.0,1200000.0,1200000.0,0.3265666666663945,4,,,,,,,,,,"
"Mar 2025,""7108 - Gold (including gold plated with platinum) unwrought or in semi-manufactured forms, or in powder form."",Total Exports,DR Congo,SADC,0.0,1461690734.0,15270.0,26931.5,95723.0343093829,4,,,,,,,,,,"
"Mar 2025,""7108 - Gold (including gold plated with platinum) unwrought or in semi-manufactured forms, or in powder form."",Total Exports,Kenya,SADC,0.0,2702675953.0,341256.0,341260.0,7919.790283517595,4,,,,,,,,,,"
"Mar 2025,""7108 - Gold (including gold plated with platinum) unwrought or in semi-manufactured forms, or in powder form."",Total Exports,United Republic of Tanzania,ASEAN,0.0,1286610722.0,14526.0,14526.0,88572.95345665888,4,,,,,,,,,,"
"Mar 2025,""7108 - Gold (including gold plated with platinum) unwrought or in semi-manufactured forms, or in powder form."",Total Exports,United Republic of Tanzania,European Union All Countries,0.0,14073726.0,15.0,15.0,938248.3374501109,4,,,,,,,,,,"
"Mar 2025,""7108 - Gold (including gold plated with platinum) unwrought or in semi-manufactured forms, or in powder form."",Total Exports,United Republic of Tanzania,SADC,0.0,2299479347.0,30688198.0,30688198.0,74.93041289032107,4,,,,,,,,,,"
"Mar 2025,""7108 - Gold (including gold plated with platinum) unwrought or in semi-manufactured forms, or in powder form."",Total Imports,Rwanda,SADC,936786409.0,0.0,8180.0,8169900.0,114521.56587842034,4,,,,,,,,,,"
"Mar 2025,""7108 - Gold (including gold plated with platinum) unwrought or in semi-manufactured forms, or in powder form."",Total Imports,Uganda,SADC,2325975015.0,0.0,343197.0,285323337.0,6777.375720047735,4,,,,,,,,,,"
"Mar 2025,""7108 - Gold (including gold plated with platinum) unwrought or in semi-manufactured forms, or in powder form."",Total Imports,United Republic of Tanzania,European Union All Countries,90592496.0,0.0,61.0,61.0,1485122.8608996253,4,,,,,,,,,,"
"Mar 2025,""7110 - Platinum, unwrought or in semi-manufactured forms, or in powder form."",Total Imports,Kenya,European Union All Countries,8609309518.0,0.0,10.0,10000.0,860930865.7069135,4,,,,,,,,,,"
"May 2020,""7108 - Gold (including gold plated with platinum) unwrought or in semi-manufactured forms, or in powder form."",Total Exports,United Republic of Tanzania,SADC,0.0,1035864520.0,213482.0,213482.0,4852.233537230997,4,,,,,,,,,,"
"May 2020,""7108 - Gold (including gold plated with platinum) unwrought or in semi-manufactured forms, or in powder form."",Total Imports,Uganda,SADC,4107698275.0,0.0,8260.0,8317180.0,497300.0332327724,4,,,,,,,,,,"
"May 2021,""7108 - Gold (including gold plated with platinum) unwrought or in semi-manufactured forms, or in powder form."",Total Exports,United Republic of Tanzania,ASEAN,0.0,377080125.0,3901400.0,3901400.0,96.65251576354729,4,,,,,,,,,,"
"May 2021,""7108 - Gold (including gold plated with platinum) unwrought or in semi-manufactured forms, or in powder form."",Total Exports,United Republic of Tanzania,SADC,0.0,6210016858.0,1189517.0,1189517.0,5220.620519080248,4,,,,,,,,,,"
"May 2021,""7108 - Gold (including gold plated with platinum) unwrought or in semi-manufactured forms, or in powder form."",Total Imports,Rwanda,SADC,1224042308.0,0.0,2020.0,2020000.0,605961.5383138804,4,,,,,,,,,,"
"May 2021,""7108 - Gold (including gold plated with platinum) unwrought or in semi-manufactured forms, or in powder form."",Total Imports,Uganda,SADC,1056487583.0,0.0,193695.0,19493790.0,5454.387480288833,4,,,,,,,,,,"
"May 2022,""7106 - Silver (including silver plated with gold or platinum), unwrought or in semi-manufactured forms, or in powder form."",Total Exports,United Republic of Tanzania,SADC,0.0,831079011.0,1103.0,1103.0,753471.4508128092,4,,,,,,,,,,"
"May 2022,""7108 - Gold (including gold plated with platinum) unwrought or in semi-manufactured forms, or in powder form."",Total Exports,DR Congo,European Union All Countries,0.0,550869509.0,837210.0,91115.0,657.9824763193727,4,,,,,,,,,,"
"May 2022,""7108 - Gold (including gold plated with platinum) unwrought or in semi-manufactured forms, or in powder form."",Total Exports,Kenya,SADC,0.0,232188831.0,458732.0,458732.0,506.15355152789397,4,,,,,,,,,,"
"May 2022,""7108 - Gold (including gold plated with platinum) unwrought or in semi-manufactured forms, or in powder form."",Total Exports,United Republic of Tanzania,ASEAN,0.0,6784592.0,126.0,126.0,53845.9678266193,4,,,,,,,,,,"
"May 2022,""7108 - Gold (including gold plated with platinum) unwrought or in semi-manufactured forms, or in powder form."",Total Exports,United Republic of Tanzania,European Union All Countries,0.0,4032341012.0,7644757.0,7644757.0,527.4649033317178,4,,,,,,,,,,"
"May 2022,""7108 - Gold (including gold plated with platinum) unwrought or in semi-manufactured forms, or in powder form."",Total Exports,United Republic of Tanzania,SADC,0.0,1813966895.0,34751.0,34751.0,52198.984056510635,4,,,,,,,,,,"
"May 2022,""7108 - Gold (including gold plated with platinum) unwrought or in semi-manufactured forms, or in powder form."",Total Imports,Rwanda,SADC,3727403338.0,0.0,6320.0,6320000.0,589779.0090838957,4,,,,,,,,,,"
"May 2023,""7108 - Gold (including gold plated with platinum) unwrought or in semi-manufactured forms, or in powder form."",Total Exports,Kenya,SADC,0.0,4298998665.0,833291.0,833291.0,5159.060478266105,4,,,,,,,,,,"
"May 2023,""7108 - Gold (including gold plated with platinum) unwrought or in semi-manufactured forms, or in powder form."",Total Exports,United Republic of Tanzania,SADC,0.0,9921724268.0,1923727.0,1923727.0,5157.553160087082,4,,,,,,,,,,"
"May 2023,""7108 - Gold (including gold plated with platinum) unwrought or in semi-manufactured forms, or in powder form."",Total Imports,Rwanda,SADC,4028799542.0,0.0,6150.0,6150000.0,655089.3563162456,4,,,,,,,,,,"
"May 2023,""7108 - Gold (including gold plated with platinum) unwrought or in semi-manufactured forms, or in powder form."",Total Imports,Uganda,SADC,1257616162.0,0.0,4967953.0,11400.0,253.14574473626195,4,,,,,,,,,,"
"May 2024,""2601 - Iron ores and concentrates, including roasted iron pyrites."",Total Imports,United Republic of Tanzania,SADC,2597859173.0,0.0,1440000.0,1440000.0,1804.068870137636,4,,,,,,,,,,"
"May 2024,""7106 - Silver (including silver plated with gold or platinum), unwrought or in semi-manufactured forms, or in powder form."",Total Exports,Uganda,European Union All Countries,0.0,5046954.0,195.0,195000.0,25881.81525188813,4,,,,,,,,,,"
"May 2024,""7108 - Gold (including gold plated with platinum) unwrought or in semi-manufactured forms, or in powder form."",Total Exports,Kenya,SADC,0.0,1807293606.0,291478.0,291478000.0,6200.446023349274,4,,,,,,,,,,"
"May 2024,""7108 - Gold (including gold plated with platinum) unwrought or in semi-manufactured forms, or in powder form."",Total Exports,United Republic of Tanzania,European Union All Countries,0.0,7469972.0,10001.0,10001.0,746.9225076745403,4,,,,,,,,,,"
"May 2024,""7108 - Gold (including gold plated with platinum) unwrought or in semi-manufactured forms, or in powder form."",Total Exports,United Republic of Tanzania,SADC,0.0,1935990419.0,30859556.0,30859556.0,62.735524095030314,4,,,,,,,,,,"
"May 2024,""7108 - Gold (including gold plated with platinum) unwrought or in semi-manufactured forms, or in powder form."",Total Imports,Uganda,SADC,2068241088.0,0.0,315732.0,315731266.0,6550.622325242451,4,,,,,,,,,,"
"May 2025,""2601 - Iron ores and concentrates, including roasted iron pyrites."",Total Imports,United Republic of Tanzania,SADC,31094002.0,0.0,4292850.0,4292850.0,7.243207193354707,4,,,,,,,,,,"
"May 2025,""7106 - Silver (including silver plated with gold or platinum), unwrought or in semi-manufactured forms, or in powder form."",Total Exports,United Republic of Tanzania,ASEAN,0.0,9463913017.0,91873.0,91873.0,103010.81946705768,4,,,,,,,,,,"
"May 2025,""7106 - Silver (including silver plated with gold or platinum), unwrought or in semi-manufactured forms, or in powder form."",Total Imports,DR Congo,SADC,2139475269.0,0.0,1000.0,35250.0,2139475.2668605247,4,,,,,,,,,,"
"May 2025,""7106 - Silver (including silver plated with gold or platinum), unwrought or in semi-manufactured forms, or in powder form."",Total Imports,United Republic of Tanzania,European Union All Countries,3082269015.0,0.0,80.0,80.0,38528362.205895476,4,,,,,,,,,,"
"May 2025,""7108 - Gold (including gold plated with platinum) unwrought or in semi-manufactured forms, or in powder form."",Total Exports,DR Congo,SADC,0.0,1901820394.0,17350.0,26931.5,109615.00829339394,4,,,,,,,,,,"
"May 2025,""7108 - Gold (including gold plated with platinum) unwrought or in semi-manufactured forms, or in powder form."",Total Exports,Kenya,SADC,0.0,2558676213.0,292626.0,292626.0,8743.844405456986,4,,,,,,,,,,"
"May 2025,""7108 - Gold (including gold plated with platinum) unwrought or in semi-manufactured forms, or in powder form."",Total Exports,United Republic of Tanzania,SADC,0.0,1076781929.0,12403605.0,12403605.0,86.81201384596761,4,,,,,,,,,,"
"May 2025,""7108 - Gold (including gold plated with platinum) unwrought or in semi-manufactured forms, or in powder form."",Total Imports,Kenya,European Union All Countries,2878651814.0,0.0,19.0,19000.0,151507982.23642197,4,,,,,,,,,,"
"May 2025,""7108 - Gold (including gold plated with platinum) unwrought or in semi-manufactured forms, or in powder form."",Total Imports,Rwanda,SADC,4819499175.0,0.0,5500.0,5500000.0,876272.577113405,4,,,,,,,,,,"
"May 2025,""7108 - Gold (including gold plated with platinum) unwrought or in semi-manufactured forms, or in powder form."",Total Imports,Uganda,SADC,2508679077.0,0.0,300376.0,274523851.0,8351.796005645085,4,,,,,,,,,,"
"Nov 2020,""7106 - Silver (including silver plated with gold or platinum), unwrought or in semi-manufactured forms, or in powder form."",Total Imports,Kenya,European Union All Countries,5918719674.0,0.0,200.0,200000.0,29593598.22203201,4,,,,,,,,,,"
"Nov 2020,""7108 - Gold (including gold plated with platinum) unwrought or in semi-manufactured forms, or in powder form."",Total Exports,Kenya,SADC,0.0,1289934475.0,29030.0,29030000.0,44434.5323787656,4,,,,,,,,,,"
"Nov 2020,""7108 - Gold (including gold plated with platinum) unwrought or in semi-manufactured forms, or in powder form."",Total Exports,United Republic of Tanzania,SADC,0.0,9068446747.0,174216.0,174216.0,52052.89265594404,4,,,,,,,,,,"
"Nov 2020,""7108 - Gold (including gold plated with platinum) unwrought or in semi-manufactured forms, or in powder form."",Total Imports,Rwanda,SADC,270120196.0,0.0,4750.0,4747000.0,56867.409672238435,4,,,,,,,,,,"
"Nov 2020,""7108 - Gold (including gold plated with platinum) unwrought or in semi-manufactured forms, or in powder form."",Total Imports,Uganda,SADC,1301420080.0,0.0,239891.0,24125940.0,5425.047542402904,4,,,,,,,,,,"
"Nov 2021,""2601 - Iron ores and concentrates, including roasted iron pyrites."",Total Exports,United Republic of Tanzania,SADC,0.0,1000.0,20.0,20.0,49.99999750000012,4,,,,,,,,,,"
"Nov 2021,""2601 - Iron ores and concentrates, including roasted iron pyrites."",Total Imports,DR Congo,European Union All Countries,6882204.0,0.0,2000.0,0.0,3441.1019982794487,4,,,,,,,,,,"
"Nov 2021,""7108 - Gold (including gold plated with platinum) unwrought or in semi-manufactured forms, or in powder form."",Total Exports,DR Congo,European Union All Countries,0.0,397007731.0,5301090.0,658772.0,74.89171679785197,4,,,,,,,,,,"
"Nov 2021,""7108 - Gold (including gold plated with platinum) unwrought or in semi-manufactured forms, or in powder form."",Total Exports,Kenya,SADC,0.0,2273226966.0,449899.0,449899.0,5052.749541552542,4,,,,,,,,,,"
"Nov 2021,""7108 - Gold (including gold plated with platinum) unwrought or in semi-manufactured forms, or in powder form."",Total Exports,United Republic of Tanzania,SADC,0.0,7412907267.0,1425018.0,1425018.0,5201.974478213467,4,,,,,,,,,,"
"Nov 2021,""7108 - Gold (including gold plated with platinum) unwrought or in semi-manufactured forms, or in powder form."",Total Imports,Rwanda,SADC,3367430477.0,0.0,5760.0,5760000.0,584623.3465998918,4,,,,,,,,,,"
"Nov 2022,""7108 - Gold (including gold plated with platinum) unwrought or in semi-manufactured forms, or in powder form."",Total Exports,Kenya,SADC,0.0,2305740468.0,526966.0,504466.0,4375.501394768589,4,,,,,,,,,,"
"Nov 2022,""7108 - Gold (including gold plated with platinum) unwrought or in semi-manufactured forms, or in powder form."",Total Exports,United Republic of Tanzania,European Union All Countries,0.0,206096.0,600.0,600.0,343.49333276084445,4,,,,,,,,,,"
"Nov 2022,""7108 - Gold (including gold plated with platinum) unwrought or in semi-manufactured forms, or in powder form."",Total Exports,United Republic of Tanzania,SADC,0.0,9088384772.0,1841992.0,1841992.0,4933.997960900518,4,,,,,,,,,,"
"Nov 2022,""7108 - Gold (including gold plated with platinum) unwrought or in semi-manufactured forms, or in powder form."",Total Imports,Rwanda,SADC,1151603964.0,0.0,2130.0,2130000.0,540659.1377743385,4,,,,,,,,,,"
"Nov 2022,""7108 - Gold (including gold plated with platinum) unwrought or in semi-manufactured forms, or in powder form."",Total Imports,Uganda,SADC,62628478.0,0.0,1303.0,134860.0,48064.83342435546,4,,,,,,,,,,"
"Nov 2022,""7110 - Platinum, unwrought or in semi-manufactured forms, or in powder form."",Total Imports,DR Congo,European Union All Countries,11867337.0,0.0,10.0,0.0,1186733.5813266418,4,,,,,,,,,,"
"Nov 2023,""2601 - Iron ores and concentrates, including roasted iron pyrites."",Total Imports,Kenya,SADC,7031466543.0,0.0,502609800.0,502609800.0,13.989911344744941,4,,,,,,,,,,"
"Nov 2023,""7108 - Gold (including gold plated with platinum) unwrought or in semi-manufactured forms, or in powder form."",Total Exports,DR Congo,European Union All Countries,0.0,240509893.0,771520.0,7913.0,311.7351371314914,4,,,,,,,,,,"
"Nov 2023,""7108 - Gold (including gold plated with platinum) unwrought or in semi-manufactured forms, or in powder form."",Total Exports,Kenya,SADC,0.0,4820123289.0,901778.0,901778.0,5345.132936259983,4,,,,,,,,,,"
"Nov 2023,""7108 - Gold (including gold plated with platinum) unwrought or in semi-manufactured forms, or in powder form."",Total Exports,United Republic of Tanzania,European Union All Countries,0.0,1518948687.0,3.0,3.0,506316060.2279799,4,,,,,,,,,,"
"Nov 2023,""7108 - Gold (including gold plated with platinum) unwrought or in semi-manufactured forms, or in powder form."",Total Exports,United Republic of Tanzania,SADC,0.0,1357714320.0,256868.0,256868.0,5285.649905767609,4,,,,,,,,,,"
"Nov 2023,""7108 - Gold (including gold plated with platinum) unwrought or in semi-manufactured forms, or in powder form."",Total Imports,Rwanda,SADC,6009412418.0,0.0,9400.0,9400000.0,639299.1933362448,4,,,,,,,,,,"
"Nov 2023,""7108 - Gold (including gold plated with platinum) unwrought or in semi-manufactured forms, or in powder form."",Total Imports,Uganda,SADC,2283886533.0,0.0,405996.0,3070203.0,5625.391710741915,4,,,,,,,,,,"
"Nov 2023,""7110 - Platinum, unwrought or in semi-manufactured forms, or in powder form."",Total Imports,DR Congo,European Union All Countries,5417325.0,0.0,20.0,0.0,270866.23645668814,4,,,,,,,,,,"
"Nov 2023,""7110 - Platinum, unwrought or in semi-manufactured forms, or in powder form."",Total Imports,United Republic of Tanzania,European Union All Countries,40397.0,0.0,30.0,30.0,1346.5666217811126,4,,,,,,,,,,"
"Nov 2024,""2601 - Iron ores and concentrates, including roasted iron pyrites."",Total Imports,United Republic of Tanzania,SADC,391880.0,0.0,1200000.0,1200000.0,0.3265666666663945,4,,,,,,,,,,"
"Nov 2024,""7106 - Silver (including silver plated with gold or platinum), unwrought or in semi-manufactured forms, or in powder form."",Total Imports,United Republic of Tanzania,European Union All Countries,8624527573.0,0.0,30.0,30.0,287484242.8505252,4,,,,,,,,,,"
"Nov 2024,""7108 - Gold (including gold plated with platinum) unwrought or in semi-manufactured forms, or in powder form."",Total Exports,Kenya,SADC,0.0,2024864366.0,302746.0,302746.0,6688.327396541364,4,,,,,,,,,,"
"Nov 2024,""7108 - Gold (including gold plated with platinum) unwrought or in semi-manufactured forms, or in powder form."",Total Exports,Uganda,SADC,0.0,42567270.0,500.0,500000.0,85134.53982973091,4,,,,,,,,,,"
"Nov 2024,""7108 - Gold (including gold plated with platinum) unwrought or in semi-manufactured forms, or in powder form."",Total Exports,United Republic of Tanzania,European Union All Countries,0.0,7671433989.0,800.0,800.0,9589292.474263385,4,,,,,,,,,,"
"Nov 2024,""7108 - Gold (including gold plated with platinum) unwrought or in semi-manufactured forms, or in powder form."",Total Exports,United Republic of Tanzania,SADC,0.0,2268927098.0,34740019.0,34740019.0,65.31162513180936,4,,,,,,,,,,"
"Nov 2024,""7108 - Gold (including gold plated with platinum) unwrought or in semi-manufactured forms, or in powder form."",Total Imports,Uganda,SADC,1424537399.0,0.0,18280.0,18283900.0,77928.74173534306,4,,,,,,,,,,"
"Nov 2024,""7111 - Base metals, silver or gold,clad with platinum, not further worked than semi-manufactured."",Total Imports,United Republic of Tanzania,ASEAN,1500067569.0,0.0,220.0,220.0,6818488.919006868,4,,,,,,,,,,"
"Oct 2020,""7106 - Silver (including silver plated with gold or platinum), unwrought or in semi-manufactured forms, or in powder form."",Total Exports,Kenya,SADC,0.0,1728565642.0,18980.0,18980000.0,91073.0053692796,4,,,,,,,,,,"
"Oct 2020,""7108 - Gold (including gold plated with platinum) unwrought or in semi-manufactured forms, or in powder form."",Total Exports,Kenya,SADC,0.0,5181426584.0,1017550.0,956529080.0,5092.060914937751,4,,,,,,,,,,"
"Oct 2020,""7108 - Gold (including gold plated with platinum) unwrought or in semi-manufactured forms, or in powder form."",Total Exports,Uganda,ASEAN,0.0,910435.0,6760.0,100.0,134.6797337078876,4,,,,,,,,,,"
"Oct 2020,""7108 - Gold (including gold plated with platinum) unwrought or in semi-manufactured forms, or in powder form."",Total Exports,United Republic of Tanzania,SADC,0.0,1047833551.0,1971876.0,1971876.0,531.3891700083923,4,,,,,,,,,,"
"Oct 2020,""7108 - Gold (including gold plated with platinum) unwrought or in semi-manufactured forms, or in powder form."",Total Imports,Rwanda,SADC,422750850.0,0.0,724167.0,7230000.0,583.775358445519,4,,,,,,,,,,"
"Oct 2020,""7108 - Gold (including gold plated with platinum) unwrought or in semi-manufactured forms, or in powder form."",Total Imports,Uganda,SADC,1408376115.0,0.0,260886.0,26187170.0,5398.435006073923,4,,,,,,,,,,"
"Oct 2021,""7108 - Gold (including gold plated with platinum) unwrought or in semi-manufactured forms, or in powder form."",Total Exports,Kenya,SADC,0.0,2212311948.0,46077.0,460770.0,48013.367796340615,4,,,,,,,,,,"
"Oct 2021,""7108 - Gold (including gold plated with platinum) unwrought or in semi-manufactured forms, or in powder form."",Total Exports,United Republic of Tanzania,ASEAN,0.0,128914.0,12.0,12.0,10742.832438097297,4,,,,,,,,,,"
"Oct 2021,""7108 - Gold (including gold plated with platinum) unwrought or in semi-manufactured forms, or in powder form."",Total Exports,United Republic of Tanzania,SADC,0.0,6307351721.0,1248517.0,1248517.0,5051.874921202473,4,,,,,,,,,,"
"Oct 2021,""7108 - Gold (including gold plated with platinum) unwrought or in semi-manufactured forms, or in powder form."",Total Imports,Rwanda,SADC,111844274.0,0.0,1920.0,1920000.0,58252.226011326966,4,,,,,,,,,,"
"Oct 2021,""7110 - Platinum, unwrought or in semi-manufactured forms, or in powder form."",Total Imports,Kenya,European Union All Countries,9044406986.0,0.0,50.0,10.0,180888136.10223728,4,,,,,,,,,,"
"Oct 2022,""7106 - Silver (including silver plated with gold or platinum), unwrought or in semi-manufactured forms, or in powder form."",Total Imports,Kenya,European Union All Countries,1248110551.0,0.0,260.0,260000.0,4800425.177690673,4,,,,,,,,,,"
"Oct 2022,""7108 - Gold (including gold plated with platinum) unwrought or in semi-manufactured forms, or in powder form."",Total Exports,United Republic of Tanzania,ASEAN,0.0,9554707827.0,5436.0,5436.0,1757672.5211998394,4,,,,,,,,,,"
"Oct 2022,""7108 - Gold (including gold plated with platinum) unwrought or in semi-manufactured forms, or in powder form."",Total Exports,United Republic of Tanzania,European Union All Countries,0.0,10783.0,104.0,104.0,103.68269131074335,4,,,,,,,,,,"
"Oct 2022,""7108 - Gold (including gold plated with platinum) unwrought or in semi-manufactured forms, or in powder form."",Total Exports,United Republic of Tanzania,SADC,0.0,1049131087.0,2191438.0,2191438.0,478.74093951073286,4,,,,,,,,,,"
"Oct 2022,""7108 - Gold (including gold plated with platinum) unwrought or in semi-manufactured forms, or in powder form."",Total Imports,Rwanda,SADC,2421469855.0,0.0,4750.0,4750000.0,509783.12726109824,4,,,,,,,,,,"
"Oct 2022,""7108 - Gold (including gold plated with platinum) unwrought or in semi-manufactured forms, or in powder form."",Total Imports,Uganda,SADC,28509901.0,0.0,50.0,57950.0,570198.0085960398,4,,,,,,,,,,"
"Oct 2022,""7111 - Base metals, silver or gold,clad with platinum, not further worked than semi-manufactured."",Total Imports,DR Congo,SADC,2252048.0,0.0,40.0,0.0,56301.19859247004,4,,,,,,,,,,"
"Oct 2023,""2601 - Iron ores and concentrates, including roasted iron pyrites."",Total Imports,Kenya,SADC,7056390123.0,0.0,472800000.0,472800000.0,14.924683001269004,4,,,,,,,,,,"
"Oct 2023,""2601 - Iron ores and concentrates, including roasted iron pyrites."",Total Imports,United Republic of Tanzania,SADC,215250.0,0.0,750000.0,750000.0,0.28699999999961734,4,,,,,,,,,,"
"Oct 2023,""7108 - Gold (including gold plated with platinum) unwrought or in semi-manufactured forms, or in powder form."",Total Exports,DR Congo,European Union All Countries,0.0,418213041.0,684280.0,85535.0,611.1723870336541,4,,,,,,,,,,"
"Oct 2023,""7108 - Gold (including gold plated with platinum) unwrought or in semi-manufactured forms, or in powder form."",Total Exports,Kenya,SADC,0.0,1815411549.0,379664.0,379664.0,4781.626777875222,4,,,,,,,,,,"
"Oct 2023,""7108 - Gold (including gold plated with platinum) unwrought or in semi-manufactured forms, or in powder form."",Total Exports,United Republic of Tanzania,SADC,0.0,1168769284.0,251958.0,251958.0,4638.746473600208,4,,,,,,,,,,"
"Oct 2023,""7108 - Gold (including gold plated with platinum) unwrought or in semi-manufactured forms, or in powder form."",Total Imports,Rwanda,SADC,4135904983.0,0.0,6800.0,6800000.0,608221.3209399674,4,,,,,,,,,,"
"Oct 2023,""7108 - Gold (including gold plated with platinum) unwrought or in semi-manufactured forms, or in powder form."",Total Imports,Uganda,SADC,1600536516.0,0.0,290094.0,46720.0,5517.303067262621,4,,,,,,,,,,"
"Oct 2023,""7110 - Platinum, unwrought or in semi-manufactured forms, or in powder form."",Total Imports,United Republic of Tanzania,SADC,1394290077.0,0.0,2160.0,2160.0,645504.664978933,4,,,,,,,,,,"
"Oct 2024,""7108 - Gold (including gold plated with platinum) unwrought or in semi-manufactured forms, or in powder form."",Total Exports,Kenya,SADC,0.0,4502832802.0,644102.0,644102.0,6990.869151148435,4,,,,,,,,,,"
"Oct 2024,""7108 - Gold (including gold plated with platinum) unwrought or in semi-manufactured forms, or in powder form."",Total Exports,Uganda,ASEAN,0.0,8061828.0,169.0,168719.0,47703.12397808803,4,,,,,,,,,,"
"Oct 2024,""7108 - Gold (including gold plated with platinum) unwrought or in semi-manufactured forms, or in powder form."",Total Exports,United Republic of Tanzania,European Union All Countries,0.0,5367234003.0,655.0,655.0,8194250.373749236,4,,,,,,,,,,"
"Oct 2024,""7108 - Gold (including gold plated with platinum) unwrought or in semi-manufactured forms, or in powder form."",Total Exports,United Republic of Tanzania,SADC,0.0,2380656161.0,3561501.0,3561501.0,668.4418061371684,4,,,,,,,,,,"
"Oct 2024,""7108 - Gold (including gold plated with platinum) unwrought or in semi-manufactured forms, or in powder form."",Total Imports,Uganda,SADC,1743110598.0,0.0,22320.0,22313640.0,78096.3529534903,4,,,,,,,,,,"
"Oct 2025,""7108 - Gold (including gold plated with platinum) unwrought or in semi-manufactured forms, or in powder form."",Total Exports,DR Congo,SADC,0.0,3001888214.0,411170.0,26931.5,7300.844453614561,4,,,,,,,,,,"
"Oct 2025,""7108 - Gold (including gold plated with platinum) unwrought or in semi-manufactured forms, or in powder form."",Total Exports,United Republic of Tanzania,SADC,0.0,2043347860.0,49893737.0,49893737.0,40.953995087599054,4,,,,,,,,,,"
"Oct 2025,""7108 - Gold (including gold plated with platinum) unwrought or in semi-manufactured forms, or in powder form."",Total Imports,DR Congo,European Union All Countries,0.0,0.0,5406500.0,26931.5,0.0,4,,,,,,,,,,"
"Sep 2020,""7108 - Gold (including gold plated with platinum) unwrought or in semi-manufactured forms, or in powder form."",Total Exports,DR Congo,European Union All Countries,0.0,33961983.0,970770.0,1340040.0,34.984582341816306,4,,,,,,,,,,"
"Sep 2020,""7108 - Gold (including gold plated with platinum) unwrought or in semi-manufactured forms, or in powder form."",Total Exports,Uganda,ASEAN,0.0,914106.0,6760.0,1000.0,135.22278104508538,4,,,,,,,,,,"
"Sep 2020,""7108 - Gold (including gold plated with platinum) unwrought or in semi-manufactured forms, or in powder form."",Total Exports,United Republic of Tanzania,SADC,0.0,847373375.0,155828.0,155828.0,5437.8762160495035,4,,,,,,,,,,"
"Sep 2020,""7108 - Gold (including gold plated with platinum) unwrought or in semi-manufactured forms, or in powder form."",Total Imports,Kenya,SADC,366983656.0,0.0,10.0,6980.0,36698361.93016381,4,,,,,,,,,,"
"Sep 2020,""7108 - Gold (including gold plated with platinum) unwrought or in semi-manufactured forms, or in powder form."",Total Imports,Rwanda,SADC,4910545408.0,0.0,8480.0,8480000.0,579073.7508751092,4,,,,,,,,,,"
"Sep 2020,""7108 - Gold (including gold plated with platinum) unwrought or in semi-manufactured forms, or in powder form."",Total Imports,Uganda,SADC,1446607147.0,0.0,272241.0,25689530.0,5313.700533698768,4,,,,,,,,,,"
"Sep 2020,""7111 - Base metals, silver or gold,clad with platinum, not further worked than semi-manufactured."",Total Exports,Kenya,SADC,0.0,17476393.0,33770.0,33770000.0,517.5123778348383,4,,,,,,,,,,"
"Sep 2021,""2601 - Iron ores and concentrates, including roasted iron pyrites."",Total Exports,United Republic of Tanzania,SADC,0.0,50.0,150.0,150.0,0.33333333111111113,4,,,,,,,,,,"
"Sep 2021,""7106 - Silver (including silver plated with gold or platinum), unwrought or in semi-manufactured forms, or in powder form."",Total Imports,Kenya,European Union All Countries,7409367864.0,0.0,10.0,10000.0,740936712.3063288,4,,,,,,,,,,"
"Sep 2021,""7108 - Gold (including gold plated with platinum) unwrought or in semi-manufactured forms, or in powder form."",Total Exports,United Republic of Tanzania,SADC,0.0,7480244367.0,147691.0,147691.0,50647.9363464893,4,,,,,,,,,,"
"Sep 2021,""7108 - Gold (including gold plated with platinum) unwrought or in semi-manufactured forms, or in powder form."",Total Imports,Rwanda,SADC,3507011876.0,0.0,6060.0,6060000.0,578714.8309276048,4,,,,,,,,,,"
"Sep 2022,""2601 - Iron ores and concentrates, including roasted iron pyrites."",Total Imports,Kenya,SADC,5702812669.0,0.0,497190020.0,497190020.0,11.470086766826068,4,,,,,,,,,,"
"Sep 2022,""7106 - Silver (including silver plated with gold or platinum), unwrought or in semi-manufactured forms, or in powder form."",Total Imports,DR Congo,European Union All Countries,2329414.0,0.0,70.0,35250.0,33277.342381752256,4,,,,,,,,,,"
"Sep 2022,""7108 - Gold (including gold plated with platinum) unwrought or in semi-manufactured forms, or in powder form."",Total Exports,DR Congo,European Union All Countries,0.0,267114855.0,227380.0,30317.0,1174.7508795796693,4,,,,,,,,,,"
"Sep 2022,""7108 - Gold (including gold plated with platinum) unwrought or in semi-manufactured forms, or in powder form."",Total Exports,Kenya,European Union All Countries,0.0,5204029139.0,10.0,10000.0,520402861.85971385,4,,,,,,,,,,"
"Sep 2022,""7108 - Gold (including gold plated with platinum) unwrought or in semi-manufactured forms, or in powder form."",Total Exports,Kenya,SADC,0.0,3051915896.0,673522.0,673522.0,4531.2787050689785,4,,,,,,,,,,"
"Sep 2022,""7108 - Gold (including gold plated with platinum) unwrought or in semi-manufactured forms, or in powder form."",Total Exports,United Republic of Tanzania,ASEAN,0.0,60375.0,52.0,52.0,1161.0576699796602,4,,,,,,,,,,"
"Sep 2022,""7108 - Gold (including gold plated with platinum) unwrought or in semi-manufactured forms, or in powder form."",Total Exports,United Republic of Tanzania,SADC,0.0,1015516076.0,209382.0,209382.0,4850.063883214173,4,,,,,,,,,,"
"Sep 2022,""7108 - Gold (including gold plated with platinum) unwrought or in semi-manufactured forms, or in powder form."",Total Imports,Rwanda,SADC,4201408199.0,0.0,7860.0,7860000.0,534530.3051482786,4,,,,,,,,,,"
"Sep 2022,""7108 - Gold (including gold plated with platinum) unwrought or in semi-manufactured forms, or in powder form."",Total Imports,Uganda,SADC,133777580.0,0.0,25723.0,2576260.0,5200.698985141675,4,,,,,,,,,,"
"Sep 2023,""2601 - Iron ores and concentrates, including roasted iron pyrites."",Total Imports,United Republic of Tanzania,SADC,1155625.0,0.0,250000.0,250000.0,4.6224999999815095,4,,,,,,,,,,"
"Sep 2023,""7108 - Gold (including gold plated with platinum) unwrought or in semi-manufactured forms, or in powder form."",Total Exports,United Republic of Tanzania,SADC,0.0,1197023838.0,237381.0,203981.0,5042.626992029511,4,,,,,,,,,,"
"Sep 2023,""7108 - Gold (including gold plated with platinum) unwrought or in semi-manufactured forms, or in powder form."",Total Imports,Rwanda,SADC,486462863.0,0.0,8000.0,8000000.0,60807.85786739901,4,,,,,,,,,,"
"Sep 2023,""7108 - Gold (including gold plated with platinum) unwrought or in semi-manufactured forms, or in powder form."",Total Imports,Uganda,SADC,1289857919.0,0.0,233726.0,6860.0,5518.67536771468,4,,,,,,,,,,"
"Sep 2023,""7110 - Platinum, unwrought or in semi-manufactured forms, or in powder form."",Total Imports,United Republic of Tanzania,European Union All Countries,330682734.0,0.0,3.0,3.0,110227541.25748624,4,,,,,,,,,,"
"Sep 2024,""2601 - Iron ores and concentrates, including roasted iron pyrites."",Total Exports,United Republic of Tanzania,SADC,0.0,7079999982.0,452.0,452.0,15663716.739682043,4,,,,,,,,,,"
"Sep 2024,""7106 - Silver (including silver plated with gold or platinum), unwrought or in semi-manufactured forms, or in powder form."",Total Exports,Uganda,European Union All Countries,0.0,504552.0,190.0,19000.0,2655.5368281287538,4,,,,,,,,,,"
"Sep 2024,""7106 - Silver (including silver plated with gold or platinum), unwrought or in semi-manufactured forms, or in powder form."",Total Imports,Uganda,European Union All Countries,1693287601.0,0.0,144.0,10.0,11758941.591951795,4,,,,,,,,,,"
"Sep 2024,""7108 - Gold (including gold plated with platinum) unwrought or in semi-manufactured forms, or in powder form."",Total Exports,United Republic of Tanzania,SADC,0.0,2283476245.0,36840731.0,36840731.0,61.98238153851882,4,,,,,,,,,,"
"Sep 2024,""7108 - Gold (including gold plated with platinum) unwrought or in semi-manufactured forms, or in powder form."",Total Imports,Rwanda,SADC,4269949281.0,0.0,5000.0,5000000.0,853989.856029202,4,,,,,,,,,,"
"Sep 2024,""7108 - Gold (including gold plated with platinum) unwrought or in semi-manufactured forms, or in powder form."",Total Imports,Uganda,SADC,1610947453.0,0.0,218262.0,218263089.0,7380.796716756096,4,,,,,,,,,,"
"Sep 2024,""7108 - Gold (including gold plated with platinum) unwrought or in semi-manufactured forms, or in powder form."",Total Imports,United Republic of Tanzania,SADC,1506000207.0,0.0,10.0,10.0,150600005.63999945,4,,,,,,,,,,"
"Sep 2025,""7108 - Gold (including gold plated with platinum) unwrought or in semi-manufactured forms, or in powder form."",Total Exports,DR Congo,SADC,0.0,2680760776.0,411170.0,26931.5,6519.835532732155,4,,,,,,,,,,"
"Sep 2025,""7108 - Gold (including gold plated with platinum) unwrought or in semi-manufactured forms, or in powder form."",Total Exports,Kenya,SADC,0.0,2798680842.0,293333.0,293333.0,9540.968257885948,4,,,,,,,,,,"
"Sep 2025,""7108 - Gold (including gold plated with platinum) unwrought or in semi-manufactured forms, or in powder form."",Total Exports,Uganda,European Union All Countries,0.0,47723999.0,50.0,50000.0,954479.9609104008,4,,,,,,,,,,"
"Sep 2025,""7108 - Gold (including gold plated with platinum) unwrought or in semi-manufactured forms, or in powder form."",Total Exports,United Republic of Tanzania,ASEAN,0.0,4300.0,3423.0,3423.0,1.256208004307272,4,,,,,,,,,,"
"Sep 2025,""7108 - Gold (including gold plated with platinum) unwrought or in semi-manufactured forms, or in powder form."",Total Exports,United Republic of Tanzania,European Union All Countries,0.0,200.0,38.0,38.0,5.263157756232691,4,,,,,,,,,,"
"Sep 2025,""7108 - Gold (including gold plated with platinum) unwrought or in semi-manufactured forms, or in powder form."",Total Exports,United Republic of Tanzania,SADC,0.0,2576157095.0,26605228.0,26605228.0,96.82898019140838,4,,,,,,,,,,"
"Sep 2025,""7108 - Gold (including gold plated with platinum) unwrought or in semi-manufactured forms, or in powder form."",Total Imports,DR Congo,European Union All Countries,0.0,0.0,411170.0,2160.0,0.0,4,,,,,,,,,,"
"Sep 2025,""7108 - Gold (including gold plated with platinum) unwrought or in semi-manufactured forms, or in powder form."",Total Imports,DR Congo,SADC,0.0,0.0,411170.0,280.0,0.0,4,,,,,,,,,,"
"Sep 2025,""7108 - Gold (including gold plated with platinum) unwrought or in semi-manufactured forms, or in powder form."",Total Imports,Rwanda,SADC,508106654.0,0.0,460.0,460010.0,1104579.6802074355,4,,,,,,,,,,"
"Sep 2025,""7108 - Gold (including gold plated with platinum) unwrought or in semi-manufactured forms, or in powder form."",Total Imports,Uganda,SADC,2738516136.0,0.0,272345.0,272344171.0,10055.3200388843,4,,,,,,,,,,"
"Sep 2025,""7108 - Gold (including gold plated with platinum) unwrought or in semi-manufactured forms, or in powder form."",Total Imports,United Republic of Tanzania,ASEAN,36151.0,0.0,40.0,40.0,903.7749774056256,4,,,,,,,,,,"
