Time;26 - Ores, slag and ash.;;;;;;;;;;;;;;;;;;;;;;;;;;;;;;;;;;;;;;;;;;;;;;;;;;;;;;;;;;;;;;;;;;;;;;;;;;;;;;;;;;;;;;;2601 - Iron ores and concentrates, including roasted iron pyrites.;;;;;;;;;;;;;;;;;;;;;;;;;;;;26011100 - Iron ores and concentrates, including roasted iron pyrites. - Iron ores and concentrates, other than roasted iron pyrites: -- Non-agglomerated;;;;;;;;;;;;;;;;;;;;;26011200 - Iron ores and concentrates, including roasted iron pyrites. - Iron ores and concentrates, other than roasted iron pyrites: -- Agglomerated;;;;;;;;;;;;;;26012000 - Iron ores and concentrates, including roasted iron pyrites. - Roasted iron pyrites;;;;;2608 - Zinc ores and concentrates.;;;;;;;;;;;;;;;;;;;;;;;2607 - Lead ores and concentrates.;;;;;;;;;;;;;;;;;;;;2606 - Aluminium ores and concentrates.;;;;;;;;;;;;;;;;;2603 - Copper ores and concentrates.;;;;;;;;;;;;;;;;;;;;;;;;;;;;;;;;;;;;;;;;;;;;;;;2604 - Nickel ores and concentrates.;;;;;;;;;;;;2609 - Tin ores and concentrates.;;;;;;;;;;;;;;;;;;;;;;;;;;;;;;;;;;;;;;;;2614 - Titanium ores and concentrates.;;;;;;;;;;;;;;;;;;;;;;;;;;;;;;7106 - Silver (including silver plated with gold or platinum), unwrought or in semi-manufactured forms, or in powder form.;;;;;;;;;;;;;;;;;;;;;;;;;;;;;;;;;;;;;;;;;;71061000 - Silver (including silver plated with gold or platinum), unwrought or in semi-manufactured forms, or in powder form.- Powder;;;71069100 - Silver (including silver plated with gold or platinum), unwrought or in semi-manufactured forms, or in powder form.- Other:-- Unwrought;;;;;;;;;;;;;;;;;;;;;;;;;;;71069200 - Silver (including silver plated with gold or platinum), unwrought or in semi-manufactured forms, or in powder form.- Other:-- Semi-manufactured;;;;;;;;;;;;;;;;;;;;7108 - Gold (including gold plated with platinum) unwrought or in semi-manufactured forms, or in powder form.;;;;;;;;;;;;;;;;;;;;;;;;;;;;;;;;;;;;;;;;;;;;;;;;;;;;;;;;;;;;;;;;;;;;;71081200 - Gold (including gold plated with platinum) unwrought or in semi-manufactured forms, or in powder form.- Non-monetary:-- Other unwrought forms;;;;;;;;;;;;;;;;;;;;;;;;;;;;;;;;;;;;;;;;;;;;;;;;71081300 - Gold (including gold plated with platinum) unwrought or in semi-manufactured forms, or in powder form.- Non-monetary:-- Other semi-manufactured forms;;;;;;;;;;;;;;;;;;;;;;;;;;;;;;;;;;;;;;;7109 - Base metals or silver, clad with gold, not further worked than semi-manufactured.;;;7111 - Base metals, silver or gold,clad with platinum, not further worked than semi-manufactured.;;;;;;;;;;;;;;;;;;;;7110 - Platinum, unwrought or in semi-manufactured forms, or in powder form.;;;;;;;;;;;;;;;;;;;;;;2605 - Cobalt ores and concentrates.;;;2616 - Precious metal ores and concentrates.;;;;;;;;;;;;;;;;;;;;;;;;;;2504 - Natural graphite.;;;;;;;;;;;;;;;;;;;;;;;;;;;;;;;;;;;;;;;;;;;;;;
;Total Exports;;;;;;;;;;;;;;;;;;;;;;;;;;;;;;;;;;;;;;;;;;Total Imports;;;;;;;;;;;;;;;;;;;;;;;;;;;;;;;;;;;;;;;;;;;;;Total Exports;;;;;;;;;;;;;;Total Imports;;;;;;;;;;;;;;Total Exports;;;;;;;;;;;;Total Imports;;;;;;;;;Total Exports;;;;;;;;Total Imports;;;;;;Total Imports;;;;;Total Exports;;;;;;;;;;;;Total Imports;;;;;;;;;;;Total Exports;;;;;;;;;Total Imports;;;;;;;;;;;Total Exports;;;;;;;;;Total Imports;;;;;;;;Total Exports;;;;;;;;;;;;;;;;;;;;;;;;;;;Total Imports;;;;;;;;;;;;;;;;;;;;Total Exports;;;;;;;;;Total Imports;;;Total Exports;;;;;;;;;;;;;;;;;;;;;;;Total Imports;;;;;;;;;;;;;;;;;Total Exports;;;;;;;;;;;;;;;Total Imports;;;;;;;;;;;;;;;Total Exports;;;;;;;;;;;;;;;;;;Total Imports;;;;;;;;;;;;;;;;;;;;;;;;Total Exports;;;Total Exports;;;;;;;;;;;;;;;Total Imports;;;;;;;;;;;;Total Exports;;;Total Imports;;;;;;;;;;;;;;;;;Total Exports;;;;;;;;;;;;;;;;;;;;;;;;;;;;;;;;;;;;Total Imports;;;;;;;;;;;;;;;;;;;;;;;;;;;;;;;;;Total Exports;;;;;;;;;;;;;;;;;;;;;;;;;;;;;;Total Imports;;;;;;;;;;;;;;;;;;Total Exports;;;;;;;;;;;;;;;;;;Total Imports;;;;;;;;;;;;;;;;;;;;;Total Exports;;;Total Exports;;;;;;Total Imports;;;;;;;;;;;;;;Total Exports;;;Total Imports;;;;;;;;;;;;;;;;;;;Total Exports;Total Imports;;Total Exports;;;;;;;;;Total Imports;;;;;;;;;;;;;;;;;Total Exports;;;;;;;;;;;;;;;Total Imports;;;;;;;;;;;;;;;;;;;;;;;;;;;;;Re-imports;;
;Net Weight(Kg);;;;;;;;;;;;;;Quantity;;;;;;;;;;;;;;FOB Value (US$);;;;;;;;;;;;;;Net Weight(Kg);;;;;;;;;;;;;;;Quantity;;;;;;;;;;;;;;;CIF Value (US$);;;;;;;;;;;;;;;Net Weight(Kg);;;;;Quantity;;;;FOB Value (US$);;;;;Net Weight(Kg);;;;;Quantity;;;;CIF Value (US$);;;;;Net Weight(Kg);;;;Quantity;;;;FOB Value (US$);;;;Net Weight(Kg);;;Quantity;;;CIF Value (US$);;;Net Weight(Kg);;;Quantity;;FOB Value (US$);;;Net Weight(Kg);;Quantity;;CIF Value (US$);;Net Weight(Kg);;Quantity;CIF Value (US$);;Net Weight(Kg);;;;Quantity;;;;FOB Value (US$);;;;Net Weight(Kg);;;;Quantity;;;CIF Value (US$);;;;Net Weight(Kg);;;Quantity;;;FOB Value (US$);;;Net Weight(Kg);;;;Quantity;;;CIF Value (US$);;;;Net Weight(Kg);;;Quantity;;;FOB Value (US$);;;Net Weight(Kg);;;Quantity;;CIF Value (US$);;;Net Weight(Kg);;;;;;;;;Quantity;;;;;;;;;FOB Value (US$);;;;;;;;;Net Weight(Kg);;;;;;;Quantity;;;;;;;CIF Value (US$);;;;;;Net Weight(Kg);;;Quantity;;;FOB Value (US$);;;Net Weight(Kg);Quantity;CIF Value (US$);Net Weight(Kg);;;;;;;;Quantity;;;;;;;FOB Value (US$);;;;;;;;Net Weight(Kg);;;;;;Quantity;;;;;;CIF Value (US$);;;;;Net Weight(Kg);;;;;Quantity;;;;;FOB Value (US$);;;;;Net Weight(Kg);;;;;Quantity;;;;;CIF Value (US$);;;;;Net Weight(Kg);;;;;;Quantity;;;;;;FOB Value (US$);;;;;;Net Weight(Kg);;;;;;;;Quantity;;;;;;;;CIF Value (US$);;;;;;;;Net Weight(Kg);Quantity;FOB Value (US$);Net Weight(Kg);;;;;Quantity;;;;;FOB Value (US$);;;;;Net Weight(Kg);;;;Quantity;;;;CIF Value (US$);;;;Net Weight(Kg);Quantity;FOB Value (US$);Net Weight(Kg);;;;;;Quantity;;;;;CIF Value (US$);;;;;;Net Weight(Kg);;;;;;;;;;;;Quantity;;;;;;;;;;;;FOB Value (US$);;;;;;;;;;;;Net Weight(Kg);;;;;;;;;;;Quantity;;;;;;;;;;;;CIF Value (US$);;;;;;;;;;Net Weight(Kg);;;;;;;;;;Quantity;;;;;;;;;;FOB Value (US$);;;;;;;;;;Net Weight(Kg);;;;;;Quantity;;;;;;;CIF Value (US$);;;;;Net Weight(Kg);;;;;;Quantity;;;;;;FOB Value (US$);;;;;;Net Weight(Kg);;;;;;;Quantity;;;;;;;CIF Value (US$);;;;;;;Net Weight(Kg);Quantity;FOB Value (US$);Net Weight(Kg);;Quantity;;FOB Value (US$);;Net Weight(Kg);;;;;Quantity;;;;CIF Value (US$);;;;;Net Weight(Kg);Quantity;FOB Value (US$);Net Weight(Kg);;;;;;;Quantity;;;;;CIF Value (US$);;;;;;;FOB Value (US$);Net Weight(Kg);CIF Value (US$);Net Weight(Kg);;;Quantity;;;FOB Value (US$);;;Net Weight(Kg);;;;;;Quantity;;;;;CIF Value (US$);;;;;;Net Weight(Kg);;;;;Quantity;;;;;FOB Value (US$);;;;;Net Weight(Kg);;;;;;;;;;Quantity;;;;;;;;;CIF Value (US$);;;;;;;;;;Net Weight(Kg);Quantity;CIF Value (US$)
;DR Congo;;;United Republic of Tanzania;;;Kenya;;;Uganda;;Rwanda;;;DR Congo;;;United Republic of Tanzania;;;Kenya;;;Uganda;;Rwanda;;;DR Congo;;;United Republic of Tanzania;;;Kenya;;;Uganda;;Rwanda;;;DR Congo;;;United Republic of Tanzania;;;Kenya;;;Uganda;;;Rwanda;;;DR Congo;;;United Republic of Tanzania;;;Kenya;;;Uganda;;;Rwanda;;;DR Congo;;;United Republic of Tanzania;;;Kenya;;;Uganda;;;Rwanda;;;DR Congo;United Republic of Tanzania;;Kenya;Uganda;United Republic of Tanzania;;Kenya;Uganda;DR Congo;United Republic of Tanzania;;Kenya;Uganda;DR Congo;United Republic of Tanzania;;Kenya;Uganda;United Republic of Tanzania;;Kenya;Uganda;DR Congo;United Republic of Tanzania;;Kenya;Uganda;United Republic of Tanzania;;Kenya;Uganda;United Republic of Tanzania;;Kenya;Uganda;United Republic of Tanzania;;Kenya;Uganda;United Republic of Tanzania;Kenya;Uganda;United Republic of Tanzania;Kenya;Uganda;United Republic of Tanzania;Kenya;Uganda;DR Congo;United Republic of Tanzania;;United Republic of Tanzania;;DR Congo;United Republic of Tanzania;;United Republic of Tanzania;;United Republic of Tanzania;;United Republic of Tanzania;;DR Congo;United Republic of Tanzania;United Republic of Tanzania;DR Congo;United Republic of Tanzania;DR Congo;United Republic of Tanzania;;Kenya;DR Congo;United Republic of Tanzania;;Kenya;DR Congo;United Republic of Tanzania;;Kenya;DR Congo;Uganda;;Rwanda;Uganda;;Rwanda;DR Congo;Uganda;;Rwanda;United Republic of Tanzania;Kenya;;United Republic of Tanzania;Kenya;;United Republic of Tanzania;Kenya;;DR Congo;United Republic of Tanzania;Uganda;;United Republic of Tanzania;Uganda;;DR Congo;United Republic of Tanzania;Uganda;;United Republic of Tanzania;;Uganda;United Republic of Tanzania;;Uganda;United Republic of Tanzania;;Uganda;DR Congo;Kenya;;Kenya;;DR Congo;Kenya;;DR Congo;;;United Republic of Tanzania;;;Kenya;;;DR Congo;;;United Republic of Tanzania;;;Kenya;;;DR Congo;;;United Republic of Tanzania;;;Kenya;;;DR Congo;;;United Republic of Tanzania;Uganda;Rwanda;;DR Congo;;;United Republic of Tanzania;Uganda;Rwanda;;DR Congo;;United Republic of Tanzania;Uganda;Rwanda;;United Republic of Tanzania;;;United Republic of Tanzania;;;United Republic of Tanzania;;;Rwanda;Rwanda;Rwanda;DR Congo;;;United Republic of Tanzania;;Rwanda;;;DR Congo;;United Republic of Tanzania;;Rwanda;;;DR Congo;;;United Republic of Tanzania;;Rwanda;;;DR Congo;;;United Republic of Tanzania;Rwanda;;DR Congo;;;United Republic of Tanzania;Rwanda;;DR Congo;;United Republic of Tanzania;Rwanda;;United Republic of Tanzania;;Kenya;;;United Republic of Tanzania;;Kenya;;;United Republic of Tanzania;;Kenya;;;United Republic of Tanzania;;Kenya;;;United Republic of Tanzania;;Kenya;;;United Republic of Tanzania;;Kenya;;;United Republic of Tanzania;;;Kenya;Uganda;;United Republic of Tanzania;;;Kenya;Uganda;;United Republic of Tanzania;;;Kenya;Uganda;;DR Congo;;United Republic of Tanzania;;Kenya;;Uganda;Rwanda;DR Congo;;United Republic of Tanzania;;Kenya;;Uganda;Rwanda;DR Congo;;United Republic of Tanzania;;Kenya;;Uganda;Rwanda;United Republic of Tanzania;United Republic of Tanzania;United Republic of Tanzania;United Republic of Tanzania;;;Kenya;Uganda;United Republic of Tanzania;;;Kenya;Uganda;United Republic of Tanzania;;;Kenya;Uganda;DR Congo;;United Republic of Tanzania;Kenya;DR Congo;;United Republic of Tanzania;Kenya;DR Congo;;United Republic of Tanzania;Kenya;Uganda;Uganda;Uganda;DR Congo;United Republic of Tanzania;Kenya;;Uganda;Rwanda;United Republic of Tanzania;Kenya;;Uganda;Rwanda;DR Congo;United Republic of Tanzania;Kenya;;Uganda;Rwanda;DR Congo;;;United Republic of Tanzania;;;Kenya;;Uganda;;;Rwanda;DR Congo;;;United Republic of Tanzania;;;Kenya;;Uganda;;;Rwanda;DR Congo;;;United Republic of Tanzania;;;Kenya;;Uganda;;;Rwanda;DR Congo;United Republic of Tanzania;;;Kenya;;;Uganda;;Rwanda;;DR Congo;;United Republic of Tanzania;;;Kenya;;;Uganda;;Rwanda;;United Republic of Tanzania;;;Kenya;;;Uganda;;Rwanda;;DR Congo;;;United Republic of Tanzania;;;Kenya;;Uganda;;DR Congo;;;United Republic of Tanzania;;;Kenya;;Uganda;;DR Congo;;;United Republic of Tanzania;;;Kenya;;Uganda;;DR Congo;United Republic of Tanzania;Kenya;Uganda;Rwanda;;DR Congo;;United Republic of Tanzania;Kenya;Uganda;Rwanda;;United Republic of Tanzania;Kenya;Uganda;Rwanda;;United Republic of Tanzania;Kenya;Uganda;;;Rwanda;United Republic of Tanzania;Kenya;Uganda;;;Rwanda;United Republic of Tanzania;Kenya;Uganda;;;Rwanda;United Republic of Tanzania;;Kenya;;Uganda;;Rwanda;United Republic of Tanzania;;Kenya;;Uganda;;Rwanda;United Republic of Tanzania;;Kenya;;Uganda;;Rwanda;Rwanda;Rwanda;Rwanda;United Republic of Tanzania;Kenya;United Republic of Tanzania;Kenya;United Republic of Tanzania;Kenya;DR Congo;United Republic of Tanzania;;;Kenya;United Republic of Tanzania;;;Kenya;DR Congo;United Republic of Tanzania;;;Kenya;Kenya;Kenya;Kenya;DR Congo;;United Republic of Tanzania;;Kenya;;Rwanda;United Republic of Tanzania;;Kenya;;Rwanda;DR Congo;;United Republic of Tanzania;;Kenya;;Rwanda;DR Congo;DR Congo;DR Congo;United Republic of Tanzania;;;United Republic of Tanzania;;;United Republic of Tanzania;;;DR Congo;United Republic of Tanzania;;Kenya;;Rwanda;United Republic of Tanzania;;Kenya;;Rwanda;DR Congo;United Republic of Tanzania;;Kenya;;Rwanda;United Republic of Tanzania;;;Uganda;Rwanda;United Republic of Tanzania;;;Uganda;Rwanda;United Republic of Tanzania;;;Uganda;Rwanda;DR Congo;;United Republic of Tanzania;;Kenya;;Uganda;;Rwanda;;DR Congo;United Republic of Tanzania;;Kenya;;Uganda;;Rwanda;;DR Congo;;United Republic of Tanzania;;Kenya;;Uganda;;Rwanda;;Uganda;Uganda;Uganda
;European Union All Countries;ASEAN;SADC;European Union All Countries;ASEAN;SADC;European Union All Countries;ASEAN;SADC;European Union All Countries;SADC;European Union All Countries;ASEAN;SADC;European Union All Countries;ASEAN;SADC;European Union All Countries;ASEAN;SADC;European Union All Countries;ASEAN;SADC;European Union All Countries;SADC;European Union All Countries;ASEAN;SADC;European Union All Countries;ASEAN;SADC;European Union All Countries;ASEAN;SADC;European Union All Countries;ASEAN;SADC;European Union All Countries;SADC;European Union All Countries;ASEAN;SADC;European Union All Countries;ASEAN;SADC;European Union All Countries;ASEAN;SADC;European Union All Countries;ASEAN;SADC;European Union All Countries;ASEAN;SADC;European Union All Countries;ASEAN;SADC;European Union All Countries;ASEAN;SADC;European Union All Countries;ASEAN;SADC;European Union All Countries;ASEAN;SADC;European Union All Countries;ASEAN;SADC;European Union All Countries;ASEAN;SADC;European Union All Countries;ASEAN;SADC;European Union All Countries;ASEAN;SADC;European Union All Countries;ASEAN;SADC;European Union All Countries;ASEAN;SADC;European Union All Countries;ASEAN;SADC;SADC;European Union All Countries;SADC;European Union All Countries;SADC;European Union All Countries;SADC;European Union All Countries;SADC;SADC;European Union All Countries;SADC;European Union All Countries;SADC;European Union All Countries;European Union All Countries;SADC;SADC;SADC;European Union All Countries;SADC;SADC;SADC;European Union All Countries;European Union All Countries;SADC;SADC;SADC;European Union All Countries;SADC;European Union All Countries;SADC;European Union All Countries;SADC;European Union All Countries;SADC;European Union All Countries;SADC;European Union All Countries;SADC;SADC;SADC;SADC;SADC;SADC;SADC;SADC;SADC;SADC;SADC;European Union All Countries;SADC;European Union All Countries;SADC;SADC;European Union All Countries;SADC;European Union All Countries;SADC;European Union All Countries;SADC;European Union All Countries;SADC;European Union All Countries;SADC;SADC;European Union All Countries;SADC;SADC;ASEAN;SADC;ASEAN;SADC;ASEAN;SADC;ASEAN;SADC;ASEAN;SADC;ASEAN;SADC;ASEAN;SADC;European Union All Countries;ASEAN;SADC;European Union All Countries;SADC;ASEAN;SADC;European Union All Countries;European Union All Countries;European Union All Countries;SADC;European Union All Countries;European Union All Countries;SADC;European Union All Countries;European Union All Countries;SADC;SADC;SADC;European Union All Countries;SADC;SADC;European Union All Countries;SADC;SADC;SADC;European Union All Countries;SADC;European Union All Countries;SADC;European Union All Countries;European Union All Countries;SADC;European Union All Countries;European Union All Countries;SADC;European Union All Countries;European Union All Countries;European Union All Countries;SADC;European Union All Countries;SADC;European Union All Countries;European Union All Countries;SADC;European Union All Countries;ASEAN;SADC;European Union All Countries;ASEAN;SADC;European Union All Countries;ASEAN;SADC;European Union All Countries;ASEAN;SADC;European Union All Countries;ASEAN;SADC;European Union All Countries;ASEAN;SADC;European Union All Countries;ASEAN;SADC;European Union All Countries;ASEAN;SADC;European Union All Countries;ASEAN;SADC;European Union All Countries;ASEAN;SADC;SADC;SADC;European Union All Countries;SADC;European Union All Countries;ASEAN;SADC;SADC;SADC;European Union All Countries;SADC;European Union All Countries;SADC;SADC;SADC;European Union All Countries;SADC;European Union All Countries;ASEAN;SADC;European Union All Countries;ASEAN;SADC;European Union All Countries;ASEAN;SADC;European Union All Countries;European Union All Countries;European Union All Countries;European Union All Countries;ASEAN;SADC;European Union All Countries;SADC;European Union All Countries;ASEAN;SADC;European Union All Countries;SADC;European Union All Countries;SADC;European Union All Countries;ASEAN;SADC;European Union All Countries;ASEAN;SADC;European Union All Countries;SADC;European Union All Countries;ASEAN;SADC;European Union All Countries;ASEAN;SADC;SADC;European Union All Countries;SADC;European Union All Countries;ASEAN;SADC;SADC;European Union All Countries;SADC;ASEAN;SADC;SADC;European Union All Countries;SADC;ASEAN;SADC;European Union All Countries;ASEAN;SADC;ASEAN;SADC;European Union All Countries;ASEAN;SADC;ASEAN;SADC;European Union All Countries;ASEAN;SADC;European Union All Countries;SADC;European Union All Countries;ASEAN;SADC;European Union All Countries;SADC;European Union All Countries;ASEAN;SADC;European Union All Countries;SADC;European Union All Countries;ASEAN;SADC;European Union All Countries;ASEAN;SADC;SADC;European Union All Countries;SADC;European Union All Countries;ASEAN;SADC;SADC;European Union All Countries;SADC;European Union All Countries;ASEAN;SADC;SADC;European Union All Countries;SADC;European Union All Countries;SADC;European Union All Countries;SADC;European Union All Countries;SADC;European Union All Countries;European Union All Countries;European Union All Countries;SADC;European Union All Countries;SADC;European Union All Countries;SADC;European Union All Countries;European Union All Countries;European Union All Countries;SADC;European Union All Countries;SADC;European Union All Countries;SADC;European Union All Countries;European Union All Countries;SADC;SADC;SADC;European Union All Countries;ASEAN;SADC;SADC;European Union All Countries;European Union All Countries;ASEAN;SADC;SADC;European Union All Countries;European Union All Countries;ASEAN;SADC;SADC;European Union All Countries;European Union All Countries;SADC;SADC;European Union All Countries;European Union All Countries;SADC;SADC;European Union All Countries;European Union All Countries;SADC;SADC;European Union All Countries;SADC;SADC;SADC;SADC;European Union All Countries;European Union All Countries;SADC;European Union All Countries;European Union All Countries;European Union All Countries;European Union All Countries;SADC;European Union All Countries;European Union All Countries;SADC;European Union All Countries;European Union All Countries;SADC;European Union All Countries;European Union All Countries;European Union All Countries;ASEAN;SADC;European Union All Countries;ASEAN;SADC;European Union All Countries;SADC;European Union All Countries;ASEAN;SADC;SADC;European Union All Countries;ASEAN;SADC;European Union All Countries;ASEAN;SADC;European Union All Countries;SADC;European Union All Countries;ASEAN;SADC;SADC;European Union All Countries;ASEAN;SADC;European Union All Countries;ASEAN;SADC;European Union All Countries;SADC;European Union All Countries;ASEAN;SADC;SADC;European Union All Countries;European Union All Countries;ASEAN;SADC;European Union All Countries;ASEAN;SADC;European Union All Countries;SADC;European Union All Countries;SADC;European Union All Countries;SADC;European Union All Countries;ASEAN;SADC;European Union All Countries;ASEAN;SADC;European Union All Countries;SADC;European Union All Countries;SADC;European Union All Countries;ASEAN;SADC;European Union All Countries;ASEAN;SADC;European Union All Countries;SADC;European Union All Countries;SADC;European Union All Countries;ASEAN;SADC;European Union All Countries;ASEAN;SADC;European Union All Countries;SADC;ASEAN;SADC;European Union All Countries;ASEAN;SADC;European Union All Countries;ASEAN;SADC;European Union All Countries;SADC;ASEAN;SADC;European Union All Countries;ASEAN;SADC;European Union All Countries;ASEAN;SADC;European Union All Countries;SADC;ASEAN;SADC;European Union All Countries;ASEAN;SADC;SADC;European Union All Countries;SADC;European Union All Countries;SADC;ASEAN;SADC;SADC;European Union All Countries;SADC;ASEAN;SADC;SADC;European Union All Countries;SADC;European Union All Countries;SADC;European Union All Countries;ASEAN;SADC;SADC;European Union All Countries;SADC;European Union All Countries;ASEAN;SADC;SADC;European Union All Countries;SADC;European Union All Countries;ASEAN;SADC;SADC;European Union All Countries;SADC;European Union All Countries;ASEAN;European Union All Countries;SADC;European Union All Countries;European Union All Countries;SADC;European Union All Countries;ASEAN;European Union All Countries;SADC;European Union All Countries;European Union All Countries;SADC;European Union All Countries;ASEAN;European Union All Countries;SADC;European Union All Countries;SADC;SADC;SADC;European Union All Countries;SADC;European Union All Countries;SADC;European Union All Countries;SADC;SADC;European Union All Countries;ASEAN;SADC;ASEAN;European Union All Countries;ASEAN;SADC;ASEAN;SADC;European Union All Countries;ASEAN;SADC;ASEAN;SADC;SADC;SADC;European Union All Countries;SADC;European Union All Countries;SADC;European Union All Countries;SADC;European Union All Countries;European Union All Countries;SADC;European Union All Countries;SADC;European Union All Countries;European Union All Countries;SADC;European Union All Countries;SADC;European Union All Countries;SADC;European Union All Countries;SADC;SADC;SADC;European Union All Countries;ASEAN;SADC;European Union All Countries;ASEAN;SADC;European Union All Countries;ASEAN;SADC;European Union All Countries;European Union All Countries;SADC;European Union All Countries;SADC;SADC;European Union All Countries;SADC;European Union All Countries;SADC;SADC;European Union All Countries;European Union All Countries;SADC;European Union All Countries;SADC;SADC;European Union All Countries;ASEAN;SADC;SADC;SADC;European Union All Countries;ASEAN;SADC;SADC;SADC;European Union All Countries;ASEAN;SADC;SADC;SADC;European Union All Countries;SADC;European Union All Countries;SADC;European Union All Countries;SADC;European Union All Countries;SADC;European Union All Countries;SADC;European Union All Countries;European Union All Countries;SADC;European Union All Countries;SADC;European Union All Countries;SADC;European Union All Countries;SADC;European Union All Countries;SADC;European Union All Countries;SADC;European Union All Countries;SADC;European Union All Countries;SADC;European Union All Countries;SADC;SADC;SADC;SADC
Units;Kg;Kg;Kg;Kg;Kg;Kg;Kg;Kg;Kg;Kg;Kg;Kg;Kg;Kg;;;;;;;;;;;;(blank);(blank);(blank);US$;US$;US$;US$;US$;US$;US $;US $;US $;US$;US$;US$;US$;US$;Kg;Kg;Kg;Kg;Kg;Kg;Kg;Kg;Kg;Kg;Kg;Kg;Kg;Kg;Kg;;;;;;;;;;;;;(blank);;(blank);US$;US$;US$;US$;US$;US$;US $;US $;US $;US$;US$;US$;US$;US$;US$;Kg;Kg;Kg;Kg;Kg;;;;;US$;US$;US$;US$;US$;Kg;Kg;Kg;Kg;Kg;;;;;US$;US$;US$;US $;US$;Kg;Kg;Kg;Kg;;;;;US$;US$;US$;US$;Kg;Kg;Kg;;;;US$;US $;US$;Kg;Kg;Kg;;;US$;US$;US$;Kg;Kg;;;US$;US$;Kg;Kg;;US$;US$;Kg;Kg;Kg;Kg;;;;;US$;US$;US$;US $;Kg;Kg;Kg;Kg;;;(blank);US$;US$;US$;US$;Kg;Kg;Kg;;;;US$;US$;US $;Kg;Kg;Kg;Kg;;;;US$;US$;US$;US$;Kg;Kg;Kg;;;;US$;US$;US$;Kg;Kg;Kg;;;US$;US $;US$;Kg;Kg;Kg;Kg;Kg;Kg;Kg;Kg;Kg;;;;;;;;;;US$;US$;US$;US$;US$;US$;US$;US $;US$;Kg;Kg;Kg;Kg;Kg;Kg;Kg;;;;;;;;US$;US$;US$;US$;US$;US$;Kg;Kg;Kg;;;;US$;US$;US$;Kg;(blank);US$;Kg;Kg;Kg;Kg;Kg;Kg;Kg;Kg;;;;;(blank);(blank);;US$;US$;US$;US$;US$;US$;US$;US$;Kg;Kg;Kg;Kg;Kg;Kg;;;;;;(blank);US$;US$;US$;US$;US$;Kg;Kg;Kg;Kg;Kg;;;;;;US$;US$;US $;US $;US $;Kg;Kg;Kg;Kg;Kg;;;;;;US$;US$;US$;US $;US $;Kg;Kg;Kg;Kg;Kg;Kg;;;;;;;US$;US$;US$;US$;US$;US$;Kg;Kg;Kg;Kg;Kg;Kg;Kg;Kg;;;;;;;;;US$;US$;US$;US$;US $;US $;US$;US$;Kg;;US$;Kg;Kg;Kg;Kg;Kg;;;;;;US$;US$;US$;US$;US$;Kg;Kg;Kg;Kg;;;;;US$;US$;US$;US$;Kg;;US$;Kg;Kg;Kg;Kg;Kg;Kg;;;;;;US$;US$;US $;US $;US$;US$;Kg;Kg;Kg;Kg;Kg;Kg;Kg;Kg;Kg;Kg;Kg;Kg;;;;;;;;;;;;(blank);US$;US$;US$;US$;US$;US$;US$;US $;US$;US$;US$;US$;Kg;Kg;Kg;Kg;Kg;Kg;Kg;Kg;Kg;Kg;Kg;;;;;;;;;;;(blank);(blank);US$;US$;US$;US $;US$;US$;US$;US$;US$;US$;Kg;Kg;Kg;Kg;Kg;Kg;Kg;Kg;Kg;Kg;;;;;;;;;;;US$;US$;US$;US$;US$;US$;US$;US$;US$;US$;Kg;Kg;Kg;Kg;Kg;Kg;;;;;;(blank);(blank);US$;US$;US$;US$;US$;Kg;Kg;Kg;Kg;Kg;Kg;;;;;;(blank);US$;US $;US$;US$;US$;US$;Kg;Kg;Kg;Kg;Kg;Kg;Kg;;;;;;;(blank);US$;US$;US $;US$;US$;US$;US$;Kg;(blank);US$;Kg;Kg;;;US$;US$;Kg;Kg;Kg;Kg;Kg;;;;;US$;US$;US$;US$;US$;Kg;;US $;Kg;Kg;Kg;Kg;Kg;Kg;Kg;;;;;;US$;US$;US$;US$;US $;US$;US$;US$;Kg;US$;Kg;Kg;Kg;;;;US$;US$;US$;Kg;Kg;Kg;Kg;Kg;Kg;;;;;;US$;US$;US$;US$;US$;US$;Kg;Kg;Kg;Kg;Kg;;;;;(blank);US$;US$;US$;US$;US$;Kg;Kg;Kg;Kg;Kg;Kg;Kg;Kg;Kg;Kg;;;;;;;;(blank);;US$;US$;US$;US$;US$;US$;US$;US$;US$;US$;Kg;;US$
Jan 2020;278955;185000;75440;;;92,15;1560000;11000000;;;;75619;77386,5;;;;;;;92,15;1560000;11000000;;;;75619;77332;;591086,9992;613450,0001;64958,9875;;;166,67;1098165,618;2141650,724;;;;1127441,507;1247638,42;;;;4506660;;;;;;;;;;;;;;;;;;;;;;;;;;;;;;1599005,274;;;;;;;;;;;;;;;;;;;;;;;;;;;;;;;;;;;;;;;;;;;;;;;;;;;;;;;;;;;;;;;;;;;;;;;;;;;;;;;;;;;;;;;;;;;;;;;;;;;;;;;;;;;;;;;;;;;;;;;;;;;;;;;;;;;;;;;;;;;;;19205;150000;75440;;;;;;;;;;;;;;;;22088;204000;64958,9875;;;;;;;;;;;;;;;;;;;;;;;;;;;;;;;;;;;;;;;19200;;;;;22062;57472;;;;;;22062;57417;;22080,0002;;;;;163053,8353;554861,6247;;;;;;;;;;;;;;;;;;;;;;11000000;;;;;11000000;;;;;2141650,724;;;;;;;;;;;;;;;;;;;;;;;;;;;;;;;;;;;;;;;;;;;;;;;;;;;;;;;;;;;;;;;;;;;;;;;;;;;;;;;;;;;;;;;;;;;;;;;;;;;;;;;;;;;;;;;;;;2178,499;;8051;;;;;;;;;;2178,499;;8051000;;;;;;;;;;95935359,12;;326673,1891;;;;;;;;;;;;;934,51;;215,27;;;;;;;;;;938684;;215278;;;;;;;;43250897,46;;10161400;;;;;;2178,499;;;;;;;;;;2178,499;;;;;;;;;;95935359,12;;;;;;;;6,51;;215,27;;;;;6517;;215278;;;246246,13;;10161400;;8051;;;;;;8051000;;;;;;326673,1891;;;;;;;;;;928;;;;;;;932167;;;;;;;43004651,33;;;;;;;;;;;;;;;;;;;;;;;;;;;;;;;;;;100;;;;;100;;;;;;;178,6577445;;;;;;92,15;;;92,15;;;166,67;;;;;;;;;;;;;;;;;;;;;;;;;;;;;;;;;;;;;;;;;;;;;;;;;;;;;;;;;;;;;;;;
Feb 2020;847917;170300;227016;;;;726000;500000;;;;79013;134016;;;;;;;;726000;500000;;;;79013;133961;;1386821,002;725406,9999;183669,0047;;;;923767,8763;684612,4371;;;;1101754,938;1734478,885;;;;1442503;;;1673;4;;;;;;;;;;;;;;1673;4;;;;;;;;;;;472641,6931;;;57976;4128,263605;;;;;;;;;;;;;;;;;;;;;;;;;;;;;;;;;;;;;;;;;;;;;;;;;;;;;;;;;;;;;;;;;;;;;;;;;;;;;;;;;;;;;;;;;;;;;;;;;;;;;;;;;;;;;;;;;;;;;;;;;;;;;;;;;;;;;;;;;77730;;227016;;;;;;;;;;;;;;;;83975,9998;;183669,0047;;;;;;;;;;;;;;;;;;;;;;;;;;;;;;;;;;;;;;;252000;;;;;21700;60205,5;;;;;;21700;60150;;329016,0015;;;;;166672,833;532349,044;;;;;;;;;;;;;;;;;;;;;;500000;;;;;500000;;;;;684612,4371;;;;;;;;;;;;;;;;;;;;1370;;100;;;;1370000;;12;;;;781,0587749;;108,81;;;;;;;;;;;;;;;;;;;;;;;;;;;;;;;1370;;;;;1370000;;;;;781,0587749;;;;;;;;;;;;;;100;12;108,81;;;;;;;;;;;;;;;;;;;;;7,39;;1416,61;;50317;;;;;;;;7,39;;1416,61;;50317000;;;;;;;;368385,3537;;63284225,97;;2082519,123;;;;;;;;;;;;;1317;;227;;;;;;;;;;1325720;;227000;;;;;;;;65047165,49;;10609819,34;;;;7,39;;1416,61;;;;;;;;7,39;;1416,61;;;;;;;;368385,3537;;63284225,97;;;;;;;;;;227;;;;;;;227000;;;;;10609819,34;;50317;;;;;;50317000;;;;;;2082519,123;;;;;;;;;;1317;;;;;;;1325720;;;;;;;65047165,49;;;;;;;;;;;;;;;;;;;;;;;;;;;;;;;;0,2;;;;;200;;;;;;;2315,131637;;;;;;;;;;;;;;;;;;4;;;;;4;;;;;;4128,263605;;;;;;;150;;;;;150;;;;;45,39653797;;;;;;;;;;;;;;;;;;;;;;;;;;;;;;;;
Mar 2020;540000;126820;562266;;;;75000;352000;;;;39554;66040,5;;;;;;;;75000;352000;;;;38554;66040;;887183,9997;193897,9993;430339,0901;;;;23957,44999;486972,6972;;;;330097,3562;1083285,928;;4550;;3474363;0;;;;;48001,3;;;;;;;;;;0;;;;;48001,3;;;;;;;9800,7379;;994641,3329;197;;;;;33131,06957;;;;;;;;;;;;;;;;;;;;;;0;;;;0;;;;;197;;;;;;;;;;;;;;;;;;;;;;;;;;;;;;;;;0;;0;;197;;;;;;;;;;;;;;;;;;;;;;;;;;;;;;;;;;;;;;;;;;;;;;;;;;;;;;;;;;;;;;;;;;;19200;;562266;;;;;;;;;;;;;;;;31871,9997;;430339,0901;;;;;;;;;444906;;;;;;;;;;;;;88992,0015;;;;;;;;;;;;;;;;;19200;;;;;;45909,5;;;;;;;45909;;32063,9999;;;;;;428513,7688;;;;;;;;;;;;;;;;;;;;;;300000;;;;;300000;;;;;417574,5505;;;;;;;;;;;;;;;;;;;;2275;;;;;;2275000;;;;;;92664,90741;;;;;;;;;;;;;;;;;;;;;;;;;;;;;;;;;2275;;;;;2275000;;;;;92664,90741;;;;;;;;;;;;;;;;;;;;;;;;;;;;;;;;;;;;;10,57;;1873,629;;;;;;;;;;10,57;;1873,629;;;;;;;;;;547816,4306;;82994252,83;;;;;;;;;;;;;;;564;;190,806;;;;;;;;;;568288;;191000;;;;;;;;27733676,6;;9391591,808;;;;10,57;;1873,629;;;;;;;;10,57;;1873,629;;;;;;;;547816,4306;;82994252,83;;;;;;;;;;190,806;;;;;;;191000;;;;;9391591,808;;;;;;;;;;;;;;;;;;;;;;;;564;;;;;;;568288;;;;;;;27733676,6;;;;;;;;;;;;;;;;;;;;;;;;;;;;;;;;;;;;;;;;;;;;;;;;;;;;;;;;;;;;;;;;;;;;;;;;;;;;;;;;;;;;;;;;;;;;;;;;;;;;;;;;;;;;;;;;;;;;;;;;;;
Apr 2020;1015200;6000;201708;5137035;4499175;;811000;152000;;;;;123648;;;;;5137035;4499175;;811000;152000;;;;;123650;;1349591,998;9599,9999;137221,0001;45794014,6;40018735,72;;1066843,204;244734,4898;;;;;1664217,711;;4920;;16488901;;;;15,4;;;;;;;;;;;;;;;15,4;;;;;;;;;19225,5483;;4156907,915;;;;441,8280034;;;;;;;;;;;;;;;;;;;;;;;;;;;;;;;;;;;;;;;;;;;;;;;;;;;;;;;;;;;;;;;;;;;;;;;;;;;;;;;;;;;;;;;;;;;;;;;;;;;;;;;;;;;;;;;;;;;;;;;;;;;;;;;;;;;;;;;;;537600;;201708;;;;;;;;;;;;;;;;553535,9986;;137221,0001;;;;;;;;;10130044;;;;;;;;;;;;;2081228,737;;;;;;;;;;;;;;;;;57600;;;;;;74094,5;;;;;;;74096;;110207,9999;;;;;;606136,5306;;;;;;;;;;;;;;;;;;;;;112000;100000;;;;112000;100000;;;;155253,8388;171078,8337;;;;;;;;;;;;;;;;;;;;;;;;;;;;;;;;;;;;28;;;;;;;;1;;;;;;;;2412,3996;;;;;;;;;;;;;;;;;;;;;;;;;;28;;;;1;;;;2412,3996;;;;;;;;;;;;;;;;;;;;;;;;;;;;2020,435;;;;;;;;;;;;2020,435;;;;;;;;;;;;94478904,21;;;;;;;;;;;;;;;292;;26;;;;;;;;;;294233;;26000;;;;;;;;14949425,91;;1374688,926;;;;;;2020,435;;;;;;;;;;2020,435;;;;;;;;;;94478904,21;;;;;;;;;;26;;;;;;;26000;;;;;1374688,926;;;;;;;;;;;;;;;;;;;;;;;;292;;;;;;;294233;;;;;;;14949425,91;;;;;;;;;;;;;;;;;;;;;;;;;;;;;;;;;;;;;;;;;;;;;;;;;;5137035;4499175;;5137035;4499175;;45794014,6;40018735,72;;;;;15,4;;;;;15,4;;;;;;441,8280034;;;;;;;;;;;;;;;;;;;;;;;;;;;;;;;;;;;;;;;;;;;;;;;;;
May 2020;849682;24600;82923;14141080;;819;774000;11656000;;;;54851;24178;;;;;14141080;;819;774000;11656000;;;;54850;24178;;1031608,818;116724;56319,1116;123455883,4;;1381,958;915097,5701;3163513,641;;;;504919,3523;213484,0844;;;;17499478;;;;;;;;;;;227;;;;;;;;;;;;;;;227;;;;3530815,037;;;;;;;;;;;1064,147431;;;;;;;;;;;;;;;;;;;;;;;;;;;;;;;;;;;;;;;;;;;;;;;;;;;;;;;;;;;;;;;;;;;;;;;;;;;;;;;;;;14;;;;;;;14876,2563;;;;;;;;;;;;;;;;;;;;;;;;;;;;;;;;;;;;;;;;;537682;;82923;;;;;;;;;;;;;;;;519736,8171;;56319,1116;;;;;;;;;17400454;;;;;;;;;;;;;3482066,404;;;;;;;;;;;;;;;;;57600;;;;;;24178;;;;;;;24178;;110783,9997;;;;;;213484,0844;;;;10;;;;;;;;;;;11593,5605;;;;;;;11500000;;;;;11500000;;;;;2942945,302;;;;;;;;;;;;;;;;;;;;;;;;;;;;;;;;;;;;;;;;;;;;;;;;;;;;;;;;;;;;;;;;;;;;;;;;;;;;;;;;;;;;;;;;;;;;;;;;;;;;;;;;;;;;;;;;;;2134,82;;;;;;;;;;;;2134,82;;;;;;;;;;;;103586452;;;;;;;;;;;;;;;826;;;;;;;;;;;;831718;;;;;;;;;;41076982,75;;;;;;;;2134,82;;;;;;;;;;2134,82;;;;;;;;;;103586452;;;;;;;;179;;;;;;;179570;;;;;6965455,27;;;;;;;;;;;;;;;;;;;;;;;;;;647;;;;;;;652148;;;;;;;34111527,48;;;;;;;;;;;;;;;;;;;;;;;;;;;;;;;;;;;;;;;;;;;;;;;;;;14141080;;819;14141080;;819;123455883,4;;1381,958;;;;;;;;;;;;;;;;;;;;;;;;;;;;;;;;;;;;;10;;;;;;;;;10;;;;;;;;;;215,2606476;;;;;;;;
Jun 2020;846600;;179385;;;;150000;656000;;;;107666;113764;;;;;;;;150000;656000;;;;107665;113764;;1061129,999;;138099,9999;;;;64564,07224;921322,9862;;;;1619717,8;907127,5252;;10800;;24347066;;;65713;0,1;;41000;;;;;;;;;;;;65713;0,1;;41000;;;;;;;8735,4602;;5271333,911;;;25248;42,89677642;;26436,24802;;;;;;;;;;;;;;;;;;;;;;;;;;;;;;;;;;;;;;;;;;;;;;;;;;;;;;;;;;;;;;;;;;;;;;;;;;;;;;;;;;;;;;;;;;;;;;;;;;;;;;;;;;;;;;;;;;;;;;;;;;;;;;;;;;;;;;;345600;;179385;;;;;;;;;;;;;;;;320063,9996;;138099,9999;;;;;;;;;20718320;;;;;;;;;;;;;4128744,92;;;;;;;;;;;;;;;;;59400;;;;;21955;89684;;;;;;21955;89684;;36233,9993;;;;;165713,2611;739734,8812;;;;;;;;;;;;;;;;;;;;;;500000;;;;;500000;;;;;703254,2699;;;;;;;;;;;;;;;;;;;;;;;;;;;;;;;;;;;;;;;;;;;;;;;;;;;;;;;;;;;;;;;;;;;;;;;;;;;;;;;;;;;;;;;;;;;;;;;;;;;;;;;;;;;;;;;;;;1960,443;;;;;;;;;;;;1960,443;;;;;;;;;;;;95927705,87;;;;;;;;;;;;;;;1431,77;;;;;;;;;;;;1426244;;;;;;;;;;73544526,29;;;;;;;;1960,443;;;;;;;;;;1960,443;;;;;;;;;;95927705,87;;;;;;;;89,77;;;;;;;89773;;;;;5016695,37;;;;;;;;;;;;;;;;;;;;;;;;;;1342;;;;;;;1336471;;;;;;;68527830,92;;;;;;;;;;;;;;;;;;;;;;;;;;;;;;;;;;;;;;;;;;;;;;;;;;;;;;;;;;;;;;;;;;;;;;;;;;;;;;;;;;;;;;;;;;;;;;;;;;;;;;;;;;;;;;;;;;;;;;;;;;
Jul 2020;1075520;131000;94154;11720346;;367,17;1036000;11104000;;;;66300;150848;;;6;8;11720346;;367,17;1036000;11104000;;;;66300;150848;;1275207,999;106200,0007;95179,5108;107342556;;200;1267313,932;2394960,851;;;;649342,0724;2129405,646;;;;17613722;;;;;;79000;;;;;;;;;;;;;;;79000;;;;;;;;;4238637,573;;;;;;22233,33661;;;;;;;;;;;;;;;;;;;;;;;;;;;;;;;;;;;;;;;;;;;;;;;;;;;;;;;;;;;;;;;;;;;;;;;;;;;;;3;;;;3;;;;100;;;;;;;;;;;;;1;;;1;;;100;;;;;;;;;;;;;;;;;;;;;;;;;;;;;;;460800;;90654;;;;;;;;;7;;;;;;;434688,0004;;91679,5106;;;;;;;;;11911500;;;;;;;;;;;;;2382215,907;;;;;;;;;;;;;;;;;115520;;3500;;;22400;65073;;;1;;;22400;65073;;182783,9993;;3500,0002;;;204051,9769;619015,8329;;;;;;;;;;;;;;;;;;;;;;11000000;;;;;11000000;;;;;2249394,383;;;;;;;;;;;;;;;;;;;;3800;;;;;;3800000;;;;;;122453,4261;;;;;17;;;;;;;;17;;;;;;;;315;;;;;;;;;;;;3800;;;;;3800000;;;;;122453,4261;;;;;;;;;;;;;;;;;;17;;;;;17;;;;;;315;;;;;;;;;;2057,17;;;;;;;;;;;;2057,17;;;;;;;;;;;;104177068,5;;;;;;;;;;;;;;;2978,7;;468,951;;;;;;;;;;2989979;;469000;;;;;;;;158080607,3;;24123469,36;;;;;;2057,17;;;;;;;;;;2057,17;;;;;;;;;;104177068,5;;;;;;;;1158,7;;468,951;;;;;1158699;;469000;;;64344311;;24123469,36;;;;;;;;;;;;;;;;;;;;;;;;1820;;;;;;;1831280;;;;;;;93736296,25;;;;;;;;;;;;;;;;;;;;;;;;;;;;;;;;;;;;;;;;;;;;;;;;;;11720345;;364,17;11720345;;364,17;107342456;;100;;;;;;;;;;;;;;;;;;;;;;;;;;;;;;;;;;;;16000;;;;;;;;;16000;;;;;;;;;;7822;;;;;;;;;
Aug 2020;175213;;475510;895900;;;543000;52000;;;;23440;128271,5;20;14;;;895900;;;543000;52000;;;;23440;128272;20;230682,6005;;412503,9995;8165997,913;;;645979,7458;72559,21973;;;;236063,2991;1633125,021;66,07425711;;;7314240;;;;;;49501;;;152;;;;;;;;;;;;49501;;;152;;;;;;1595002,698;;;;;;56631,0177;;;112,7;;;;;;;;;;;;;;;;;;;;;;;;;;;;;;;;;;;;;;;;;;;;;;;;;;;;;;;;;;;;;;;;;;;;;;;;;;;;;;;;;;;;;;;;;;;;;;;;;;;;;;;;;;;;;;;;;;;;;;;;;;;;;;;;;;;;6;;475347;;;;;;;14;;;;;;;;;15,6004;;412496,9995;;;;;;;;;6209020;;152;;;;;;;152;;;;1246856,005;;112,7;;;;;;;;;;;;;;;;;;;;;39432,5;20;;;;;;39433;20;;;;;;;441718,8378;66,07425711;;;;;;;;;;;;;;;;;;;;;;;;;;;;;;;;;;;;;24001;;;;;24001;;;;;37918,41586;;;;;;;;;;;;;;;;;;;;;;;;;;;;;;;;;;;;;;;;;;;;;;;;;;;;;;;;;;;;;;;;;;;;;;;;;;;;;;;;;;;;;;;;;;;;;;;;;;1963,92;;;;;;;;;;;;1963,92;;;;;;;;;;;;108940101,5;;;;;;;;;;;;;;;2420,75;;1299,73;;;;;;;;;;2427833;;1293000;;;;;;;;131686326,6;;75907440,57;;;;;;1963,92;;;;;;;;;;1963,92;;;;;;;;;;108940101,5;;;;;;;;1277,75;;1299,73;;;;;1277757;;1293000;;;68645114,88;;75907440,57;;;;;;;;;;;;;;;;;;;;;;;;1143;;;;;;;1150076;;;;;;;63041211,73;;;;;;;;;;;;;;;;;;;;;;;;;;;;;;;;;;;;;;;;;;;;;;;;;;770900;;;770900;;;8108368,25;;;;;;;;;;;;;;;;;;;;3,61;;;;;3,61;;;;;50;;;;;;;920;;;;;;;;;920;;;;;;;;;;3720;;;;;;;;;;
Sep 2020;509246;300;375971;;11000;165,7;11150000;352000;;;;43480;48870;;;8;1;;11000;165,7;11150000;352000;;;;43480;48870;;883433,0021;415,9999;351741,4831;;1443,475785;100;2294194,365;485560,1812;;;;420842,2832;470017,8147;;;;11185606;3;;;;;79100;;;;;;;;;;3;;;;;79100;;;;;;;;;2268308,287;18;;;;;48729,49596;;;;;;;;;;;;;;;;;;;;;;;;;;;;;;;;;;;;;;;;;;;;;;;;;;;;;;;;;;;;;;;;;;;;;;;;;;;;;;;;;;;;;;;;;;;;;;;;;;;;;;;;;;;;;;;;;;;;;;;;;;;;;;;;;;;;;;;19266;300;375471;;;165,7;;;;;8;;;;165,7;;;;21729,9999;415,9999;350661,4832;;;100;;;;;;11041960;;;;;;;;;;;;;2222515,989;;;;;;;;;;;;;;;;;98200;;;;;22780;48870;;;;;;22780;48870;;108984;;;;;212058,717;470017,8147;;;;;;;;;;;;;;;;;;;;;11000000;300000;;;;11000000;300000;;;;2198911,887;412616,3329;;;;;;24000;;;;;24000;;;;;36712,40628;;;;;;;;;;;;;;;;;;;;;;;;;;;;;;;;;;;;;;;;;;;;;;;;;;;;;;;;;;;;;;;;;;;;;;;;;;;;;;;;;;;;;;;;;;;;;97077;;;;;1558,28;;;;676;;;134004;;;;;1558,28;;;;100;;;33961,983;;;;;84737337,5;;;;9141,06;;;;;;;;;1;;2722,41;;848;;;;;;;;698;;2568953;;848000;;;;;;36698,3656;;144660714,7;;49105454,08;97077;;;;;1558,28;;;676;;134004;;;;;1558,28;;;100;;33961,983;;;;;84737337,5;;;9141,06;;;;1;1073,41;;848;;;;698;887607;;848000;;36698,3656;55788593,41;;49105454,08;;;;;;;;;;;;;;;;;;;;;;;;1649;;;;;;;1681346;;;;;;;88872121,33;;;;;;3377;;3377000;;174763,93;;;;;;;;;;;;;;;;;;;;;;;;;;;;;;;;;;;;;;;;;;;;;;;;;;3;;;;;3;;;;;;18;;;;;;;;;;;;;;;;;;;;;;;;;;;;;;;;;;;;;;;;;;;;;;;;;;;
Oct 2020;874657;44200;288;13,4;;12003,25;10593000;;;;;60299;123273;;;;;13,4;;12003,25;10593000;;;;;60299;123272;;1515976,168;213945,9998;15,0005;3;;118824,6074;12707205,97;;;;;537422,8204;1346994,699;;;;3271596;;;;;;38024,5;;;;;;5586,15;;;;;;;;;38024,5;;;;;;5586;;;707336,3209;;;;;;61708,02715;;;;;;8928,00937;;;;;;;;;;;;;;;;;;;;;;;;;;;;;;;;;;;;;;;;;;;;;;;;;;;;;;;;;;;;;;;;;;;;;;;;;;;;;;;;;;;;;;;;;;;;;;;;;;;;;;;;;;;;;;;;13,4;;;13,4;;;3;;;;;;;;;;;196800;;288;;;2000;;;;;;;;;2000;;;;371328;;15,0005;;;748,9331341;;;;;;2997660;;;;;;;;;;;;;599532,0014;;;;;;;;;;;;;;;;;117600;;;;10003,25;20456;87533;;;;;10003,25;20456;87532;;223032,0003;;;;118075,6742;201743,189;852684,9349;;;;;;;5586,15;;;;;;5586;;;;;8928,00937;;;10000000;;;;;10000000;;;;;12025992,38;;;;;;;38024,5;;;;;38024,5;;;;;61708,02715;;;;1898;;;;;;1898000;;;;;;17285,65642;;;;;;;;;;;;;;;;;;;;;;;;;;;;;;;;;1898;;;;;1898000;;;;;17285,65642;;;;;;;;;;;;;;;;;;;;;;;;;;;;;;;;;;;;;;;1971,876;;101755;;676;;;;;;;;1971,876;;95652908;;10;;;;;;;;104783355,1;;5181426,584;;9104,35;;;;;;;;;;;2608,86;;724,167;;;;;;;;;;2618717;;723000;;;;;;;;140837611,5;;42275085;;;;;;1971,876;;;676;;;;;;;1971,876;;;10;;;;;;;104783355,1;;;9104,35;;;;;1359,86;;724,167;;;;;1359852;;723000;;;70115704,03;;42275085;;101755;;;;;;95652908;;;;;;5181426,584;;;;;;;;;;1249;;;;;;;1258865;;;;;;;70721907,47;;;;;;;;;;;;;;;;;;;;;;;;;;;;;;;;;;;;;;;;;;;;;;;;;;;;;;;;;;;;;;;;;;;;;;;;;;;;;;;;;;;;;;;;;;;;;;;;;;;;;;;;;;;;;;;;;;;;;;;;;;
Nov 2020;555420;;457116;167860;54000;;618000;11302000;;;;35325,5;180087;;;;2;167860;54000;;618000;11302000;;;;35325;180087;;781514,9997;;436913,713;319902,1894;6298,58522;;695168,7101;2761931,465;;;;287891,701;2461920,373;;;;467531;;;44000;;;24000;;;;1;;;;;;;;44000;;;24000;;;;1;;;;;155031,1402;;;26387;;;36596,59602;;;;361,234757;;;;;;;;;;;;;;;;;;;;;;;;;;;;;;;;;;;;;;;;;;;;;;;;;;;;;;;;;;;;;;;;;;;;;;;;;;;;;;;;;;;;;;;;;;;;;;;;;;;;;;;;;;;;;;;;;;;;;;;;;;;;;;;;;;;59220;;450380;;;;;;;;;2;;;;;;;67478,9999;;436533,7117;;;;;;;;;;;;;;;;;;;;;;;;;;;;;;;;;;;;;;;192000;;;;;;85217,5;;;;;;;85217;;180864,0002;;;;;;912537,374;;;;;;;;;;;;;;;;;;;;;;11302000;;;;;11302000;;;;;2761931,465;;;;;;24000;;;;;24000;;;;;36596,59602;;;;;;;;;;;;;;;;;;;;;;;20;;;;;;;;20000;;;;;;;;591,8719674;;;;;;;;;;;;;;;;;;;;;;;;;;;;;;;;;;;;;;;20;;;;;20000;;;;;;591,8719674;;;;;;;;;1742,16;;2903;;;;;;;;;;1742,16;;2903000;;;;;;;;;;90684467,47;;128993,4475;;;;;;;;;;;;;2398,91;;475;;;;;;;;;;2412594;;474700;;;;;;;;130142008;;27012019,6;;;;;;1742,16;;;;;;;;;;1742,16;;;;;;;;;;90684467,47;;;;;;;;728,91;;475;;;;;728898;;474700;;;35074259,12;;27012019,6;;2903;;;;;;2903000;;;;;;128993,4475;;;;;;;;;;1670;;;;;;;1683696;;;;;;;95067748,9;;;;;;;;;;;;;;;;;;;;;;;;;;;;;;;;;;;;;;;;;;;;;;;;;;20860;;;20860;;;193847,6719;;;;;0;;;;;0;;;;;;23201;;;;;;;;;;;;;;;;;;;;;;;1000;;;;;;;;;1000;;;;;;;;;;5352,593968;;;;;;;;
Dec 2020;328800;;626381;;;;1038000;100000;;;;19004;122743,5;250;;;;;;;1038000;100000;;;;19004;122743;250;444168,9988;;663593,1677;;;;1262293,82;129899,7882;;;;187817,9053;1824607,166;113,3377982;;;2047463;;;;;;4000;;;;;;;;;;;;;;;4000;;;;;;;;;625038,9696;;;;;;1418,060331;;;;;;;;;;;;;;;;;;;;;;;;;;;;;;;;;;;;;;;;;;;;;;;;;;;;;;;;;;;;;;;;;;;;;;;;;;;;;;;;;;;;;;;;;;;;;;;;;;;;;;;;;;;;;;;;;;;;;;;;;;;;;;;;;;;;;;;38400;;625682;;;;;;;;;;;;;;;;42240;;663559,0005;;;;;;;;;;;;;;;;;;;;;;;;;;;;;;;;;;;;;;;;;;;;;63415,5;;;;;;;63415;;;;;;;;630113,9405;;;;;;;;;;;;;;;;;;;;;;100000;;;;;100000;;;;;129899,7882;;;;;;;;;;;;;;;;;;;;;;;;;;;;;;;;;;;;;;;;;;;;;;;;;;;;;;;;;;;;;;;;;;;;;;;;;;;;;;;;;;;;;;;;;;;;;;;;;;;;;;;;;;;;;;;;;;1970,436;1;9459;;;;;;;;;;1970,436;1000;9459000;;;;;;;;;;103632984,7;48551,78922;419632,9658;;;;;;;;;;;;;3098,37;;212;;;;;;;;;;3112448;;210954;;;;;;;;172465485,2;;12033123,6;;;;;;1970,436;1;;;;;;;;;1970,436;1000;;;;;;;;;103632984,7;48551,78922;;;;;;;779,37;;212;;;;;779359;;210954;;;40311564,44;;12033123,6;;9459;;;;;;9459000;;;;;;419632,9658;;;;;;;;;;2319;;;;;;;2333089;;;;;;;132153920,8;;;;;;;;;;;;;;;;;;;;;;;;;;;;;;;;;;;;;;;;;;;;;;;;;;;;;;;;;;;;;;;;;;;;;;;;;;;;;;;;;;;;;;;;;;;;;;;1,1;;;;;;;;;1,1;;;;;;;;;;92,63351396;;;;;;;;
Jan 2021;370600;19200;225248;;;;570000;11600000;;;;18001;117092;250;;;;;;;570000;11600000;;;;18001;116954;250;662684,0015;37999,1455;250337,9977;;;;742687,2412;2586268,914;;;;175875,4061;1246501,393;327,5630322;;;3653832;;;;;;450347;;;;;;;;;;;;;;;450347;;;;;;;;;1111516,546;;;;;;24334,10892;;;;;;;;;;;;;;;;;;;;;;;;;;;;;;;;;;;;;;;;;;;;;;;;;;;;;;;;;;;;;;;;;;;;;;;;;;;;;;;;;;;;;;;;;;;;;;;;;;;;;;;;;;;;;;;;;;;;;;;;;;;;;;;;;450347;;450347;;;24334,10892;;;225248;;;;;;;;;;;;;;;;;;250337,9977;;;;;;;;;;;;;;;;;;;;;;;;;;;;;;;;;;;;;;;38400;;;;;;92967;;;;;;;92829;;42240,0004;;;;;;1053960,322;;;;;;;;;;;;;;;;;;;;;;11600000;;;;;11600000;;;;;2586268,914;;;;;;;;;;;;;;;;;;;;3504;;;;;;3504000;;;;;;4439,617613;;;;;;;;;;;;;;;;;;;;;;;;;;;;;;;;;3504;;;;;3504000;;;;;4439,617613;;;;;;;;;;;;;;;;;;;;;;;;;;;;;;;;;;;;;;;1485,62;;8570;;;;;;;;;;1485,62;;8570000;;;;;;;;;;79666362,63;;423310,0232;;;;;;;;;;;;;1934;;243;;;;;;;;;;1934;;242500;;;;;;;;109415129,1;;14307804,74;;;;;;1485,62;;;;;;;;;;1485,62;;;;;;;;;;79666362,63;;;;;;;;;;243;;;;;;;242500;;;;;14307804,74;;8570;;;;;;8570000;;;;;;423310,0232;;;;;;;;;;1934;;;;;;;1934;;;;;;;109415129,1;;;;;;;;;;;;;43;8;;;43;8;;;;215;3053;;;;;;;;;;;;;;;;;;;;;;;;;;;;;;;;;;;;;;;;;;;;;;;;;;;;;192;;;;;192;;;;;100;;;;;;;;;;;;;;;;;;;;;;;;;;;;;;;;;;;;
Feb 2021;211260;;280;;;;646000;100000;;;;10061;127901;83800;;;;;;;646000;100000;;;;10061;127841;83800;280230,59;;170,0009;;;;745717,2733;128585,8558;;;;337091,1257;1594927,899;9284,607102;;;2050517;;;48000;;;1548000;;;;;;;;;;;;48000;;;1548000;;;;;;;;;652415,7099;;;3135;;;96755,35744;;;;;;;;;;;;;;;;;;;;;;;;;;;;;;;;;;;;;;;;;;;;;;;;;;;;;;;;;;;;;;;;;;;;;;;;;;;;;;;;;;;;;;;;;;;;;;;;;;;;;;;;;;;;;;;;;;;;;;;;;;;;;;;;;1440000;;1440000;;;72208,26834;;;260;;;;;;;;;;;;;;;;;;120,0008;;;;;;;;;;;;;;;;;;;;;;;;;;;;;;;;;;;;;;;;;;;;;103831;;;;;;;103771;;;;;;;;1413297,177;;;;;;;;;;;;;;;;;;;;;;100000;;;;;100000;;;;;128585,8558;;;;;;;;;;;;;;;;;;;;;;;;;;;;;;;;;;;;;;;;;;;;;;;;;;;;;;;;;;;;;;;;;;;;;;;;;;;;;;;;;;;;;;;;;;;;;;;;;;;;;;;;;;;;;;;;;;1250,618;;24535;;;;;;;;;;1250,618;;24535000;;;;;;;;;;63971036,3;;1203295,172;;;;;;;;;;;;;1674;;198;;;;;;;;;;1674;;198000;;;;;;;;89543204,38;;11777037,43;;;;;;1250,618;;;;;;;;;;1250,618;;;;;;;;;;63971036,3;;;;;;;;;;198;;;;;;;198000;;;;;11777037,43;;24535;;;;;;24535000;;;;;;1203295,172;;;;;;;;;;1674;;;;;;;1674;;;;;;;89543204,38;;;;;;;;;;;;13;;;;13;;;;;185;;;;;;;;;;;;;;;;;;;;;;;;;;;;;;;;;;;;;;;;;;;;;;;;;;;;;;;;;;;;;;;;;;;;;;;;;;;;1900;;;;;;;;;1900;;;;;;;;;;520,81;;;;;;
Mar 2021;663401;25000;126519;;;;1165000;11120000;;;;48890;208907,5;;;;;;;;1165000;11120000;;;;48890;208907;;969072,6529;305250;162427;;;;1481237,435;2686228,136;;;;559575,4854;3521906,286;;322576;;2913232;;;25869;;;1903527;;;;;;;;;;;;25869;;;1903527;;;;;;;675777,8732;;921256,7329;;;7046;;;163775,1975;;;;;;;;;;;;;;;;;;;;;;;25869;;;;25869;;;;;7046;;;;;;;;;;;;;;;25869;;;25869;;;7046;;;;;;;;;;;;;;;;;;;;;;;;;;;;;;;;;;;;;;;;;;;;;;;;;;;;;;;;;;;;;;;;;;;;;;;;;;322576;;1800000;;1800000;675777,8732;;90221,69217;77801;;126519;;;;;;;;;;;;;;;;91571,5906;;162427;;;;;;;;;;;;;;;;;;;;;;;;;;;;;;;;;;;;;;;367200;;;;;;90965;;;;;;;90965;;462289,9995;;;;;;1190527,755;;;;;;;;;;;;;;;;;;;;;;11120000;;;;;11120000;;;;;2686228,136;;;;;;;;;;;;;;;;;;;;;;;;;;;;;;;;;;;;;;;;;;;;;;;;;;;;;;;;;;;;;;;;;;;;;;;;;;;;;;;;;;;;;;;;;;;;;;;;;;;;;;;;;;;;;;9116;;;;1445,24;;;;;;;;13,022;;;;1445,24;;;;;;;;4931,0258;;;;71372985,38;;;;;;;;;;;;;;;1616;;213;;;;;;;;;;1631925;;213000;;;;;;;;83640816,93;;12075045,39;;9116;;;;1445,24;;;;;;13,022;;;;1445,24;;;;;;4931,0258;;;;71372985,38;;;;;;;;;;213;;;;;;;213000;;;;;12075045,39;;;;;;;;;;;;;;;;;;;;;;;;1616;;;;;;;1631925;;;;;;;83640816,93;;;;;0,145;;0,145;;6668,03;;;;;;;;;;;;;;;;;;;;;;;;;;;;;;;;;;;;;;;;;;;;;;;;;;;;;;;;;;;;;;;;;;;;;;;;;;;;;;;;;;;;;;;;;;;;;;;;;;;;;;;;;;;;;;;;;
Apr 2021;758830;69000;894096;200000;100000;924;175000;100000;4758970;;;39430;236365,5;1000;2;;9;200000;100000;924;175000;100000;4758970;;;39430;236366;1000;1271347,2;934160,0005;1148406,348;102432,7127;7000;26115,69208;125157,6367;139122,6307;1919400,634;;;462652,471;1344167,418;111,1949275;;;378510;4;;;;;1347000;;;;;;;;;;4;;;;;1347000;;;;;;;;;126554,6341;104;;;;;77312,84166;;;;;;;;;;;;;;;;;;;;;;;;;;;;;;;;;;;;;;;;;;;;;;;;;;;;;;;;;;;;;;;;;;;;;;;;;;;;;;;;;;;;;;;;;;;;;;;;;;;;;;;;;;;;;;;;;;;;;;;;;;;;;;;;;1320000;;1320000;;;67256,37974;;;894076;;;;;;25000;;;8;;;;;;25000;;;1148299,348;;;;;;7508,716603;;;;;;;;;;;;;;;;;;;;;;;;;;;;;;;;;192690;;20;;924;24430;42002;;2;1;;924;24430;42002;;218035,0004;;107,0001;;26115,69208;315835,3157;613339,4075;;;;;;;;;;;;;;;;;;;;;;100000;738000;;;;100000;738000;;;;139122,6307;1034900,293;;;;;;;;;;;;;;;;;;;;;;;;;;;;;;;;;;;;;;;;;;;;;;;;;;;;;;;;;;;;;;;;;;;;;;;;;;;;;;;;;;;;;;;;;;;;;;;;;;;;;;;;;;;;;;;;;1441,43;;3223;;;;;;;;;;1441,43;;3223000;;;;;;;;;;71320089,67;;139007,3681;;;;;;;;;;;;;12703;;297;;;;;;;;;;2419439;;297000;;;;;;;;122051326,2;;17249288,63;;;;;;1441,43;;;;;;;;;;1441,43;;;;;;;;;;71320089,67;;;;;;;;839;;297;;;;;837609;;297000;;;39705316,63;;17249288,63;;3223;;;;;;3223000;;;;;;139007,3681;;;;;;;;;;11864;;;;;;;1581830;;;;;;;82346009,56;;;;;;;;;;;;;;;;;;;;;;;;;;;;;;;;;;;;;;;;;;;;;;;;;;;;;;;;;;;;;;;;;;;;;;;;;;;;;;;;;;;;;;;;;;;;;;;;;;;;2;;;;;;;;;2;;;;;;;;;;52,03368061;;;
May 2021;405350;25599;1258067;50012,438;2104820;75,78;12217000;100000;;;;63800;209971;;;;4;25012,438;2104820;75,78;12217000;100000;;;;63800;209971;;1176462,999;328749,9999;1784058,301;42390,72;19567425;44,88;4093254,091;138913,0076;;;;885640,2132;2649190,909;;;;1498086;;;;30;;354000;;;;;;;;;;;;;30;;354000;;;;;;;;;453044,3767;;;;107,7039741;;53406,06422;;;;;;;;;;;;;;;;;;;;;;;;;;;;;;;;;;;;;;;;;;;;;;;;;;;;;;;;;;;;;;;;;;;;;;;;;;;;;;;;;;;;;;;;;;;;;;;;;;50000;;;25000;;;42290,72;;;;;;;;;;;;;;;;;;;;;;;;;330000;;330000;;;16894,89435;100;;1258067;;;;;;;;;4;;;;;;;1;;1784058,301;;;;;;;;;;;;;;;;;;;;;;;;;;;;;;;;;;;;;;;;;;;;46611;43024;;;;;;46611;43024;;;;;;;716044,5944;657819,656;;;;;;;;;;;;;;;;;;;;;11000000;100000;;;;11000000;100000;;;;2522807,534;138913,0076;;;;;;24000;;;;;24000;;;;;36511,16988;;;;;;;;;;;;;;;;;;;;;;;;;;;;;;;;;;;;;;;;;;;;;;;;;;;;;;;;;;;;;;;;;;;;;;;;;;;;;;;;;;;;;;;;;;;;;;;;;390140;1189,517;;;;;;;;;;;390140;1189,517;;;;;;;;;;;3770801,25;62100168,58;;;;;;;;;;;;;;;1936,95;;202;;;;;;;;;;1949379;;202000;;;;;;;;105648758,3;;12240423,08;;;;;390140;1189,517;;;;;;;;;390140;1189,517;;;;;;;;;3770801,25;62100168,58;;;;;;;;49,95;;202;;;;;49932;;202000;;;2614694,38;;12240423,08;;;;;;;;;;;;;;;;;;;;;;;;1887;;;;;;;1899447;;;;;;;103034063,9;;;;;;;;;;;;;;;;;;;;;;;;;;;;;;;;;;;;;;;;;;;;;;;;;;12,438;2104820;34,88;12,438;2104820;34,88;100;19567425;34,88;;;;;;;;;;;;;;;;;;;;;;;;;;;;;;;;;;;;;;;;1342;;;;;;;;;134,2;;;;;;;;;;150;;;1342;134,2;150
Jun 2021;732845;10000;685569;19,66;422000;;568000;;;;;57513;133189,5;;;;;19,66;422000;;568000;;;;;57513;133190;;1239548,601;219499,9998;957216,9517;20;4418278,46;;711623,4272;;;;;1099592,006;2054631,984;;;;3314970;;;64367;;;;;;;;;;;;;;;64367;;;;;;;;;;;;965208,9991;;;24299;;;;;;;;;;;19,66;;;;19,66;;;;;20;;;;;;;;;;;;;;;;;;19,66;;;;19,66;;;;20;;;;;;;;;;;;;;;;;;;;;;;;;;;;;;;;;;;;;;;;;;;;;;;;;;;;;;;;;;;;;;;;;;;;;;;;;;;;;;;;;;;;;;;;;;;;;;676569;;;;;;;;;;;;;;;;;;937326,9515;;;;;;;;;;;;;;;;;;;;;;;;;;;;;;;;;;;;;;;76800;;;;;47636;69765;;;;;;47636;69765;;87168;;;;;772524,1453;1169829,58;;;;;;;;;;;;;;;;;;;;;;;;;;;;;;;;;;;;;;;;;;;;;;;;;;;;;;;;;;;;;;;;;;;;;3;;;;;;;;3;;;;;;;;749;;;;;;;;;;;;;;;;;;;;;;;;;;;;;;;;;;;;;;;;3;;;;;3;;;;;;749;;;;;;1686387;;;;1751,172;;;;;;;;1457,931;;;;1751,172;;;;;;;;209532,4062;;;;90863108,17;;;;;;;;;;;1;;;;5709;;513;;;;;;1000;;;;5720413;;513016;;;;7988,8426;;;;297197821,6;;29801684,8;;1686387;;;;1751,172;;;;;;1457,931;;;;1751,172;;;;;;209532,4062;;;;90863108,17;;;;;;;;4067;;513;;;;;4067000;;513016;;;207870000;;29801684,8;;;;;;;;;;;;;;;;;;;;;1;;;1642;;;;1000;;;1653413;;;;7988,8426;;;89327821,59;;;;;;;;;;;;;;;;;;;;;;;;;;;;;;;;1;;;;;1000;;;;;;;4940,828831;;;;;;;422000;;;422000;;;4418278,46;;;;;;;;;;;;;;;;;;;;;;;;;;;;;;;;;;;;;;4,27;;;;;;;;;4,27;;;;;;;;;;187,9653068;;;;;;;;
Jul 2021;405720;34600;825645;;;;1301000;304000;;;;25020;68800;;;;;;;;1301000;304000;;;;25020;68800;;690084,0006;366881,9999;1067900,002;;;;1894236,259;435437,5591;;;;427144,6215;1638374,362;;;;390890;;;50000;24000;;1560000;;;2349,12;;;;;;;;;50000;24000;;1560000;;;2349,12;;;;;;111280,4363;;;6009;38290,61829;;76217,63945;;;118,78;;;;;;;;;;;;;;;;;;;;;;;;;;;;;;;;;;;;;;;;;;;;;;;;;;;;;;;;;;;;;;;;;;;;;;;;;;;;;;;;;;;;;;;;;;;;;;;;;;;;;;;;;;;;;;;;;;;;;;;;;;;;;;1560000;;1560000;;;76217,63945;96000;;825645;;;;;;;;;;;;;;;;124224,001;;1067900,002;;;;;;;;;;;2349,12;;;;;;;2349,12;;;;;;118,78;;;;;;;;;;;;;;;57600;;;;;;48768;;;;;;;48768;;76223,9998;;;;;;874129,8576;;;;;;;;;;;;;;;;;;;;;;200000;;;;;200000;;;;;276016,6373;;;;24000;;;;;24000;;;;;38290,61829;;;;;;;;;;;;;;;;;;;;;;;;;;;;;;;;;;;;;;;;;;;;;;;;;;;;;;;;;;;;;;;;;;;;;;;;;;;;;;;;;;;;;;;;;;;;;;;;;;;;1492,367;;;;;;;;;;;;1492,367;;;;;;;;;;;;75533411,67;;;;;;;;;;;;;;;;;404;;;;;;;;;;;;404003;;;;;;;;;;23621653,14;;;;;;1492,367;;;;;;;;;;1492,367;;;;;;;;;;75533411,67;;;;;;;;;;404;;;;;;;404003;;;;;23621653,14;;;;;;;;;;;;;;;;;;;;;;;;;;;;;;;;;;;;;;;;;;;;;;;;;;;;;;;;;;;;;;;;;;;;;;;;;;;;;;;;;;;;;;;;;;;;;;;;;;;;;;;;;;;;;;;;;;;;;;;;;;;;;;;;;;;;;;;;;;;;;;;;;;;;;;;;;;;;;;;;
Aug 2021;471000;25000;919923;;2141725;;10902534;104000;;;;103261;108944,5;60000;;;2;;2141725;;10902534;104000;;;;103261;108944;60000;1032798;369499,9999;1277981,152;;16917021,37;;3733305,235;158784,9341;;;;2145858,862;1648484,642;16973,03849;;;;;;26000;;;3120037;;;;;;;;;;;;26000;;;3120037;;;;;;;;;;;;39321;;;133874,1676;;;;;;;;;;;;;;;;;;;;;;;;;;;;;;;;;;;;;;;;;;;;;;;;;;;;;;;;;;;;;;;;;;;;;;;;;;;;;;;;;;;;;;;;;;;;;;;;;;;;;;;;;;;;;;;;;;;;;;;;;;;;;;;;;3120000;;3120000;;;131751,8698;134400;;878593;;;;;;;;;1;;;;;;;190847,9998;;1144640,754;;;;;;;;;;;;;;;;;;;;;;;;;;;;;;;;;;;;;;;97800;;;;;;41743;;;;;;;41743;;267534,0006;;;;;;779615,6661;;;;;;;;;;;;;;;;;;;;;10150000;;;;;10150000;;;;;2731791,136;;;;;;;;;;;;;;;;;;;;;;;;;;;;;;;;;;;;;;;;;;;;;;;;;;;;;;;;;;;;;;;;;;;;;;;;;;;;;;;;;;;;;;;;;;;;;;;;;;;;;;;;;;;;;;;25400;;;;1513,385;;4220;;;;;;23,546;;;;1513,385;;4220;;;;;;5353,5808;;;;75201158,69;;6012,893089;;;;;;;;;;;;;;;566;;;;;;;;;;;;566006;;;;;;;;;;32784337,49;;25400;;;;1513,385;;;;;;23,546;;;;1513,385;;;;;;5353,5808;;;;75201158,69;;;;;;;;;;566;;;;;;;566006;;;;;32784337,49;;4220;;;;;;4220;;;;;;6012,893089;;;;;;;;;;;;;;;;;;;;;;;;;;;;;;;;;;;;;;;;;;;;;;;;;;;;;;;;1;;;;;1000;;;;;;;2656,89443;;;;;;;2141725;;;2141725;;;16917021,37;;;;;;37;;;;;37;;;;;;2122,29775;;;;;;;;;;;;;;;;;;;;;;;;;;;;;;;;;;;;;;;;;;;;;;;;
Sep 2021;432370;55000;29536;;1691980;16,77;622000;11204000;;19858;;49592;138086,5;130000;4;;3;;1691980;16,77;622000;11204000;;19858;;49592;138086;130000;1179430,001;1182550;44407,4993;;12773508,78;105;910400,3593;3596984,497;;137443,01;;930546,2785;2728155,583;22738,69731;;104;;;;100950;24000;;1498000;;;;;;25000;;7;;;;100950;24000;;1498000;;;;;;25000;;1429,7796;;;;11207;38304,66552;;70027,42428;;;;;;389030,0967;;;15;;;;15;;;;;5;;;;;;;;;;;;;;;;;;15;;;;15;;;;5;;;;;;;;;;;;;;;;;;;;;;;;;;;;;;;;;;;;;;;;;;;;;;;;;;;;;;;;;;;;;;;;;;;;;;;;;;;;;;;;;;;;;1470000;;1470000;;;62380,94367;38400;;10322;;;1,77;;;;;;1;;;1,77;;;;59135,9997;;18566,8689;;;100;;;;;;;0;;;;;;;0;;;;;;1;;;;;;;;;;;;;;;;;;;;;24570;74038,5;;;;;;24570;74038;;;;;;;490117,9793;1339564,407;;;104;;;;25000;;7;;;;25000;1429,7796;;;;389030,0967;;;;11100000;;;;;11100000;;;;;3437487,213;;;;24000;;;;;24000;;;;;38304,66552;;;;;;;;;;;;;;;;;;;;;;;;;1;;;;;;;;1000;;;;;;;;740,9367864;;;;;;;;;;;;;;;;;;;;;;;;;;;;;;;;;;;;;;;1;;;;;1000;;;;;;740,9367864;;;;;;;;;1476,91;;;;;;;;;;;;1476,91;;;;;;;;;;;;74802443,67;;;;;;;;;;;;;;;;;606;;;;;;;;;;;;606000;;;;;;;;;;35070118,76;;;;;;1476,91;;;;;;;;;;1476,91;;;;;;;;;;74802443,67;;;;;;;;;;606;;;;;;;606000;;;;;35070118,76;;;;;;;;;;;;;;;;;;;;;;;;;;;;;;;;;;;;;;;;;;;;;;;;;;;;;;;;;;;;;;;;;;;;;;;;;;;;;;;;;;;;;;;;;1691980;;;1691980;;;12773508,78;;;;;;;;;;;;;;;;;;;;;;;;;;;;;;;;;;;;2518;;;;;10;;;;2518;;;;;10;;;;;37832;;;;;77;;;;;
Oct 2021;341815;40000;175741;860130;867343;;697000;500000;;18633;;150938;241512;88000;41;;234;860130;867343;;697000;500000;;18633;;153234;241512;88000;1181784,909;587600;1195351,138;5970861,37;6269081,36;;1277257,133;791404,6503;;128961,6;;4412696,993;3678485,891;15348,53829;;;;;;64644;72362;;2480000;;;20;;;23500;;;;;;64644;72362;;2480000;;;200;;;23500;;;;;;26857;58640,19808;;132259,6545;;;355,34;;;406141,8416;;;;;;;;;;;;;;;;;;;;;;;;;;;;;;;;;;;;;;;;;;;;;;;;;;;;;;;;;;;;;;;;;;;;;;;;;;;;;;;;;;;;;;;;;;;;;;;;;;;;;;;;;;;;;;;;;;;;;;;;;;;2430000;;2430000;;;101134,8497;;;4759;;;;;;;;;2;;;;;;;;;6137,0002;;;;;;;;;;;;;;;;;;;;;;;;;;;;3;;;3;;;0,359999984;;;;;;;29100;;;25025;43575,5;;;3;;;25025;43575;;;;149135,9997;;;515291,5687;914942,1136;;;;;;;23500;;;;;;23500;;;;;406141,8416;;;;500000;;;;;500000;;;;;791404,6503;;;;24072;;;;;24072;;;;;38300,14392;;;;;;;;;;;;;;;;;;;;;;;;;;;;;;;;;;;;;;;;;;;;;;;;;;;;;;;;;;;;;;;;;;;;;;;;;;;;;;;;;;;;;;;;;;;;;;;;;;;0,12;1248,517;;46,077;;;;;;;;;0,12;1248,517;;46077;;;;;;;;;12891,4;63073517,21;;2212311,948;;;;;;;;;;;;;;;192;;;;;;;;;;;;192000;;;;;;;;;;11184427,4;;;;;0,12;1248,517;;;;;;;;;0,12;1248,517;;;;;;;;;12891,4;63073517,21;;;;;;;;;;192;;;;;;;192000;;;;;11184427,4;;46,077;;;;;;46077;;;;;;2212311,948;;;;;;;;;;;;;;;;;;;;;;;;;;;;;;;;;;;;;;;;;;;;;;;;;;;;;;;;5;;;;;1;;;;;;;9,044406986;;;;;;860130;867340;;860130;867340;;5970861,37;6269081;;;;;;;;;;;;;;;;;;;;;;;;;;;;;;;;;;;;;;1000;;;;;;;;;1000;;;;;;;;;;7610,755635;;;;;;;;
Nov 2021;89045;19200;38488;;1687360;2;12497000;450000;;;;71052,3;192890,5;86040;5;;239;;1687360;2;12497000;450000;;;;71739;193376;86040;225740,2696;55103,9999;70665,1399;;11661749,97;100;4754120,396;369002,896;;;;1993686,348;4581111,205;17388,9852;200;;15000;;;51000;109728;;2100000;;;;;;25500;;;;;;51000;109728;;2100000;;;;;;25500;688,2204;;9436,4303;;;5737;32694,12152;;93551,3382;;;;;;424821,1406;;;2;;;;2;;;;;100;;;200;;;;;;;;;688,2204;;;;;;2;;;;2;;;;100;;;;;;;;;;;;;;;;;;;;;;;;;;200;;;688,2204;;;;;;;;;;;;;;;;;;;;;;;;;;;;;;;;;;;;;;;;;;;;;;;;;;;;;;;;2100000;;2100000;;;93551,3382;;;310;;;;;;;;;4;;;;;;;;;2554,1999;;;;;;;;;;;;;;;;;;;;;;;;;;;;;;;;;;;;;;;443;;300;;;25007;92367;;2;30;;;25007;92853;;16842,1301;;8874,4099;;;525294,8964;1968416,969;;;;;;;25500;;;;;;25500;;;;;424821,1406;;;11850000;200000;;;;11850000;200000;;;;3535863,332;356570,1839;;;;;;;;;;;;;;;;;;;;;;;;;;;;;;;;;;;;;;;;;;;;;;;;;;;;;;;;;;;;;;;;;;;;;;;;;;;;;;;;;;;;;;;;;;;;;;;;;;;;;;;;;;;;;530109;;;;;1425,018;;44,9899;;;;;658,772;;;;;1425,018;;44989,9;;;;;397007,731;;;;;74129072,67;;2273226,966;;;;;;;;;;;;;;;576;;;;;;;;;;;;576000;;;;;;;;;;33674304,77;530109;;;;;1425,018;;;;;658,772;;;;;1425,018;;;;;397007,731;;;;;74129072,67;;;;;;;;;;576;;;;;;;576000;;;;;33674304,77;;44,9899;;;;;;44989,9;;;;;;2273226,966;;;;;;;;;;;;;;;;;;;;;;;;;;;;;;;;;;;;;;;;;;;;;;;;;;;;;;;;;;;;;;;;;;;;;;;;;;;1687360;;;1687360;;;11661749,97;;;;;;;;;;;;;;;;;;;;;;;;;;;;;;;;;;;;;;;;3;;;;;;;;;3;;;;;;;;;;299,25;;;;;;
Dec 2021;57;35800;427;873822,5;2444800;7,862;10622000;408000;;19000;;86770;149742,5;120000;1;;10;873822,5;2444800;7,862;10622000;408000;;19000;;86770;150123;120000;279,9999;681070,0001;4649,3902;6246397,7;20516605,22;100;2726631,178;814935,6214;;131509,55;;2238375,641;2973580,021;26043,39175;1411;;;;;36926;;;2280000;;;1435;;;74000;;;;;;36926;;;2280000;;;14,35;;;74000;1098,8921;;;;;45332;;;102755,7966;;;2,5;;;1225859,246;;;;;;;;;;;;;;;;;25771;;;;25771;;;;;9597;;;;;;;;;;;;;;;25771;;;25771;;;9597;;;;;;;;;;;;;;;;;;;;;;;;;;;;;;;;;;;;;;;;;;;;;;;;;;;;;;;;;;;;;;;;;;;;;;;;;;;;2280000;;2280000;;;102755,7966;;;120;;431900;;;;;;;2;;431900;;;;;;;1328,2001;;3474302,63;;;;;;;;;;;;;;;;;;;;;;;;;2,5;;7,862;2,5;;7,862;111;;100;;;;;;155;;;24786;88097;;;8;;;24786;88478;;;;3199,9995;;;554100,0397;1956972,438;;;;;;;74000;;;;;;74000;;;;;1225859,246;;;10000000;200000;;;;10000000;200000;;;;1497517,869;357608,8166;;;;;;;;;;;;;;;;;;;;;;;;;;;;;;;;;;;;;;;4;;;;;;;;4000;;;;;;;;1418,648609;;;;;;;;;;;;;;;;;;;;;;;;;;;;;;;;;;;;;;;4;;;;;4000;;;;;;1418,648609;;;;729027;1452800;;;;1572,5;0,0406;50,5684;;;;;830,211;1426,887;;;;1572,5;1000;50568,4;;;;;168961,7811;275247,4403;;;;78257186,58;1803,069623;2453920,635;;;;;;;;;;;;;;;852;;;;;;;;;;;;852000;;;;;;;;;;48587267,64;729027;;;;;1572,5;0,0406;;;;830,211;;;;;1572,5;1000;;;;168961,7811;;;;;78257186,58;1803,069623;;;;;;;;;852;;;;;;;852000;;;;;48587267,64;;50,5684;;;;;;50568,4;;;;;;2453920,635;;;;;;;;;;;;;;;;;;;;;;;;;;;;;;;;;;;;1;;;;1;;;;;169;;;;;;;;;;;;;;;;;;;;;;;;;;;;;873820;2012900;;873820;2012900;;6246286,7;17042302,59;;1411;;;;;;;;;;;1098,8921;;;;;;;;38,36;;;;;19,18;;;;;200;;;;;;;;;;;;;;;;;;;;;;;;;;;;;;;;;;
Jan 2022;368;;4709225;3,1409;1851050;3,64;1244000;13764000;;19000;;58590;141968,5;;303795,38;;22;3;1851050;3;1244000;13764000;;19000;;58590;142304;;2684543,61;;46236373,85;30;11520451,21;101;2534972,089;4090872,755;;131513,23;;1532784,276;3653441,684;;;;;;;;;;307751;;;;;;25000;;;;;;;;;307751;;;;;;25000;;;;;;;;;31363,62221;;;;;;486657,3094;;;;;;;;;;;;;;;;;;;;;;;;;;;;;;;;;;;;;;;;;;;;;;;;;;;;;;;;;;;;;;;;;;;;;;;;;;;;;;;;;;;;;;;;;;;;;;;;;;;;;;;;;;;;;;;;;;;;;;;;;;;240000;;240000;;;12898,9866;3;;;3,1409;1851050;3,44;;;;77987,7;;;3;1851050;3;;;;411240,9998;;;30;11520451,21;1;;;;;;;;;;;;;;;;;;;;;;;;;;0,2;;;0;;;100;;;;;;;;;46690;62496;;;;;;46690;62832;;;;;;;1078029,514;1405293,874;;;;;;;25000;;;;;;25000;;;;;486657,3094;;;;11160000;;;;;11160000;;;;;3763102,022;;;;;;;;;;;;;;;;;;;;;;;;;;;;;;;;;;;;;;;;;;;;;;;;;;;;;;;;;;;;;;;;;;;;;;;;;;;;;;;;;;;;;;;;;;;;;;;;;;;;;;;;;;;;;;;;0,6;;1091,516;;34,0453;;;;;;;;1;;1092;;34045,3;;;;;;;;35507,86742;;39538670,37;;1728322,179;;;;;;;;;;;;;;;565;;;;;;;;;;;;565000;;;;;;;;;;32693242,87;;;;0,6;;1091,516;;;;;;;;1;;1092;;;;;;;;35507,86742;;39538670,37;;;;;;;;;;565;;;;;;;565000;;;;;32693242,87;;34,0453;;;;;;34045,3;;;;;;1728322,179;;;;;;;;;;;;;;;;;;;;;;;;;;;;;;;;;;;;;;;;;;;;;;;;;;;;;;;;;;;;;;;;;;;;;;;;;;;;;;;;;;;;;;;;;;;;;;;;;;;;;;;;;;;;;;;;;;;;;;;;;;;;;;;;;;;;;;;;;;;;;;;;;;
Feb 2022;2370;127400;;1,14;1847030;;622000;744000;22000;19000;;73566;155628,5;;870932,21;;;1,14;1847030;;622000;744000;22000;19000;;73566;155628;;11679041,48;2104364;;100;17346484,65;;1286335,971;462977,68;39064,15679;131501,73;;1920410,599;3495640,069;;;;;;;27125;;0,64;50291000;;;;;;50000;;;;;;27125;;0,64;50291000;;;;;;50000;;;;;;6621;;22,65626856;8303070,243;;;;;;1018060,318;;;;;;;;;;;;;;;;;;49841000;;;;49841000;;;;;8277335,98;;;;;;;;;;;;;;;49841000;;;49841000;;;8277335,98;;;;;;;;;;;;;;;;;;;;;;;;;;;;;;;;;;;;;;;;;;;;;;;;;;;;;;;;;;;;;;;;;;;;;;;;;;;450000;;450000;;;25734,26229;147;;;1,14;1847030;;;;;727258,5;;;1,14;1847030;;;;;11249418;;;100;17346484,65;;;;;;;;;;;;;;;;;;;;;;;;;;;;;;;;;;;;;;;;;;48576;91576;;;;;;48576;91576;;;;;;;1274026,007;1940593,984;;;;;;;50000;;;;;;50000;;;;;1018060,318;;;;100000;;;;;100000;;;;;219079,3939;;;;;;;;;;;;;;;;;;;;;;;;;;;;;;;;;;;;;;;;;;;;;;;;;;;;;;;;;;;;;;;;;;;;;;;;;;;;;;;;;;;;;;;;;;;;;;;;;;;;;;;;;;;;;25055;;;2,32;;1133,62;;;;;;;7,416;;;2,32;;1133,62;;;;;;;2881,2347;;;128489,7249;;59551106,2;;;;;;;;;;;;;;;;;415;;;;;;;;;;;;415000;;;;;;;;;;25104682,13;;;;2,32;;1133,62;;;;;;;;2,32;;1133,62;;;;;;;;128489,7249;;59551106,2;;;;;;;;;;415;;;;;;;415000;;;;;25104682,13;;;;;;;;;;;;;;;;;;;;;;;;;;;;;;;;;;;;;;;;;;;;;;;;;;8;;;;8;;;;;427;;;;;;;;;;;;;;;;;;;;;;;;;;;;;;;;;;;;;;;;;;;;;;;;;;;;;;;;;;;;;;;;;;;;;;;;;;;;;;;;;;;;;;;;;;;;;;;;;;;;;
Mar 2022;;832743;9824289;;2120565;;672383;164000;54000;;;63192;209964;;;;;;2120565;;672383;164000;54000;;;63192;209965;;;9159247,99;101205390,2;;20208587,7;;1280697,447;358371,8322;6377,071236;;;2073178,804;5148526,002;;;;157;;;;460;;1220000;;;;;;30942,8;;;;;;;460;;1220000;;;;;;30943;;;1554,286;;;;996,4173806;;93390,9841;;;;;;699112,2232;;;;380;;;;380;;;;;99,96815838;;;;;;;;;;;;;;;;;;380;;;;380;;;;99,96815838;;;;;;;;;;;;;;;;;;;;;;;;;;;;;;;;;;;;;;;;;;;;;;;;;;;;;;;;;;;;;;;;;;;;;;;;;;;;;;;;;;;;1170000;;1170000;;;36674,72038;;664014;1993637;;2120565;;3;;54000;;;;;2120565;;3;;54000;;6929874,1;20430840,59;;20208587,7;;28,89976714;;6377,071236;;;;;;;;;;;;;;;;;;;;;;;;;;;;;;;;;;;;;;49698;170067,5;;;;;;49698;170068;;;;;;;1272988,134;4098990,775;;;;;;;30942,8;;;;;;30943;;;;;699112,2232;;;;60000;;;;;60000;;;;;130844,4519;;;;;;;;;;;;;;;;;;;;;;;;;;;;;;;;;;;;;;;0,3;;;;;;;;300;;;;;;;;382,6642511;;;;;;;;;;;;;;;;;;;;;;;;;0,3;;;;300;;;;382,6642511;;;;;;;;;;;;;;;;;;;;;;;;;;1389,807;0,106;91,6007;;;;;;;;;;1389,807;106;91600,7;;;;;;;;;;76150148,23;5352,325225;4930243,034;;;;;;;;;;1;;;;;553;;;;;;;1000;;;;;553000;;;;;4171,161642;;;;;35523854,19;;;;;;1389,807;0,106;;;;;;;;;1389,807;106;;;;;;;;;76150148,23;5352,325225;;;;;;;;;553;;;;;;;553000;;;;;35523854,19;;91,6007;;;;;;91600,7;;;;;;4930243,034;;;;;;;;1;;;;;;;1000;;;;;;;4171,161642;;;;;;;;;;;;;;26;;;;26;;;;;170;;;;;;;;3;;20;;;;;20;;;;;639,7168;;1564;;;;;;;;;;;;;;;;;;;;;;;;;;;;;;;;;;;;;;;;;;;;;;;;;;;;;;;;;;;;;;;;;;;;;;;;;;;;;;;
Apr 2022;;5614151;7496098;;2105510;;12740000;280000;25000;18000;;;162526;;;;;;2105510;;12740000;280000;25000;18000;;;162525;;;55910143,68;78425640,5;;18188283,23;;5978320,495;610102,5117;48102,7481;124604,19;;;3842840,344;;;;;;;53001;;;180000;;;;;;33100;;;;;;53001;;;180000;;;;;;33100;;;;;;15432,3512;;;10138,34948;;;;;;746119,0383;;;;;;;;;;;;;;;;;;;;;;;;;;;;;;;;;;;;;;;;;;;;;;;;;;;;;;;;;;;;;;;;;;;;;;;;;;;;;;;;;;;;;;;;;;;;;;;;;;;;;;53000;;;53000;;;;15150;;;;;;;;;;;;;;180000;;180000;;;10138,34948;;4247947;3903865;;2105510;;;;;;;;;2105510;;;;;;44278140,15;40743949,84;;18188283,23;;;;;;;;;;;;;;;;;;;;;;;;;;;;;;;;;;;;;;;;;;;122885,5;;;;;;;122885;;;;;;;;2928884,255;;;;;;;33100;;;;;;33100;;;;;746119,0383;;;12168000;280000;;;;12168000;280000;;;;4616699,355;610102,5117;;;;;;;;;;;;;;;;;;;;;;;;;;;;;;;;;;;;;;;20;;;;;;;;20000;;;;;;;;802,3371928;;;;;;;;;;;;;;;;;;;;;;;;;;;;;;;;;;;;;;;20;;;;;20000;;;;;;802,3371928;;;;;38064;;0,9;;1336,38;;;;;;;;58,56;;0,9;;1336,38;;;;;;;;19902,111;;56062,4013;;73445867,38;;;;;;;;;;;;;0,58;;;;82;;;;;;;;580;;;;82000;;;;;;883,892069;;;;4855214,108;;;;0,9;;1336,38;;;;;;;;0,9;;1336,38;;;;;;;;56062,4013;;73445867,38;;;;;;;;;;82;;;;;;;82000;;;;;4855214,108;;;;;;;;;;;;;;;;;;;;;;;;;;;;;;;;;;;;;;;;;;;;;;;;;;;;;;;;;;;;;;;;;;;;;;;;;;;;;;;;;;;;;;;;;;;;;;;;;;;;;;;;;;;;;;;;;;;;;;;;;;;;;;;;;;;;;;;;;;;;;;;;;;;;;;;;;;;;;;;;
May 2022;;3589806;9060975;911114,16;429530;965600;1319000;404000;;;;25160;225661,5;;;;;911114,16;429530;965600;1319000;404000;;;;25160;225662;;;37197150,42;92590297,14;6190447,541;3029828,249;296370,0487;2849614,082;913150,7967;;;;615493,6884;4552506,517;;;;52659;25;;84000;;;61000;;;;;;32820;;;41580;25;;84000;;;61000;;;;;;32820;;;18491,1419;3,5174;;46409,0318;;;55671,15228;;;;;;715263,1007;;;;;;;;;;;;;;;;;;;;;;;;;;;;;;;;;;;;;;;;;;;;;;;;;;;;;;;;;;;;;;;;;;;;;;;;;;;;;;;;;;;;;;;;;;;;;;;;;;;;;;;;;;;;;;;;;900000;;;900000;;;42544,03465;;;;;;;;;;;;744152;857270;429530;27000;;;;;;;857270;429530;27000;;;;;;7403284,002;5619791,669;3029828,249;8100;;;;;;;;;;;;;;;;;;;;;;;;0,16;;29000;0,16;;29000;100;;2900;;;;;;8013121;25844;9600;25160;172284,5;;;;25844;9600;25160;172285;;;;82067713,45;565055,8715;242826,0141;615493,6884;3447002,743;;;;21659;;;32820;;;41580;;;32820;;11673,7366;;;715263,1007;;;;300000;;;;;300000;;;;;655172,6388;;;;;;;;;;;;;;;;;;;11,03;;;;;;11,03;;;;;;8310,79011;;;;;;;;;;;;;;;;;;;;;;;;;;;;;;;;;11,03;;;;;11,03;;;;;8310,79011;;;;;;;;;;;;;;;;;;;;;;;;;;;;;;;;;;;83721;;;764,4757;1,26;347,51;;45,8732;;;;;91,115;;;764,4757;1,26;347,51;;45873,2;;;;;55086,9509;;;40323410,12;67845,92;18139668,95;;2321888,31;;;;;;;;;;;;;;;632;;;;;;;;;;;;632000;;;;;;;;;;37274033,38;83721;;;764,4757;1,26;347,51;;;;;91,115;;;764,4757;1,26;347,51;;;;;55086,9509;;;40323410,12;67845,92;18139668,95;;;;;;;;;;632;;;;;;;632000;;;;;37274033,38;;45,8732;;;;;;45873,2;;;;;;2321888,31;;;;;;;;;;;;;;;;;;;;;;;;;;;;;;;;;;;;;;;;;;;;;;;;;;;;;;;;;;;;;;;;;;;;;;;;;;;;;;;;;;;;;;;;;;;;;;;;;;;;;;;;;;;;;;;;;;;;;;;;;;;;;;;;;;;;;;;;;;;;;;;;;;
Jun 2022;;11738662;24323710;;1729030;3,14;572000;708000;50001;18000;;120353,2;156152,5;;;;;;1729030;3,14;572000;708000;50001;18000;;120729;156152;;;111642963,4;231892984,9;;12921190,85;100;1394518,112;1605501,234;76753,92824;124607,36;;1780571,139;3474003,466;;;;;;;;;;1653006;;;;;;63123,1;;;;;;;;;1653006;;;;;;63123;;;;;;;;;92888,39128;;;;;;1199135,995;;;;;;;;;;;;;;;;;;;;;;;;;;;;;;;;;;;;;;;;;;;;;;;;;;;;;;;;;;;;;;;;;;;;;;;;;;;;;;;;;;;;;;;;;;;;;;;;;;;;;;;;;;;;;;;;;;;;;;;;;;;1650000;;1650000;;;91439,78658;;;;;1729030;;;;;;;;;1729030;;;;;;;;;12921190,85;;;;;;;;;;;;;;;;;;;;;;;;;;;;;;;;;;;;;;;666146;;;46897;112614,5;;;;;;46897;112614;;;;6538371,357;;;949619,1405;1969632,297;;;;;;;62123,1;;;;;;62123;;;;;1198408,691;;3,14;;500000;;;3,14;;500000;;;100;;1090130,139;;;;;;;;;;;;;;;;;;;;;;;;;;;;;;;;;;;;1;;;;;;;;;;;;;;;;947,9299;;;;;;;;;;;;;;;;;;;;;;;;;;;;;;;;;;;;;;;;1;;;;;;;;;;;947,9299;;;;;;;31307;;2,31;;1375,501;0,1556;34,5252;;;;1160;;31,226;;2,31;;1375,501;155,6;34525,2;;;;1160;;15174,78;;117925,34;;69845001,06;8411,217978;1727361,487;;;;787,1614688;;;;;;;;;7;;730;;;;;;;;;;7202;;730000;;;;;;;;382772;;42654819,33;;;;2,31;;1375,501;0,1556;;;;;;;2,31;;1375,501;155,6;;;;;;;117925,34;;69845001,06;8411,217978;;;;;;;;;730;;;;;;;730000;;;;;42654819,33;;34,5252;;;;1160;;34525,2;;;;1160;;1727361,487;;;;787,1614688;;;;;;7;;;;;;;7202;;;;;;;382772;;;;;;;;;;;;;;;;;;;;;;;;;;;;;;;;;;;;;;;;;;;;;;;;;;;;;;;;;;;;;;;;;;;;;;;;;;;;;;;;;;;;;;;;;;;;;;;;;;;;;;;;;;;;;;;;;;;;;;;;;;
Jul 2022;220;25000;1362553;1293610;1273830;2,0955;384007;10356000;105;;;111063,5;211806,5;;1;;;1293610;1273830;2,0955;384007;10356000;105;;;111064;211808;;7217,8225;273999,9999;12327543,93;9245737,83;10521232,26;666,3947643;667564,2362;4419279,526;31,40704919;;;2774589,037;3818408,469;;;;350;;;99336,19;220320;;85000;;;;;;;;;;;;99336,19;220320;;85000;;;;;;;;;929,8598;;;9631,8143;69117,83697;;31964,23741;;;;;;;;;;;;;;;;;;;;;;;;;;;;;;;;;;;;;;;;;;;;;;;;;;;;;;;;;;;;;;;;;;;;;;;;;;;;;;;;;;;;;;;;;;;;;;;;;;;;;;;;;;;;;;;;;;;;;;;;;;;;;;;;;60000;;60000;;;3296,068044;;;;1293610;1273830;;;;105;;;;1293610;1273830;;;;105;;;;9245737,83;10521232,26;;;;31,40704919;;;;;;;;;;;;;;;;;;;;;;;;;;;;;;;;;;;;;;50194,6;138522;;;;;;50195;138523;;;;;;;672294,0531;1918205,329;;;;;;;;;;;;;;;;;;;;;;10200000;;;;;10200000;;;;;4046787,707;;;;;;;;;;;;;;;;;;;;;;;;;;;;;;;;;;;7049;;;;;;;;7049;;;;;;;;1599,6331;;;;;;;;;;;;;;;;;;;;;;;;;;7049;;;;7049;;;;1599,6331;;;;;;;;;;;;;;;;;;;;;;;;;;;14,42;;1350,688;0,1603;109,3932;;;;200;;;;14,42;;1350,688;160,3;109393,2;;;;200;;;;824416,7608;;66427491,55;7902,470614;5257314,685;;;;68,6487919;;;;;;;;;7;;520;;;;;;;;;;7270;;520000;;;;;;;;361461,59;;29356066,98;;;;;;1350,688;0,1603;;;;;;;;;1350,688;160,3;;;;;;;;;66427491,55;7902,470614;;;;;;;;;520;;;;;;;520000;;;;;29356066,98;14,42;109,3932;;;;200;14,42;109393,2;;;;200;824416,7608;5257314,685;;;;68,6487919;;;;;;7;;;;;;;7270;;;;;;;361461,59;;400;400;164,6382535;;;;;;;;;;;;;;;;;;;;;;;;;;;;;;;;;;;;;;;;;;;;;;;;;;;;;;;;;;;;;;;;;;;;;;;;;;;;;;;;;;;;;;;;;;;;50;;;;;;;;;50;;;;;;;;;;12,09344268;;;;;;;
Aug 2022;;23641353;21369319;861319,8;1674810;;1046061;240000;25000;18500;;71383,6;203102;;;;;861319,8;1674810;;1046061;240000;25000;18500;;71384;203102;;;194957470,7;167479769,7;5217710,79;10867820,41;;2504861,868;586686,0579;32848,82333;128138,96;;1224409,09;3221875,083;;;;;;;;;;138000;;;;3;;25000;;;;;;;;;138000;;;;3;;25000;;;;;;;;;29444,58824;;;;945,3491656;;318495,8454;;;;;;;;;;;;;;;;;;;;;;;;;;;;;;;;;;;;;;;;;;;;;;;;;;;;;;;;;;;;;;;;;;;;;;;;;;;;;;;;;;;;2;;;2;;;;857,6676972;;61;;;61;;;4,977094482;;;;;;;;;;;;;;;;;;;;;;;;30000;;30000;;;1632,520478;;;;836310;1674810;;;;;;;;836310;1674810;;;;;;;;5204353,03;10867820,41;;;;;;;;;;;;;;;;;;;;;;;;;;;;;;;;;;1;1;87,68146842;;;263624;;;50687,6;138878;;;;;;50688;138878;;;;2073786,253;;;634778,8857;1743956,766;;;;;;;25000;;;;;;25000;;;;;318495,8454;;;112000;240000;;;;112000;240000;;;;277291,4267;586686,0579;;;;;;;;;;;;;;;;;;;;;;;;;;;;;;;;;;;;;;;;;;;;;;;;;;;;;;;;;;;;;;;;;;;;;;;;;;;;;;;;;;;;;;;;;;;;;;;;;;;;;;;;;;;;;;;;;;2047,469;;36,6613;;;;;;;;;;2047,469;;36661,3;;;;;;;;;;101580681,6;;1691054,441;;;;;;;;;;;;;3324,22;;617;;;;;;;;;;3324888;;617000;;;;;;;;171026949,1;;34624101,93;;;;;;2047,469;;;;;;;;;;2047,469;;;;;;;;;;101580681,6;;;;;;;;3318,22;;617;;;;;3318218;;617000;;;170685823,1;;34624101,93;;36,6613;;;;;;36661,3;;;;;;1691054,441;;;;;;;;;;6;;;;;;;6670;;;;;;;341126,02;;;;;;;;;;;;;;;;;;;;;;;;;;;;;;;;;;;;;;;;;;;;;;;;;;9,8;;;9,8;;;100;;;;;;;;;;;;;;;;;;;;;;20,3;;350;;;20,3;;350;;;20,30000001;;109,658287;;;;;;;;;;;;;;;;;;;;;;;;;;;;;;;;
Sep 2022;;1858654;10394924;;2078421;;597000;660000;25000;;3290;75760,6;142803,5;;;;3;;2078421;;597000;660000;25000;;3290;75761;142803;;;9310672,878;83108318,14;;15705222,95;;1301690,064;1556737,035;35371,65042;;777,69;1017816,23;1731753,957;;3;;;;;;5;;51669002;;;2000;;;23010,8;;;;;;;5;;51669002;;;200;;;23011;426,6133;;;;;;384,5787109;;5866121,528;;;6;;;278642,753;;;;;;;;;;;;;;;;;;49719002;;;;49719002;;;;;5702812,669;;;;;;;;;;;;;;;49719002;;;49719002;;;5702812,669;;;;;;;;;;;;;;;;;;;;;;;;;;;;;;;;;;;;;;;;;;;;;;;;;;;;;;;;;;;;;;;;;;;;;;;;;;;1680000;;1680000;;;90684,64415;;;4750363;;2078420;;;;;;;;;2078420;;;;;;;37890214,97;;15705221,95;;;;;;;;;;;;;;;;;;;;;;;;;;;;;;;;;;;;;;1847654;5640705;;;75760,6;94301,5;;;;;;75761;94301;;;9219812,879;45196592,24;;;1017816,23;1138048,359;;;;;;;23010,8;;;;;;23011;;;;;278642,753;;;;400000;;;;;400000;;;;;952904,4166;;;;;;;;;;;;;;;;;;;;;;;;;;;;;;;;;;;7;;;;;;;;;;;;;;;;232,9414;;;;;;;;;;;;;;;;;;;;;;;;;;7;;;;;;;;232,9414;;;;;;;;;;;;;;;;;;;;;;;;22738;;;;0,052;2093,82;1;67,3522;;;;;30,317;;;;0,052;2093,82;1000;67352,2;;;;;26711,4855;;;;6037,5;101551607,6;52040,29139;3051915,896;;;;;;;;;;;;;257,23;;786;;;;;;;;;;257626;;786000;;;;;;;;13377758;;42014081,99;22738;;;;0,052;2093,82;1;;;;30,317;;;;0,052;2093,82;1000;;;;26711,4855;;;;6037,5;101551607,6;52040,29139;;;;;;;251,23;;786;;;;;251230;;786000;;;13063960;;42014081,99;;67,3522;;;;;;67352,2;;;;;;3051915,896;;;;;;;;;;6;;;;;;;6396;;;;;;;313798;;;;;;;;;;;;;;;;;;;;;;;;;;;;;;;;;;;;;;;;;;;;;;;;;;;;;;;;;;;;;;5;;;;;5;;;;;;384,5787109;;;;;;;;;;;;;;;;;;;;;;;;;;5850;;;;;;;;;5850;;;;;;;;;;2078,855079;;;;
Oct 2022;;25800;847559;;803840;0,3;541000;100000;25000;18500;;90249,5;136423;;;;;;803840;0,3;541000;100000;25000;18500;;90250;136423;;;255161,9998;6648496,207;;5154687,236;1,015000017;993680,12;239503,1496;31329,27894;128151,27;;2477638,837;1532809,469;;;;;;;40954;;;1650000;;;;;;;;;;;;40954;;;1650000;;;;;;;;;;;;2314,2252;;;88614,39313;;;;;;;;;;;;;;;;;;;;;;;;;;;;;;;;;;;;;;;;;;;;;;;;;;;;;;;;;;;;;;;;;;;;;;;;;;;;;;;;;;;;;;;;;;;;;;;;;;;;;;;;;;;;;;;;;;;;;;;;;;;;;;;;;1650000;;1650000;;;88614,39313;;;;;803840;0,3;;;;;;;;803840;0,3;;;;;;;;5154687,236;1,015000017;;;;;;;;;;;;;;;;;;;;;;;;;;;;;;;;;;;;;;;;;50285,5;136423;;;;;;50286;136423;;;;;;;533862,3319;1532809,469;;;;;;;;;;;;;;;;;;;;;;100000;;;;;100000;;;;;239503,1496;;;;;;;;;;;;;;;;;;;;;;;;;;;;;;;;;;;;;;;26;;;;;;;;26000;;;;;;;;1248,110551;;;;;;;;;;;;;;;;;;;;;;;;;;;;;;;;;;;;;;;26;;;;;26000;;;;;;1248,110551;;;;;;;10,4;5,436;2191,438;;;;;;;;;;10,4;5,436;2191,438;;;;;;;;;;107,83;955,4707827;104913108,7;;;;;;;;;;;;;;;5;;475;;;;;;;;;;5795;;475000;;;;;;;;285099,01;;24214698,55;;;;10,4;5,436;2191,438;;;;;;;;10,4;5,436;2191,438;;;;;;;;107,83;955,4707827;104913108,7;;;;;;;;;;475;;;;;;;475000;;;;;24214698,55;;;;;;;;;;;;;;;;;;;;;;;;5;;;;;;;5795;;;;;;;285099,01;;;;;;;;;;;4;;;;;;;;;225,2048;;;;;;;;;;;;;;;;;;;;;;;;;;;;;;;;;;;;;;;;;;;;;;;;;;;;;;;;;;;;;;;;;;;;;;;;;;;;;;;;;;;;;;;;;;;;;;;;;;;;;;
Nov 2022;150;3079742;9019205;;3287745;;240000;;25000;;;123587;184558,5;;1;;13;;3287745;;240000;;25000;;;123587;184975;;926,3403;15482579,79;72774285,51;;19317231,95;;393019,8277;;30128,85004;;;1343708,267;2121366,325;;;;3200;;;774549;;;1454000;;;60;;;;;;;;;774549;;;1454000;;;60;;;;;;2034,8395;;;115621,9965;;;144252,6432;;;100;;;;;;;;;;;;;;;;;;;;;;;;;;;;;;;;;;;;;;;;;;;;;;;;;;;;;;;;;;;;;;;;;;;;;;;;;;;;;;;;;;;;;;60;;;60;;;;100;;;;;;;;;;;;;;;;;;;;;;;;;;;;;;;;;1380000;;1380000;;;73584,90566;;;4404793;;3287745;;;;;;;;;3287745;;;;;;;35185549,86;;19317231,95;;;;;;;;30000;;;;;;;30000;;;;;;4797,5;;;;;;;;;;;;;;;;;;4610474;;;;88496;;;;;;;88912;;;;37491883,8;;;;991977,3666;;;;;;;;;;;;;;;;;;;;;140000;;;;;140000;;;;;328216,4856;;;;;;;;;;;;;;;;;;;;;;;;;;;;;;;;;;;;;;;;;;;;;;;;;;;;;;;;;;;;;;;;;;;;;;;;;;;;;;;;;;;;;;;;;;;;;;;;;;;;;;;;;;;;;;;;;60;;1841,992;;52,6966;;;;;;;;60;;1841,992;;50446,6;;;;;;;;2060,96;;90883847,72;;2305740,468;;;;;;;;;;;;;13,03;;213;;;;;;;;;;13486;;213000;;;;;;;;626284,78;;11516039,64;;;;60;;1841,992;;;;;;;;60;;1841,992;;;;;;;;2060,96;;90883847,72;;;;;;;;7,03;;213;;;;;7030;;213000;;;312413,78;;11516039,64;;52,6966;;;;;;50446,6;;;;;;2305740,468;;;;;;;;;;6;;;;;;;6456;;;;;;;313871;;;;;;;;;;;;;;;;;;;;;;;;;;;;1;;;;;;;;;;;;1186,7337;;;;;;;;;;;;;;;;;;;;;;;;;;;;;;;;;;;;;;7,5;;;;;7,5;;;;;5,075000016;;;;;;;;;;;;;;;;;;;;;;;;;;;;;;;;;;
Dec 2022;;16956023;29317406;;2460980;1,9;1196000;10528000;;17000;;121194,2;113608;;;;;;2460980;1,9;1196000;10528000;;17000;;121074;113607;;;137804264,9;244395406,4;;15293575,05;229,39;2663538,554;4257316,941;;11774,2;;1761764,86;1427016,711;;3;;6000;;;269087;;;47280840;;;;;;;;;;;;269087;;;47280840;;;;;;;158,2755;;526,3987;;;20997,6651;;;6290676,667;;;;;;;;;;;;;;;;;;;;;;;;47280000;;;;47280000;;;;;6289611,828;;;;;;;;;;;;;;;47280000;;;47280000;;;6289611,828;;;;;;;;;;;;;;;;;;;;;;;;;;;;;;;;;;;;;;;;;;;;;;;;;;;;;;;;;;;;;;;;;;;;;;;;;;;840;;840;;;1064,838933;;3043134;20045497;;2460980;;;;;;;;;2460980;;;;;;25726260,76;166260042,6;;15293575,05;;;;;;;;20000;;;;;;;20000;;;;;;1004;;;;;;1,9;;;1,9;;;229,39;;;;;;336622;;;49942;89203,5;;;;;;49942;89203;;;;2791634,794;;;633394,1588;1081589,817;;;;;;;;;;;;;;;;;;;;;;10320000;;;;;10320000;;;;;3793463,223;;;;;;;;;;;;;;;;;;;;;;;;;;;;;;;;;;;;;;;;;;;;;;;;;;;;;;;;;;;;;;;;;;;;;;;;;;;;;;;;;;;;;;;;;;;;;;;;;;;;;;;;;;;;;75972;;;;;1605,254;1;23,0141;;;;;83,739;;;;;1605,254;1000;23014,1;;;;;60718,9803;;;;;80517567,6;45985,48206;1136586,749;;;;;;;;;;;;;294,84;0,5;426;;;;;;;;;;295118,55;1;426000;;;;;;;;15319834,53;266,6472522;22603192,56;75972;;;;;1605,254;1;;;;83,739;;;;;1605,254;1000;;;;60718,9803;;;;;80517567,6;45985,48206;;;;;;;288,84;;426;;;;;288843,51;;426000;;;14993458,5;;22603192,56;;23,0141;;;;;;23014,1;;;;;;1136586,749;;;;;;;;;;6;0,5;;;;;;6275,04;1;;;;;;326376,03;266,6472522;;;;;;;;;;;;;;;;;;;;;;;;;;;;;;;;;;;;;;;;;;;;;;;;;;;;;;;;;;;;;;;;;;;;;;;;;;;;;;;;;;;;;;;;;;;;6;;;;;;;;;6;;;;;;;;;;78,9392;;;;;;;;;;
Jan 2023;58;;334392;;2091060;;1759000;364000;27000;;;15888,5;40564;;264859,17;;1;;2091060;;1759000;364000;27000;;;15888;40936;;3098752;;2877103,08;;14439214,07;;1536709,797;859018,7175;36453,55417;;;639473,3315;580568,3347;;;;;;;;;;;;;;;;;;;;;;;;;;;;;;;;;;;;;;;;;;;;;;;;;;;;;;;;;;;;;;;;;;;;;;;;;;;;;;;;;;;;;;;;;;;;;;;;;;;;;;;;;;;;;;;;;;;;;;;;;;;;;;;;;;;;;;;;;;;;;;;;;;;;;;;;;;;;;;;;;;;;;;;;;;;;;;;;;;;2091060;;;;;;;;;2091060;;;;;;;;;14439214,07;;;;;;;;;;;;;;;;;;;;;;;;;;;;;;;;;;;;;;;1857;;;;40564;;;1;;;;40936;;;;342,0002;;;;580568,3347;;;;;;;;;;;;;;;;;;;;;112000;260000;;;;112000;260000;;;;263406,0282;637401,591;;;;;;;;;;;;;;;;;;;;;;;;;;;;;;;;;;;;;;;;;;;;;;;;;;;;;;;;;;;;;;;;;;;;;;;;;;;;;;;;;;;;;;;;;;;;;;;;;;;;;;;;;;;;;;;;14;0,2014;1283,992;;35,2267;;;;;;;;14;0,2014;1283,992;;35226,7;;;;;;;;522,5;27291,345;68402455,76;;1820842,061;;;;;;;;;;;;;;;731;;;;;;;;;;;;731000;;;;;;;;;;44351781,11;;;;14;0,2014;1283,992;;;;;;;;14;0,2014;1283,992;;;;;;;;522,5;27291,345;68402455,76;;;;;;;;;;731;;;;;;;731000;;;;;44351781,11;;35,2267;;;;;;35226,7;;;;;;1820842,061;;;;;;;;;;;;;;;;;;;;;;;;;;;;;;;;;;;;;;;;;;;;;;;;;;;;;;;;;;;;;;;;;;;;;;;;;;;;;;;;;;;;;;;;;;;;;;;;;;;;;;;;;;;;;;;;;;;;;;;;;;;;;;;;;;;;;;;;;;;;;;;;;;
Feb 2023;110;;570779;100000;1267870;;1847000;368000;;18200;;58593,5;68422;;;;;100000;1267870;;1847000;368000;;18200;;58593;68968;;502,4001;;5150593,191;56856,79882;12534568,42;;1278634,589;844332,8896;;126029,99;;1841799,868;945882,0101;;;;;;;25000;;;99000;;;1500;;;;;;;;;25000;;;99000;;;6;;;;;;;;;8386,25;;;58273,95563;;;9840;;;;;;;;;;;;;;;;;;;;25000;28000;;;25000;28000;;;;8386,25;179,4543977;;;;;;;;;;;;;;25000;28000;;25000;28000;;8386,25;179,4543977;;;;;;;;;;;;;;;;;;;;;;;;;;;;;;;;;;;;;;;;;;;;;;;;;;;;;;;;;;;;;;;;;;;;;;;;;;;;;;;;;110;;;;1267870;;;;;;;;;1267870;;;;;502,4001;;;;12534568,42;;;;;;;;;;;;;;;;;;;;;;;;;;;;;;;;;;;;;;;;;;;43505;;;;;;;44051;;;;;;;;601598,1581;;;;;;;;;;;;;;;;;;;;;;160000;;;;;160000;;;;;398726,6645;;;;;;;;;;;;;;;;;;;;;;;;;;;;;;;;;;;;;;;;;;;;;;;;;;;;;;;;;;;;;;;;;;;;;;;;;;;;;;;;;;;;;;;;;;;;;;;;;;;;;;;;;;;;;;;;;3,1128;708,117;;34,9578;;;;;;;;;3,1128;708,117;;34957,8;;;;;;;;;38887,56248;36775077,23;;1697957,893;;;;;;;;13,7;;;;;226,57;;885;;;;;13,7;;;;;948;;885000;;;911,5428;;;;;11762322,07;;54038603,75;;;;;3,1128;708,117;;;;;;;;;3,1128;708,117;;;;;;;;;38887,56248;36775077,23;;;;;;;;226,57;;885;;;;;948;;885000;;;11762322,07;;54038603,75;;34,9578;;;;;;34957,8;;;;;;1697957,893;;;;;;13,7;;;;;;;13,7;;;;;;;911,5428;;;;;;;;;;;;;;;;;;;;;;;;;;;;;;;;;;;;;;;;;;;;;;;;;;;;;;;;;;;;;;;;;;;;;;;;;;;;;;;;;;;;;;;;;;;;;;;;;;;;;;;;;;;;;;;;;;;;;;;;;;;;;;
Mar 2023;;14707732;13806148;;1911900;200;697000;200000;25000;;;24734,2;58286,5;20400;;;;;1911900;200;697000;200000;25000;;;25582;58636;20400;;130992877,6;124269160,9;;20103841,98;1036,440939;1250288,313;428966,079;30622,48463;;;1350468,441;754343,5398;1002885,783;;;6000;;;;;;48455000;;;;;;;;;;;;;;;48455000;;;;;;;;;1908,5241;;;;;;6543609,693;;;;;;;58;;;;;;;;;9,9998;;;;;;;;46928000;;;;46928000;;;;;6461429,286;;;;;;;;;;;;;;;46928000;;;46928000;;;6461429,286;;58;;;;;9,9998;;;;;;;;;;;;;;;;;;;;;;;;;;;;;;;;;;;;;;;;;;;;;;;;;;;;;;;;;;;;;;;;;;;;1500000;;1500000;;;75152,65614;;;4329558;;1891900;;;;;;;;;1891900;;;;;;;38793207,43;;20102241,98;;;;;;;;;;;;;;;;;;;;;;;;;;;;;;;;;;;;;;10682394;60688;;;;38312;;;;;;;38662;;;94725570,83;532227,69;;;;487996,7366;;;;;;;;;;;;;;;;;;;;;;200000;;;;;200000;;;;;428966,079;;;;;;;;;;;;;;;;;;;18000;;;;;;18000;;;;;;13275;;;;;;;0,03;;;;;;;;0,03;;;;;;;;5,6206;;;;;18000;18000;13275;;;;;;;;;;;;;;;;;;0,03;;;;0,03;;;;5,6206;;;;;;;;;;;;;;;;;;;;;;;;45539;11,179;1,2011;1867,345;;34,98;;;;;;;70,06;11,179;1,2011;1867,345;;34980;;;;;;;33595,1124;725948,6871;66279,27346;98087023,46;;1744545,053;;;;;;;;;;;;;38;;949;;;;;;;;;;2680;;949000;;;;;;;;2209099,04;;57177253,77;;;45539;;1,2011;1867,345;;;;;;;70,06;;1,2011;1867,345;;;;;;;33595,1124;;66279,27346;98087023,46;;;;;;;;;;949;;;;;;;949000;;;;;57177253,77;11,179;34,98;;;;;11,179;34980;;;;;725948,6871;1744545,053;;;;;;;;;;38;;;;;;;2680;;;;;;;2209099,04;;;;;;;;;;;;;;;;;;;;;;;;;;;;;;;;;;;;;;;;;;;;;;;;;;;20000;;;20000;;;1600;;;;;;;;;;;;;;;;;;;;;;;;;;;;;;;;;;;;;;;;;;;;;;;;;;;;;;;;;;;;;;;;;
Apr 2023;126;2603220;4135331;;2171460;8,9;1326000;100000;;;;90418;;;60;;2;;2171460;8,9;1326000;100000;;;;90418;;;1623,9345;8998976,009;37488649,03;;17116975,87;7;2715142,097;215174,5604;;;;1639801,738;;;;;37000;;;27013;;;93006;;;2;;;;;;;;;27013;;;93006;;;555;;;;;;2243,5802;;;6380,24;;;87317,70237;;;143,32;;;;;;;;;;;;;;;;;;;;;;2;;;;555;;;;;143,32;;;;;;;;;;;;;;;2;;;555;;;143,32;;;;;;;;;;;;;;;;;;;;;;;;;;;;;;;;;;;;;;;;;;;;;;;;;;;;;;;;;;;;;;;;;;;;;;;;;;;;;;;;;2603220;4134602;;2171460;5;;;;;;;;2171460;5;;;;;8998976,009;37474023,29;;17116975,87;2;;;;;;;;;;;;;;;;;;;;;;;;;;3,9;;;3,9;;;5;;;;;;657;;;25525,5;;;;1;;;25526;;;;;12839,0802;;;336207,2161;;;;;;;;;;;;;;;;;;;;;;;100000;;;;;100000;;;;;215174,5604;;;;;;;;;;;;;;;;;;;;;;;;;;;;;;;;;;;;;;;;;;;;;;;;;;;;;;;;;;;;;;;;;;;;;;;;;;;;;;;;;;;;;;;;;;;;;;;;;;;;;;;;;;;;;;;;;350,3897;1075,356;;;;;;;;;;;350,3897;1075,356;;;;;;;;;;;41486,7;58490442,93;;;;;;;;;;;;;;;854,14;;499;;;;;;;;;;7731;;499000;;;;;;;;49652999,75;;32612774,65;;;;;350,3897;1075,356;;;;;;;;;350,3897;1075,356;;;;;;;;;41486,7;58490442,93;;;;;;;;97,57;;499;;;;;163;;499000;;;6226728,86;;32612774,65;;;;;;;;;;;;;;;;;;;;;;;;756,57;;;;;;;7568;;;;;;;43426270,89;;;;;;;;;;;;;;;0,1;;;;100;;;;;30,16693228;;;;;;;;;;;;;;;;;;;;;;;;;;;;;;;;;;;;;;;;;;;;;;;;;;;;;;;;;;;;;;;;;;;;;;;;;;;;;;;;;;;;;;;;;;;;;;;;;;
May 2023;;;;;1729420;;12269000;300000;;18200;;53857;87477,5;100;;;;;1729420;;12269000;300000;;18200;;53857;87471;100;;;;;14213551,08;;5987658,794;637200,9559;;126099,6;;2349361,761;1231710,791;25,29028592;;;;;;30000;48000;;660000;;;;;;;;;;;;30000;48000;;660000;;;;;;;;;;;;4025;95783,39665;;19233,94225;;;;;;;;;;;;;;;;;;;;;;;;;;;;;;;;;;;;;;;;;;;;;;;;;;;;;;;;;;;;;;;;;;;;;;;;;;;;;;;;;;;;;;;;;;;;;;;;;;;;;;;;;;;;;;;;;;;;;;;;;;;;;;;;;660000;;660000;;;19233,94225;;;;;1729420;;;;;;;;;1729420;;;;;;;;;14213551,08;;;;;;;;;;;;;;;;;;;;;;;;;;;;;;;;;;;;;;;;;;;87477,5;;;;;;;87471;;;;;;;;1231710,791;;;;;;;;;;;;;;;;;;;;;11000000;300000;;;;11000000;300000;;;;3512797,622;637200,9559;;;;48000;;;;;48000;;;;;95783,39665;;;;;;;;;;;;;;;;;;;;;;;;;;;;;;;;;;;;;;;;;;;;;;;;;;;;;;;;;;;;;;;;;;;;;;;;;;;;;;;;;;;;;;;;;;;;;;;;;;;;1923,727;;83,3291;;;;;;;;;;1923,727;;83329,1;;;;;;;;;;99217242,68;;4298998,665;;;;;;;;;;;;;49679,53;;615;;;;;;;;;;1140;;615000;;;;;;;;125761616,2;;40287995,42;;;;;;1923,727;;;;;;;;;;1923,727;;;;;;;;;;99217242,68;;;;;;;;666,16;;615;;;;;900;;615000;;;43043957,9;;40287995,42;;83,3291;;;;;;83329,1;;;;;;4298998,665;;;;;;;;;;49013,37;;;;;;;240;;;;;;;82717658,28;;;;;;;;;;;;;;;;;;;;;;;;;;;;;;;;;;;;;;;;;;;;;;;;;;;;;;;;;;;;;;;;;;;;;;;;;;;;;;1,5;;;;;1,5;;;;;0,50749999;;;;;;;;;580;;;;;;;;;50;;;;;;;;;;325,09;;;;;;
Jun 2023;2298;;2654;1487830;1186960;5,5;50000;200000;;;85940;64007,5;103268,5;;281738,27;;1;1487830;1186960;5,5;50000;200000;;;85940;64008;103268;;3070799,58;;368,0503;11314620,22;9778062,363;23;19804,84375;423893,1472;;;9358,97;1240505,024;1463138,618;;;;10000;;;;;;588000;;;;;;25000;;;;;;;;;588000;;;;;;25000;;;16213,121;;;;;;38511,99248;;;;;;350082,28;;;;;85940;;;;85940;;;;;9358,97;;;;;;;;;;;;;;;;;;85940;;;;85940;;;;9358,97;;;;;;;;;;;;;;;;;;;;;;;;;;;;;;;;;;;;;;;;;;;;;;;;;;;;;;;;;;;;;;;;;;;;;;;;;;;;;;;;;;;480000;;480000;;;13741,23412;59;;2605;1287830;1186960;5,5;;;;281737,27;;1;1287830;1186960;5,5;;;;3069789;;318,0002;11201261,06;9778062,363;23;;;;;;;;;;;;;;;;;;;;;;;;;;;;;;;;;;;;;;;;;24675,5;89622;;;;;;24676;89622;;;;;;;343708,9237;1284275,755;;;;;;;25000;;;;;;25000;;;;;350082,28;;;;200000;;;;;200000;;;;;423893,1472;;;;;;;;;;;;;;;;;;;;;;;;;;;;;;;;;;;;;;;;;;;;;;;;;;;;;;;;;;;;;;;;;;;;;;;;;;;;;;;;;;;;;;;;;;;;;;;;;;;;;;;;;;;;;;;;;;1488,808;;;;;;;;;;;;1488,808;;;;;;;;;;;;77599115,5;;;;;;;;;;;;;;;3199,3;;590;;;;;;;;;;9591;;340250;;;;;;;;176380593,1;;37655434,74;;;;;;1488,808;;;;;;;;;;1488,808;;;;;;;;;;77599115,5;;;;;;;;949,68;;590;;;;;324;;340250;;;54290871,38;;37655434,74;;;;;;;;;;;;;;;;;;;;;;;;2249,62;;;;;;;9267;;;;;;;122089721,8;;;;;;;;;;;;;;;;;;;;;;;;;;;;;;;;;;;;;;;;;;;;;;;;;;;;;;;;;;;;;;;;;;;;;;;;;;;;;;;;;;;;;;;;;;;;19;;;920;;;;;;;;;920;;;;;;;3030,0629;;;9656,091107;;;;;;;;
Jul 2023;;16347222;26952047;219391,3;1595970;0,5;570000;11200000;;18200;;39889;48973,5;16000;;;;219391,3;1595970;0,5;570000;11200000;;18200;;39889;48973;16000;;137561949,1;228602069;1806787,508;12502151,32;2;1051550,577;3814810,541;;12603,64;;853078,7707;715872,5084;659952,9537;;;;;;;;;49715000;;;;;;50600;;;;;;;;;49715000;;;;;;50600;;;;;;;;;6179402,317;;;;;;627224,4201;;;;;;;;;;;;;;;;;;45310000;;;;45310000;;;;;5967455,726;;;;;;;;;;;;;;;45310000;;;45310000;;;5967455,726;;;;;;;;;;;;;;;;;;;;;;;;;;;;;;;;;;;;;;;;;;;;;;;;;;;;;;;;;;;;;;;;;;;;;;;;;;;4380000;;4380000;;;185189,0496;;;;219390;1595970;0,5;;;;;;;219390;1595970;0,5;;;;;;;1806783,508;12502151,32;2;;;;;;;;;;;;;;;;;;;;;;;;1,3;;;1,3;;;4;;;;;;;;8470367;;;;48973,5;;;;;;;48973;;;;71856329,5;;;;715872,5084;;;;;;;50000;;;;;;50000;;;;;626863,7965;;;;11200000;;;;;11200000;;;;;3814810,541;;;;;;;;;;;;;;;;;;;;;;;;;;;;;;;;;;;;;;;;;;;;;;;;;;;;;;;;;;;;;;;;;;;;;;;;;;;;;;;;;;;;;;;;;;;;;;;;;;;;;;;;;;;;;;123159;;;;1359,64;;37,6379;;;;;;123,16;;;;1359,64;;37637,9;;;;;;37795,3527;;;;71021580,92;;1871612,196;;;;;;;;;;;;;1989,81;;575;;;;;;;;;;6340,8;;575000;;;;;;;;112201003,5;;36284321,62;;;;;;1359,64;;;;;;;;;;1359,64;;;;;;;;;;71021580,92;;;;;;;;431,93;;575;;;;;6336,8;;575000;;;25729307,39;;36284321,62;;37,6379;;;;;;37637,9;;;;;;1871612,196;;;;;;;;;;1557,88;;;;;;;4;;;;;;;86471696,14;;;;;;;;;;;;;;;;;;;;;;;;;;;;;;;;;;;;;;;;;;;;;;;;;;;;;;;;;;;;;;;;;;;;;;;;;;;;3,2;;1,2;;1752;3,2;;1,2;;1752;100;;101,5;;87,52399232;;;;;;;;27;;;;;;;;;500;;;;;;;;;;125;;;;;
Aug 2023;2659;;;181317;;200;983000;304000;27000;1568;;14954,5;124247;;504263,85;;;181317;;200;983000;304000;27000;1568;;14954;124246;;6961028,675;;;109312,416;;1018,069519;1908943,179;672305,8132;5534,566201;667,67;;586944,8018;1937364,985;;;;45000;;;351003;;;3570000;;;;;;71250;;;;;;274503;;;3570000;;;;;;71250;;;2207,1591;;;48173,76;;;192078,8917;;;;;;1022924,48;;;;;;;;;;;;;;;;;;;;;;;;;;;;;;;;;;;;;;;;;;;;;;;;;;;;;;;;;;;;;;;;;;;;;;;;;;;;;;;;;;;;;;;;;;;;;;;;;;;;;;;;;;;;;;;;;;1568;;;1568;;;667,67;;;3300000;;3300000;;;131178,3426;103;;;;;;;;;504263,85;;;;;;;;;6960703;;;;;;;;;;;;;;;;;;;;;;;;;;;;;;;;;;;;;;;;;2556;;;;;;124247;;;;;;;124246;;325,6756;;;;;;1937364,985;;;;;;;71250;;;;;;71250;;;;;1022924,48;;;;200000;;;;;200000;;;;;464226,2872;;;;;;;;;;;;;;;;;;;;;;;;;;;;;;;;;;;;;;;;;;;;;;;;;;;;;;;;;;;;;;;;;;;;;;;;;;;;;;;;;;;;;;;;;;;;;;;;;;;;;;;;;;;;;;;;1,05;;1756,68;;107,7111;;;;;;;;1,05;;1759,68;;107711,1;;;;;;;;772,38;;92974720,78;;5497936,203;;;;;;;;;;;;;3162,14;;806;;;;;;;;;;5716;;806000;;;;;;;;192743296,5;;49251043,02;;;;1,05;;1756,68;;;;;;;;1,05;;1759,68;;;;;;;;772,38;;92974720,78;;;;;;;;517,9;;806;;;;;5185;;806000;;;29362939,25;;49251043,02;;107,7111;;;;;;107711,1;;;;;;5497936,203;;;;;;;;;;2644,24;;;;;;;531;;;;;;;163380357,3;;;;;;;;;;;;;;;;;;;;;;;;;;;;;;;;;;;;;;;;;;;;;;;;;;;;;;;;;;;;;;;;;;;;;;;;;;;;;;;;;;;;;;;;;;;;;;;;;;;;;;;;;;;;;;;;;;;;;;;;;;
Sep 2023;;;;1282460,5;100000;40,5;620000;52000;27000;;;42859;122148;31750;;;;1282460,5;100000;40,5;620000;52000;27000;;;42858;122148;31750;;;;8897133,336;7000;202,2971219;1152113,611;103188,9902;5532,241532;;;943590,0279;1731108,435;1378131,091;;;20000;900;;25000;;;1560000;;;;;;75002;;;;900;;25000;;;1560000;;;;;;75002;;;2161,5522;1585,191638;;11556,25;;;81288,87296;;;;;;1017552,389;;;;;;;;;;;;;;;;;25000;;;;25000;;;;;11556,25;;;;;;;;;;;;;;;25000;;;25000;;;11556,25;;;;;;;;;;;;;;;;;;;;;;;;;;;;;;;;;;;;;;;;;;;;;;;;;;;;;;;;;;;;;;;;;;;;;;;;;;;;1560000;;1560000;;;81288,87296;;;;1282460,5;100000;0,5;;;;;;;1282460,5;100000;0,5;;;;;;;8897133,336;7000;1,100000012;;;;;;;;;;2;;;;;;;2;;;;;;25,32987962;;;;;;;;;;;;;;;;;;;122148;;;;;;;122148;;;;;;;;1731108,435;;;;;;;75000;;;;;;75000;;;;;1017527,059;;;;;;;;;;;;;;;;;;;;;;;;;;;;;;;;;;;;;;;;;;;;;;;;;;;;;;;;;;;;;;;;;;;;;;;;;;;;;;;;;;;;;;;;;;;;;;;;;;;;;;;;;;;;;;;;;;;;;;;;;;;;;;;;2373,81;;;;;;;;;;;;2039,81;;;;;;;;;;;;119702383,8;;;;;;;;;;;;;;;2337,26;;800;;;;;;;;;;686;;800000;;;;;;;;128985791,9;;48646286,3;;;;;;2373,81;;;;;;;;;;2039,81;;;;;;;;;;119702383,8;;;;;;;;215,67;;800;;;;;330;;800000;;;13280340,06;;48646286,3;;;;;;;;;;;;;;;;;;;;;;;;2121,59;;;;;;;356;;;;;;;115705451,9;;;;;;;;;;;;;;;;;;;;;;;;;;;;;;0,03;;;;;0,03;;;;;;;330,682734;;;;;;;;;;;;;;;;;;;;;;;;;;;;;;;;;;;;;;60;;;;;60;;;;;80,69298705;;;;;;;;;;;;;;;;;;;;;;;;;;;;;;;;
Oct 2023;2;;1000;420220;853040;3,8;50000;152000;;461;;80947;147208;;;;2000;420220;853040;3,8;50000;152000;;461;;80946;147209;;112825,0001;;22,0002;4220009,631;8075913,595;2,014999985;46151,34357;315308,097;;222,6;;1281990,1;1960623,105;;;;23000;;;161471;;;47907000;100;;;;;;;;;;;161471;;;47907000;675;;;;;;;;2057,2205;;;56761,74;;;7093707,462;12373;;;;;;;;;;;;;;;;;;;;;;75000;47280000;;;75000;47280000;;;;21525;7056390,123;;;;;;;;;;;;;;75000;47280000;;75000;47280000;;21525;7056390,123;;;;;;;;;;;;;;;;;;;;;;;;;;;;;;;;;;;;;;;;;;;;;;;;;;;;;;;;;;;;;;;;;;461;;;461;;;222,6;;;600000;;600000;;;30120,91231;;;500;420220;853040;3,8;;;;;;1000;420220;853040;3,8;;;;;;11,0001;4220009,631;8075913,595;2,014999985;;;;;;;;;;;;;;;;;;;;;;;;;;;;;;;;;;;;;;500;;;25344,5;147208;;;1000;;;25344;147209;;;;11,0001;;;353171,0196;1960623,105;;;;;;;;;;;;;;;;;;;;;;100000;;;;;100000;;;;;217608,3442;;;;;;;;;;;;;;;;;;;;;;;;;;;;;;;;;;;;;;;;;;;;;;;;;;;;;;;;;;;;;;;;;;;;;;;;;;;;;;;;;;;;;;;;;;;;;;;;;;;;;;;;;;;;;68428;;;;;2519,58;;37,9664;;;;;85,535;;;;;2519,58;;37966,4;;;;;41821,3041;;;;;116876928,4;;1815411,549;;;;;;;;;;;;;2900,94;;680;;;;;;;;;;4672;;680000;;;;;;;;160053651,6;;41359049,83;;;;;;2519,58;;;;;;;;;;2519,58;;;;;;;;;;116876928,4;;;;;;;;2797,12;;680;;;;;4662;;680000;;;154294545,8;;41359049,83;;37,9664;;;;;;37966,4;;;;;;1815411,549;;;;;;;;;;103,82;;;;;;;10;;;;;;;5759105,75;;;;;;;;;;;;;;;;;;;;;;;;;;;;;;;216;;;;;216;;;;;;;13942,90077;;;;;;;;;;;;;;;;;;;;;;;;;;;;;;;;;;;;;;;;;;;;;;;;;;;;;;;;;;;;;;;;;;;;;;;;;;;;;;;
Nov 2023;;14027162;25533652;75000;1314300;;11100000;152000;1000000;18244;;179140,9;49488,5;;;;;75000;1314300;;11100000;152000;1000000;18640;;179141;49488;;;111410378,2;208642636,3;87370,04931;11063403,22;;3451514,563;314780,6706;27231,02094;126183,07;;3187832,184;655271,0566;;3986;;;;;;98,8;;50481980;;;;;;;8;;;;;;98,8;;50481980;;;;;;;18431,5299;;;;;;4437,53139;;7064486,694;;;;;;;;;;;;;;;;;;;;;;;;50260980;;;;50260980;;;;;7031466,543;;;;;;;;;;;;;;;50260980;;;50260980;;;7031466,543;;;;;;;;;;;;;;;;;;;;;;;;;;;;;;;;;;;;;;;;;;;;;;;;;;;;;;;;;;;;;;;;;;;;;;;;;;;180000;;180000;;;8879,680741;;10016398;17906832;;1314300;;;;;;;;;1314300;;;;;;82236461,66;146163725,9;;11063403,22;;;;;;;;;;;;;;;;;;;;;;;;;;;;;;;;;;;;;;3277983;;;;74185;49488,5;;;;;;74185;49488;;;26837535,57;;;;1062396,171;655271,0566;;;;;;;;;;;;;;;;;;;;;11000000;100000;;;;11000000;100000;;;;3374770,385;217244,3433;;;;;;;;;;;;;;;;;;;;;;;;;;;;;;;;;;;;;;;;;;;;;;;;;;;;;;;;;;;;;;;;;;;;;;;;;;;;;;;;;;;;;;;;;;;;;;;;;;;;;;;;;;;;;77152;;;0,03;;2568,68;;90,1778;;;;;79,13;;;0,03;;2568,68;;90177,8;;;;;24050,9893;;;1518,948687;;135771432;;4820123,289;;;;;;;;;;;;;4059,96;;940;;;;;;;;;;30702,03;;940000;;;;;;;;228388653,3;;60094124,18;77152;;;0,03;;2568,68;;;;;79,13;;;0,03;;2568,68;;;;;24050,9893;;;1518,948687;;135771432;;;;;;;;3645,33;;940;;;;;30492,03;;940000;;;204147878,6;;60094124,18;;90,1778;;;;;;90177,8;;;;;;4820123,289;;;;;;;;;;414,63;;;;;;;210;;;;;;;24240774,63;;;;;;;;;;;;;;;;;;;;;;;;;;;;2;;3;;;;;3;;;;;541,7325;;403,97;;;;;;;;;;;;;;;;;;;;;;;;;;;;;;;;;;;;11,3;;;;;11,3;;;;;100;;;;;;;;;;;;;;;;;;;;;;;;;;;;;;;;;;
Dec 2023;;13311821;25158347;451180;1337090;;632000;52000;;;;280847,6;98378;;;;;451180;1337090;;632000;52000;;;;280847;98377;;;111597686,3;210198512,7;3099097,428;8363504,824;;1182944,919;98959,83696;;;;4482013,561;1274696,885;;;;;;;28020;;;47508928;;;;3,8;;85486,15;;;;;;28020;;;47508928;;;;4;;85486;;;;;;71812,8476;;;7236895,193;;;;4740,544823;;1020899,842;;;;;;;;;;;;;;;;;;47465428;;;;47465428;;;;;7188134,896;;;;;;;;;;;;;;;47465428;;;47465428;;;7188134,896;;;;;;;;;;;;;;;;;;;;;;;;;;;;;;;;;;;;;;;;;;;;;;;;;;;;;;;;;;;;;;;;;;;;;;;;;;;;;;;;;;;;451180;1337090;;;;;;;;451180;1337090;;;;;;;;3099097,428;8363504,824;;;;;;;;;;;;;;;;;;;;;;;;;;;;;;;;;;;;;;;;;;169297,6;98378;;;;;;169297;98377;;;;;;;2489499,345;1274696,885;;;;;;;85486,15;;;;;;85486;;;;;1020899,842;;;112000;;;;;112000;;;;;195648,1169;;;;;;;;;;;;;;;;;;;;;;;;;;;;;;;;;;;;;;;;;;;7;;;;;;;;7;;;;;;;;1029,953329;;;;;;;;;;;;;;;;;;;;;;;;;;;;;;;;;;;;;;;7;;;;;7;;;;;;1029,953329;;;;;0,12;1899,99;;31,4435;4,61;;;;;;;;0,12;1899,99;;31443,5;4610;;;;;;;;7657,951952;100168220,9;;1632860,183;266682,22;;;;;;;;;;;;3112,97;;915;;;;;;;;;;812;;915000;;;;;;;;180535113,9;;58954450,02;;;;;0,12;1899,99;;;;;;;;;0,12;1899,99;;;;;;;;;7657,951952;100168220,9;;;;;;;;3112,97;;915;;;;;812;;915000;;;180535113,9;;58954450,02;;31,4435;4,61;;;;;31443,5;4610;;;;;1632860,183;266682,22;;;;;;;;;;;;;;;;;;;;;;;;;;;;;;;;;;;;;;;;;;;;;;;;;;;;;;;;;;;;;;;;;;;;;;;;;;;;;;;;;;;;;;;;;;;;;;;;;;;;93,17;122,2;;;;93,17;122,2;;;;22,12257081;16,8626308;;;;;;;;;;;;;;;;;;;;;;;;;;;;;;;;;;
Jan 2024;;;;0,6;;514;610000;;;;;182470,6;149499,5;15000;;;;0,6;;514;610000;;;;;182471;149500;15000;;;;5,075000017;;100;1143574,576;;;;;3018986,43;2101275,033;688989,5915;;;;3,2;;;;;966300;;;3;;;107600;;;;3,2;;;;;966300;;;3;;;107600;;;;613,9385371;;;;;61253,61475;;;108,81;;;1194070,741;;;;;;;;;;;;;;;;;;;;;;;;;;;;;;;;;;;;;;;;;;;;;;;;;;;;;;;;;;;;;;;;;;;;;;;;;;;;;;;;;;;;;;;;;;;;;;;;;;;;;;;;;;;;;;;;;;;;;;;;;;;966300;;966300;;;61253,61475;;;;;;;;;;;;;;;;;;;;;;;;;;;;;;;;3;;;;;;;3;;;;;;108,81;;;;;;;;;;;;;;;;;;;;97189,6;149499,5;;;;;;97190;149500;;;;;;;1485136,113;2101275,033;;;;;;;107600;;;;;;107600;;;;;1194070,741;;;90000;;;;;90000;;;;;150394,4712;;;3,2;;;;;3,2;;;;;613,9385371;;;;;;;;;;;;;;;;;;;;;;;;;;;;;;;;;;;;;;;;;;;;;;;;;;;;;;;;;;;;;;;;;;;;;;;;;;;;;;;;;;;;;;;;;;;;;;;;;;;;;;2457,13;;25,4935;;;;;;;;;;2457,13;;25493,5;;;;;;;;;;135477596,1;;1351316,945;;;;;;;;;;;;;626;;800;;;;;;;;;;625858;;800000;;;;;;;;35506505,02;;51838031,18;;;;;;2457,13;;;;;;;;;;2457,13;;;;;;;;;;135477596,1;;;;;;;;626;;800;;;;;625858;;800000;;;35506505,02;;51838031,18;;25,4935;;;;;;25493,5;;;;;;1351316,945;;;;;;;;;;;;;;;;;;;;;;;;;;;;;;;;;;;;;;;;;;;;;;;;;;;;;;;;;;;;;;;;;;;;;;;;;;;;;;;;;;;;;;;;;;;;;;;;;;;;;;;;;;;;;;;;;;;;;;;;;;;;;;;;;;;;;;;;;;;;;;;;;;
Feb 2024;6;;1020;50000;;0,176;1252000;112000;25000;;;243863;50070;14970;;;;50000;;0,176;1252000;112000;25000;;;243863;50070;14970;10,0001;;33,9997;43946,95662;;100;2136489,489;208581,2316;26755,04808;;;4184708,386;781586,3449;590272,9238;;;;;;30120;;;;;;;;;;;;;;;30120;;;;;;;;;;;;;;;10477,4594;;;;;;;;;;;;;;;;;;;;;;;;;;30000;;;;30000;;;;;9598,414083;;;;;;;;;;;;;;;30000;;;30000;;;9598,414083;;;;;;;;;;;;;;;;;;;;;;;;;;;;;;;;;;;;;;;;;;;;;;;;;;;;;;;;;;;;;;;;;;;;;;;;;;;;;;;;;;6;;1020;;;;;;;;;;;;;;;;10,0001;;33,9997;;;;;;;;;;;;;;;;;;;;;;;;;;;;;;;;;;;;;;;;;;;;93815;50070;;;;;;93815;50070;;;;;;;1451647,074;781586,3449;;;;;110;;;;;;110;;;;;24,41837636;;;;0,176;112000;60000;;;0,176;112000;60000;;;100;200758,0367;114347,9314;;;;;;;;;;;;;;;;;;;;;;;;;;;;;;;;;;;;;;;;;;;;;;;;;;;;;;;;;;;;;;;;;;;;;;;;;;;;;;;;;;;;;;;;;;;;;;;;;;;;;;;;;;;;;;;;;;2745,1197;;27,2985;;;;;;;;;;2745,12;;27298,5;;;;;;;;;;145766128,7;;1471219,283;;;;;;;;;;;;;2925;;500;;;;;;;;;;2927399;;500000;;;;;;;;165810456,3;;32730430,74;;;;;;2745,1197;;;;;;;;;;2745,12;;;;;;;;;;145766128,7;;;;;;;;2925;;500;;;;;2927399;;500000;;;165810456,3;;32730430,74;;27,2985;;;;;;27298,5;;;;;;1471219,283;;;;;;;;;;;;;;;;;;;;;;;;;;;;;;;;;;;;;;;;;;;;;;;;;;;;;;;;;;;;;;;;;;;;;;;;;;;;;;;;;;;;;;;;;;;;;;;;;;;;373,9;;17,1;;;373,9;;17,1;;;456,4768676;;5;;;;;;;;;;;;;;;;;;;;;;;;;;;;;;;;;;
Mar 2024;1,5;;;;;10,8839;417000;60000;25000;;;336279,8;74749;32060;;;;;;10,8839;417000;60000;25000;;;336187;74749;32060;9,9999;;;;;1475,23;565557,4317;117189,7226;27447,7941;;;6077218,674;1100944,489;1339461,201;;;3750;;;75000;;;47280000;;;;3;;218968,8;;;;;;75000;;;47280000;;;;3;;218969;;;1132,6098;;;34296,76;;;8096103,072;;;;1525,695273;;2249722,599;;;;;;;;;;;;;;;;;75000;47280000;;;75000;47280000;;;;34296,76;8096103,072;;;;;;;;;;;;;;75000;47280000;;75000;47280000;;34296,76;8096103,072;;;;;;;;;;;;;;;;;;;;;;;;;;;;;;;;;;;;;;;;;;;;;;;;;;;;;;;;;;;;;;;;;;;;;;;;;;;;;;;;;1,5;;;;;10,8839;;;;;;;;;10,8839;;;;9,9999;;;;;1475,23;;;;;;;;;;;;;;;;;;;;;;;;;;;;;;;;;;;;;;;;;171508,8;74749;;;;;;171415;74749;;;;;;;2827829,534;1100944,489;;;;;;;218968,8;;;;;;218969;;;;;2249722,599;;;292000;60000;;;;292000;60000;;;;508505,5115;117189,7226;;;;;;;;;;;;;;;;;;;;;;;;;;;;;;;;;;;;;;;;;;;;;;;;;;;;;;;;;;;;;;;;;;;;;;;;;;;;;;;;;;;;;;;;;;;;;;;;;;;;;;;;;;;;;;;;;;2718,28;;35,3019;;;;;;;;;;2718,28;;35000;;;;;;;;;;143534203,7;;2092246,574;;;;;;;;;;;;;4126,39;;500;;;;;;;;;;4126366,85;;500000;;;;;;;;251377773,9;;35273975,69;;;;;;2718,28;;;;;;;;;;2718,28;;;;;;;;;;143534203,7;;;;;;;;4126,39;;500;;;;;4126366,85;;500000;;;251377773,9;;35273975,69;;35,3019;;;;;;35000;;;;;;2092246,574;;;;;;;;;;;;;;;;;;;;;;;;;;;;;;;;;;;;;;;;;;;;;;;;;;;;;;;;;;;;;;;;;;;;;;;;;;;;;;;;;;;;;;;;;;;;;;;;;;;;;;76,522;;;;;76,522;;;;;7,874392229;;;;;;;;;;;;;;;;;;;;;;;;;;;;;;;;;;
Apr 2024;227;;770;;460110;124,1236;1691000;60000;25000;;;226273;71034,06;215,01;;;;;460110;124,1236;1691000;60000;25000;;;226216;71035;216;30,0727;;130,2818;;4166304,162;24,29999999;3091318,05;112924,7921;27245,29475;;;4512263,171;1308890,38;493,6127436;27200;;51000;;;;;;80516;;;70876;;;27500;;;;;;;;;80516;;;70876;;;27500;14073,6327;;17864,0289;;;;;;26047,86;;;31446;;;277044,5038;;;;;;;;;;;;;;;;;;;;;;;;;;;;;;;;;;;;;;;;;;;;;;;;;;;;;;;;;;;;;;;;;;;;;;;;;;;;;;;;;;;;;;;;;;;;;;;;;;;;;;;;;;;;;;;;;;;;;;;;;;;;;;;;;227;;770;;460110;124,1236;;;;;;;;460110;124,1236;;;;30,0727;;130,2818;;4166304,162;24,29999999;;;;;;;;;;;;;;;;;;;;;;;;;;;;;;;;;;;;;;;;;97229;71034,06;214,51;;;;;97229;71035;215;;;;;;1899309,209;1308890,38;462,6306836;;;;;;27500;;;;;;27500;;;;;277044,5038;;;104000;60000;;;;104000;60000;;;;181205,9786;112924,7921;;;;;;;;;;;;;;;;;3,005;;;;34;;3,005;;;;34000;;2673;;;;9007,66;;;;;;0,43;;;;;;;;430;;;;;;;;80,63791138;;;;;;;3,005;;;;34;3,005;;;;34000;2673;;;;9007,66;;;;;;;;;;;;;;;;;;0,43;;;;;430;;;;;;80,63791138;;;;;;;0,9984;0,1004;2123,6798;;38,0046;;;;;;;;0,9984;0,1004;2123,6798;;38004,6;;;;;;;;72702,85;6309,177821;129177122,9;;2207444,151;;;;;;;;;0,67;;;;2599,97;;500;;;;;;670;;;;2601951,83;;500000;;;;531,6394315;;;;164820090,9;;38352131,35;;;;0,9984;0,1004;2123,6798;;5;;;;;;0,9984;0,1004;2123,6798;;5000;;;;;;72702,85;6309,177821;129177122,9;;198744,8506;;;;;;2599,97;;500;;;;;2601951,83;;500000;;;164820090,9;;38352131,35;;33,0046;;;;;;33004,6;;;;;;2008699,301;;;;;;;0,67;;;;;;;670;;;;;;;531,6394315;;;;;;;;;;;;;;;;;;;;;;;;;;;;;;;;;;;;;;;;;;;;;;;;;;;;;;;;;;;;;;;;;;;;;;;;;;;;;;;;;;;;;;;;;;;;;;;;;;;;;;;;;;;;;;;;;;;;;;;;;;;;;
May 2024;72,5;;490;;25000;;1193000;60000;25000;;9;348786;49281,5;;;;;;25000;;1193000;60000;25000;;36;348786;49281;;39,6735;;19,9764;;3750;;2072214,959;112274,4855;30570,30093;;9,9;6866019,001;880854,3731;;;;2;;;324000;;;101563;2;;;;;200;;;;;;324000;;;101563;2;;;;;200;;;67,8202;;;52943,69173;;;63291,75617;575,99;;;;;464,3923077;;;;;;;;;;;;;;;;;144000;;;;144000;;;;;25978,59173;;;;;;;;;;;;;;;;;;;;;;;;;;;;;;;;;;;;;;;144000;144000;;25978,59173;;25000;;;;25000;;;;3750;;;1;;;;;;;56,9702;;;;;;;;;;;;;1;;2;;;2;;10,85;;575,99;;;;;;;;;;;;;;;;;;;72,5;;490;;;;;;;;;;;;;;;;39,6735;;19,9764;;;;;;;;;;;;;;;;;;;;;;;;;;;;;;;;;;;;;;;;;;;;170163;49281,5;;;;;;170163;49281;;;;;;;3414775,237;880854,3731;;;;;;;;;;;;;;;;;;;;;28000;60000;;;;28000;60000;;;;47753,12438;112274,4855;;;;;;;;;;;;;;;;;;;;;19,5;;;;;;19500;;;;;;50469,54;;;;;;;;;;;;;;;;;;;;;;;;;;;;;;;;;19,5;;;;;19500;;;;;50469,54;;;;;;;;;;;;;;;;;;;;;;;;;;;;;;;;;;;;1,0001;;3085,9556;;29147,8;;;;;;;;1,0001;;3085,9556;;29147800;;;;;;;;74699,72;;193599041,9;;1807293,606;;;;;;;;;;;;;3157,32;;;;;;;;;;;;3157312,66;;;;;;;;;;206824108,8;;;;;;1,0001;;3085,9556;;;;;;;;1,0001;;3085,9556;;;;;;;;74699,72;;193599041,9;;;;;;;;3157,32;;;;;;;3157312,66;;;;;206824108,8;;;;29147,8;;;;;;29147800;;;;;;1807293,606;;;;;;;;;;;;;;;;;;;;;;;;;;;;;;;;;;;;;;;;;;;;;;;;;;;;;;;;;;;;;;;;;;;;;;;;;;;;;;;;;;;;;;;;;;;;;;;;;;;;;;;;;;;;;;;;;;;;;;;;;;;;;;;;;;;;;;;;;;;;;;;;;;
Jun 2024;14;;23;;;;25000;;25020;;;221699;149571;;;;;;;;25000;;25020;;;221698;149572;;10,0229;;30,0511;;;;22732,0906;;30133,44844;;;4554704,649;2808408,572;;;;182252;;;886;24000;;;;;;;;300;;;;;;886;24000;;;;;;;;300;;;71927,8604;;;606;47259,2098;;;;;;;;171,4957919;;;;;;;;;;;;;;;;;;;;;;;;;;;;;;;;;;;;;;;;;;;;;;;;;;;;;;;;;;;;;;;;;;;;;;;;;;;;;;;;;;;;;;;;;;;;;;;;;;;;;;;;;;;;;;;;;;;;;;;;;;;;;;;;;14;;23;;;;;;;;;;;;;;;;10,0229;;30,0511;;;;;;;;;;886;;;;;;;886;;;;;;606;;;;;;;;;;;;;;;;;;;;;96332;149571;;;;;;96332;149572;;;;;;;1898665,043;2808408,572;;;;;;;;;;;;;;;;;;;;;;;;;;;;;;;;;;;;24000;;;;;24000;;;;;47259,2098;;;;;;;18,5;;;;;;18500;;;;;;45517,31;;;;;;1;;;;;;;;1000;;;;;;;;187,9247835;;;;;;;;;;;18,5;;;;;18500;;;;;45517,31;;;;;;;;;;;;;;;;;;1;;;;;1000;;;;;;187,9247835;;;;;;;0,0391;;2719,8355;;26,4579;;;;;;;;0,0391;;2719,8355;;26457,9;;;;;;;;2790,801568;;164691898,7;;1575405,69;;;;;;;;;2,1;;;;2173,03;;;;;;;;2100;;;;2173036,96;;;;;;1653,738095;;;;142265769,2;;;;;;0,0391;;2719,8355;;;;;;;;0,0391;;2719,8355;;;;;;;;2790,801568;;164691898,7;;;;;;;;2173,03;;;;;;;2173036,96;;;;;142265769,2;;;;26,4579;;;;;;26457,9;;;;;;1575405,69;;;;;;;2,1;;;;;;;2100;;;;;;;1653,738095;;;;;;;;;;;;;;;;;;;;;;;;;;;;;;;;;;;;8;;;;;8000;;;;;;;9019,955705;;;;;;;;;;;;;;;;;;;;;;;;;;;;;;;;142,2;10;;;;142,2;10;;;;21,28527851;0,100999999;;;;;;;;;;;;;;;;;;;;;;;;;;;;;;;;;;
Jul 2024;33;11230;2287;75003;;;1036000;100000;;;;201883,5;274728,5;;;;;75003;;;1036000;100000;;;;201884;274730;;60,0196;170022;227,4655;42453,02518;;;1781633,753;157751,8619;;;;4294499,723;4908237,89;;;;126600;;;120000;;;5010;;;;;;;;;;;;120000;;;5010;;;;;;;;;47342,2176;;;45151,20294;;;2769,454223;;;;;;;;;;;;;;;;;;;;;;;105000;;;;105000;;;;;42360,20294;;;;;;;;;;;;;;;105000;;;105000;;;42360,20294;;;;;;;;;;;;;;;;;;;;;;;;;;;;;;;;;;;;;;;;;;;;;;;;;;;;;;;;;;;;;;;;;1,3;;;1,3;;;5,099999985;;;;;;;;;;;33;;2287;;;;;;;;;;;;;;;;60,0196;;227,4655;;;;;;;;;;;;;;;;;;;;;;;;;;;;;;;;;;;;;;;;;;;;74163;274728,5;;;;;;74163;274730;;;;;;;1452944,337;4908237,89;;;;;;;;;;;;;;;;;;;;;260000;100000;;;;260000;100000;;;;425084,0379;157751,8619;;;;;;;;;;;;;;;;;;;30000;;;;;;30000;;;;;;8920,61;;;;;;;;;;;;;;;;;;;;;;;;;;;;30000;30000;8920,61;;;;;;;;;;;;;;;;;;;;;;;;;;;;;;;;;;;;;;;;;;;;;;;;;;;;;3448,8535;;27,301;;;;;;;;;;3448,8535;;27301;;;;;;;;;;202872535,3;;1664511,057;;;;;;;;;;;;;41427;;1000;;;;;;;;;;3139369;;1000000;;;;;;;;210560135,4;;76910498,74;;;;;;3448,8535;;;;;;;;;;3448,8535;;;;;;;;;;202872535,3;;;;;;;;41427;;1000;;;;;3139369;;1000000;;;210560135,4;;76910498,74;;27,301;;;;;;27301;;;;;;1664511,057;;;;;;;;;;;;;;;;;;;;;;;;;;;;;;;;;;;;;;;;;;;;;;;;;;;;;;;;;;;;;;;;;;;;;;;;;;;;;;;;;;;;;;;;;;;;;;;;;;;;19302,23;;504;;;19302,23;;504;;;14386,21;;22,72925968;;;;;;;;;;;;;;;;;;;;;;;;;;;;;;;;;;
Aug 2024;8;;27,5;;;1,2;407000;100000;50000;;;280427,5;148637,5;;;;;;;1,2;407000;100000;50000;;;280411;148637;;9,9798;;19,9931;;;1,015000005;602694,5489;158418,6259;60375,18543;;;5003129,709;2762397,734;;;;;;;;34;;1680000;;;;1;;52500;;;;;;;34;;1680000;;;;1;;52500;;;;;;;143,4263068;;90937,21002;;;;148,1091137;;11428,79487;;;;;;;;;;;;;;;;;;;;;;;;;;;;;;;;;;;;;;;;;;;;;;;;;;;;;;;;;;;;;;;;;;;;;;;;;;;;;;;;;;;;;;;;;;;;;;;;;;;;;;;;;;;;;;;;;;;;;;;;;;;1680000;;1680000;;;90937,21002;8;;27,5;;;1,2;;;;;;;;;1,2;;;;9,9798;;19,9931;;;1,015000005;;;;;;;;;1;;;;;;;1;;;;;;148,1091137;;;;;;;;;;;;;;;;;;;97160;148637,5;;;;;;97160;148637;;;;;;;1887428,076;2762397,734;;;;;;;52500;;;;;;52500;;;;;11428,79487;;;382000;100000;;;;382000;100000;;;;579454,5933;158418,6259;;;;;;;;;;;;;;;;;;;;;;;;;;;;;;;;;;;;;;;;;;;;;;;;;;;;;;;;;;;;;;;;;;;;;;;;;;;;;;;;;;;;;;;;;;;;;;;;;;;;;;;;;;;;;;;;;;3092,8219;;31,4666;;;;;;;;;;3092,8219;;31000;;;;;;;;;;186197056,5;;2060103,116;;;;;;;;;;;;;2286,43;;;;;;;;;;;;2286430;;;;;;;;;;161600516,9;;;;;;;;3092,8219;;;;;;;;;;3092,8219;;;;;;;;;;186197056,5;;;;;;;;2286,43;;;;;;;2286430;;;;;161600516,9;;;;31,4666;;;;;;31000;;;;;;2060103,116;;;;;;;;;;;;;;;;;;;;;;;;;;;;;;;;;;;;;;;;;;;;;;;;;;;;;;;;;;;;;;;;;;;;;;;;;;;;;;;;;;;;;;;;;;;;;;;;;;;;;;;;;;;;;;;;;;;;;;;;;;;;;;;;;;;;;;;;;;;;;;;;;;
Sep 2024;;;6714;;;45,2;1554000;122000;;;;276207,4;275487,5;315;;;;;;45,2;1554000;122000;;;;276206;275486;315;;;99,9231;;;7,079999982;2784596,052;192086,544;;;;5434495,061;5220726,04;26,06281761;;;30000;;;30080;;;1614000;;;;;;;;;;;;30080;;;1614000;;;;;;;;;3450;;;6289,316401;;;98451,37152;;;;;;;;;45,2;;;;45,2;;;;;7,079999982;;;;;;;;;;;;;;;;;;;;;;;;;;;;;;;;;;;;;;;;45,2;;45,2;;;7,079999982;;;;;;;;;;;;;;;;;;;;;;;;;;;;;;;;;;;;;;;;;;;;;;;;;;;;;;;;;;;;;;;;;;1560000;;1560000;;;84520,12384;;;6601;;;;;;;;;;;;;;;;;;94,9221;;;;;;;;;;;;;;;;;;;;;;;;;;;;;;;;;;;;;;;;;;;;97372,4;275487,5;;;;;;97372;275486;;;;;;;2020353,382;5220726,04;;;;;;;;;;;;;;;;;;;;;202000;122000;;;;202000;122000;;;;306284,7856;192086,544;;;;;;;;;;;;;;;;;;;;;19;;;;;;1900;;;;;;5045,52;;;;;;;;1,44;;;;;;;;1;;;;;;;;169,3287601;;;;;;;;;19;;;;;1900;;;;;5045,52;;;;;;;;;;;;;;;;;;;;1,44;;;;;1;;;;;;169,3287601;;;;;;;3684,0731;;;;;;;;;;;;3684,0731;;;;;;;;;;;;228347624,5;;;;;;;;;;1;;;;;2182,62;;500;;;;;1;;;;;2182630,89;;500000;;;15060,00207;;;;;161094745,3;;42699492,81;;;;;;3684,0731;;;;;;;;;;3684,0731;;;;;;;;;;228347624,5;;;;;;;;2182,62;;500;;;;;2182630,89;;500000;;;161094745,3;;42699492,81;;;;;;;;;;;;;;;;;;;;1;;;;;;;1;;;;;;;15060,00207;;;;;;;;;;;;;;;;;;;;;;;;;;;;;;;;;;;;;;;;;;;;;;;;;;;;;;;;;;;;;;;;;;;;;;;;;;;;;;;;;;94;;;;;94;;;;;5,075000007;;;;;;;1053;;;;;;;;;1053;;;;;;;;;;9176,495201;;;;;;;;
Oct 2024;45;;555,97;;;;5468000;624992;25000;;;306001;148097,5;;;;;;;;5468000;624992;25000;;;306216;148096;;40,0135;;16,9951;;;;6545242,43;845292,2246;32994,84218;;;5715307,122;2885144,23;;;;40000;;;;60;;1093000;;;5050;;;;;;;;;;60;;1093000;;;5050;;;;;;22124,0001;;;;281,9938854;;127047,5471;;;100;;;;;;;;;;;;;;;;;;;;;;;;;;;;;;;;;;;;;;;;;;;;;;;;;;;;;;;;;;;;;;;;;;;;;;;;;;;24992;;;;24992;;;;1749,166563;;;;;;;;;;;;;;;;;;;;;;;;;;;;;;;;;;;;;;;;;;;1020000;;1020000;;;55263,15789;45;;502,97;;;;;;;;;;;;;;;;40,0135;;11,9951;;;;;;;;;;;;;;;;;;;;;;;;;;;;;;;;;;;;;;;;;;;;122196;148097,5;;;;;;122411;148096;;;;;;;2574519,901;2885144,23;;;;;;;;;;;;;;;;;;;;;5000000;600000;;;;5000000;600000;;;;5689872,144;843543,058;;;;;;;;;;;;;;;;;;;;;;;;;;;;;;;;;;;;;;;;;;;;;;;;;;;;;;;;;;;;;;;;;;;;;;;;;;;;;;;;;;;;;;;;;;;;;;;;;;;;;;;;;;;;;;;;6,55;;3561,501;;64,4102;;1,69;;;;;;6,55;;3561,501;;64410,2;;1687,19;;;;;;536723,4003;;238065616,1;;4502832,802;;80618,28;;;;;;;;;;;2232;;;;;;;;;;;;2231364;;;;;;;;;;174311059,8;;;;;;6,55;;3561,501;;;;;;;;6,55;;3561,501;;;;;;;;536723,4003;;238065616,1;;;;;;;;2232;;;;;;;2231364;;;;;174311059,8;;;;64,4102;;1,69;;;;64410,2;;1687,19;;;;4502832,802;;80618,28;;;;;;;;;;;;;;;;;;;;;;;;;;;;;;;;;;;;;;;;;;;;;;;;;;;;;;;;;;;;;;;;;;;;;;;;;;;;;;;;;;;;;;;;;;;;;;;;;;;;;;;;;;;;;;;;;;;;;;;;;;;;;;;;;;;;;;;;;;;;;;;;
Nov 2024;;;230;;;18,3;90000;299408;25000;;;201758,5;70569;;;;;;;18,3;90000;299408;25000;;;201758;70568;;;;9,9998;;;37;127686,1082;305607,5612;32401,27326;;;4224874,506;1229657,895;;;;7000;;;120000;;;1194150;;;5050;;;5;;;;;;120000;;;1194150;;;5050;;;5;;;1289,9998;;;39188;;;69648,29304;;;100;;;13,06359649;;;;;;;;;;;;;;;;;120000;;;;120000;;;;;39188;;;;;;;;;;;;;;;;;;;;;;;;;;;;;;;;;;;;;;;120000;120000;;39188;;;;99408;;;;99408;;;;8932,778362;;;;;;;;;;;;;;;;;;;;;;;;;;;;;;;;;;;;;;;;;;;1173150;;1173150;;;53544,64436;;;;;;18,3;;;;;;;;;18,3;;;;;;;;;37;;;;;;;;;;;;;;;;;;;;;;;;;;;;;;;;;;;;;;;;;48334;70569;;;;;;48334;70568;;;;;;;938402,057;1229657,895;;;;;;;;;;;;;;;;;;;;;90000;200000;;;;90000;200000;;;;127686,1082;296674,7828;;;;;;;;;;;;;;;;;;;;;;;;;;;;;;;;;;;;;3;;;;;;;;3;;;;;;;;862,4527573;;;;;;;;;;;;;;;;;;;;;;;;;;;;;;;;;;;;;;;;3;;;;;3;;;;;;862,4527573;;;;;;;;80;;3474,0019;;30,2746;;;50;;;;;80;;3474,0019;;30274,6;;;50000;;;;;767,1433989;;226892709,8;;2024864,366;;;4256727;;;;;;;;;;1828;;;;;;;;;;;;1828390;;;;;;;;;;142453739,9;;;;;;80;;3474,0019;;;;;;;;80;;3474,0019;;;;;;;;767,1433989;;226892709,8;;;;;;;;1828;;;;;;;1828390;;;;;142453739,9;;;;30,2746;;;50;;;30274,6;;;50000;;;2024864,366;;;4256727;;;;;;;;;;;;;;;;;;;;;;;;;;;;;;;;;;22;;;;22;;;;;15,00067569;;;;;;;;;;;;;;;;;;;;;;;;;;;;;;;;;;;;;;;;;;5;;;;;5;;;;;;13,06359649;;;3,1;;;;;3,1;;;;;1,522500011;;;;;;;;;;;;;;;;;;;;;;;;;;;;;;;;;;
Dec 2024;114256;3932880;36089901;25000;;;349000;363400;;;;225842;171395,5;10;;;;25000;;;349000;363400;;;;225842;171395;10;968130,3297;12006456,65;74032394,55;32269,90416;;;463595,8822;485183,9864;;;;4162531,782;3009981,89;10,10522496;;;8000;;;264098;;;360000;;;;;;;;;;;;264098;;;360000;;;;;;;;;1065,0001;;;91186,08;;;11131,72542;;;;;;;;;;;;;;;;;;;;;;;210000;;;;210000;;;;;68579;;;;;;;;;;;;;;;;;;;;;;;;;;;;;;;;;;;;;;;210000;210000;;68579;18937941;;;23400;;;;23400;22075095,24;;;2338,923779;;;;;;;;;;;;;;;;;;;;;;;;;;;;;;;;;;;;;;;;;;;360000;;360000;;;11131,72542;96;3810980;17011657;;;;;;;;;;;;;;;;70,0195;10684621,65;50316983,01;;;;;;;;;;;;;;;;;;;;;;;;;;;;;;;;;;;;;;;;;;;;91340;171395,5;10;;;;;91340;171395;10;;;;;;1712416,922;3009981,89;10,10522496;;;;;;;;;;;;;;;;;;;;224000;340000;;;;224000;340000;;;;336780,024;482845,0626;;;;;;;;;;;;;;;;;;;;;;;;;;;;;;;;;;;;;;;;;;;;;;;;;;;;;;;;;;;;;;;;;;;;;;;;;;;;;;;;;;;;;;;;;;;;;;;;;;;;;;;;;;;;;;;641603;0,4947;40,0395;3724,5325;;29,1416;;;50;;;;;0,4947;40,0395;3724,5325;;2914160;;;50000;;;;189680456,3;40667,2;175,8;231413611,7;;2000982,808;;;4207523,5;;;;;;;;;;2445;;;;;;;;;;;;2442295;;;;;;;;;;192371193,4;;;;;641603;0,4947;40,0395;3724,5325;;;;;;;;0,4947;40,0395;3724,5325;;;;;;;189680456,3;40667,2;175,8;231413611,7;;;;;;;;2445;;;;;;;2442295;;;;;192371193,4;;;;29,1416;;;50;;;2914160;;;50000;;;2000982,808;;;4207523,5;;;;;;;;;;;;;;;;;;;;;;;;;;;;;;;;;;10;;;;10;;;;;30,39584811;;;;;;;;;;;;;;;;;;;;;;;;;;;;;;;;;;;;;;;;;;;;;;;;;;;;;;;;;;;;;;;;;;;;;;25;;;;;;;;;;;;;;;;;;;179,3548;;;;;;;;;;;
Jan 2025;143051;11088754;40919345;;1292540;170,65;115000;;;;;214404,5;231801,5;;;;;;1292540;170,65;115000;;;;;214405;232096;;886781,7523;28847681,89;77352370,93;;12187190,57;438,46;151386,469;;;;;4718440,697;2496080,146;;;;287003;;;121500;;;;;;;50;;;;;;;;121500;;;;;;;50;;;;;165399,2367;;;49339,45;;;;;;;1555,645624;;;;;;;;;;;;;;;;;;;90000;;;;90000;;;;;29397;;;;;;;;;;;;;;;;;;;;;;;;;;;;;;;;;;;;;;;90000;90000;;29397;25350865;;;;;;;;28581562,58;;;;;;;;;;;;;;;;;;;;;;;;;;;;;;;;;;;;;;;;;;;;;;;;;;;;73;10868954;15063527;;1240540;170,65;;;;;;;;1240540;170,65;;;;30,02265579;26382034,75;43643942,54;;12183028,57;438,46;;;;;;;;;;;;;;;;;;;;;;;;;;;;;;;;;;;;;;;;;95324;124032;;;;;;95324;124032;;;;;;;1639832,388;2117914,966;;;;;;50;;;;;;50;;;;;1555,645624;;;;90000;;;;;90000;;;;;127834,7693;;;;;;;;;;;;;;;;;;;;;;;;;;;;;;;;;;;;;;;;;;;;;;;;;;;;;;;;;;;;;;;;;;;;;;;;;;;;;;;;;;;;;;;;;;;;;;;;;;;;;;;;;;;;;;;;2233;;;3190,5799;;23,5702;;;;;;;;;;3190,5799;;23570;;;;;;;164224170,1;;;218981173,5;;1639407,195;;;;;;;;;;;;;1696,81;;575;;;;;;;;;;1662713,7;;575000;;;;;;;;142800833,9;;49295662,77;;;2233;;;3190,5799;;;;;;;;;;3190,5799;;;;;;;164224170,1;;;218981173,5;;;;;;;;1696,81;;575;;;;;1662713,7;;575000;;;142800833,9;;49295662,77;;23,5702;;;;;;23570;;;;;;1639407,195;;;;;;;;;;;;;;;;;;;;;;;;;;;;;;;;;;;;;2;;;;2;;;;;10,00168767;;;;;;;;;;;;;;;;;;;;;;;;;;2;416,3797093;;;;;;;;;;;;;;;;;;;;;;;;;;;;;;;;;;;;;;;;;;;;;;;;;;;;;;;;;;;;;;;;;;;;;;;;;
Feb 2025;199759;9118683;41800420;1,5;1362400;1,7;90000;125000;25000;;;259640,7;151183,5;;;;;1,5;1362400;1,7;90000;125000;25000;;;259640;151183;;1872911,1;24664097,32;67166495,42;2,030000008;14006891,33;1,014999982;128020,3761;140917,334;30316,39559;;;4848783,488;2365458,696;;;;;100;;184129,5;;;;;;2000;;;;;;;100;;184129,5;;;;;;2000;;;;;;;738,6448332;;69895,86;;;;;;39;;;;;;;;;;;;;;;;;;;;150000;;;;150000;;;;;47991;;;;;;;;;;;;;;;;;;;;;;;;;;;;;;;;;90000;;90000;;29397;;60000;60000;;18594;29043766;;;;;;;;31506806,86;;;;;;;;;;;;;;;;;;;;;;;;;;;;;;;;;;;;;;;;;;;;;;;;;;;;;9025083;12271453;0,5;1362400;1,7;;;;;;;0,5;1362400;1,7;;;;;23415012,2;30301476,73;1,014999989;14006891,33;1,014999982;;;;;;;2629;;;;;;;2629;;;;;;2040,2;;;;1;;;1;;;1,015000019;;;;;;;;;;;98908,2;125140,5;;;;;;98908;125140;;;;;;;1943954,659;2362821,554;;;;;;;;;;;;;;;;;;;;;90000;100000;;;;90000;100000;;;;128020,3761;138418,7997;;;;;;;;;;;;;;;;;;;;;19,5;;;;;;1950;;;;;;5044,96;;;;;;;;;;;;;;;;;;;;;;;;;;;;;;;;;19,5;;;;;1950;;;;;5044,96;;;;;;;;;;;;;;;;;;;;;;;;;;;;;;;;;;;1810;;18,45;3143,4866;;33,9446;;;;;;;;;18,45;3143,4866;;33945;;;;;;;141214678,7;;788059,434;226290214,4;;2559099,76;;;;;;;;;;;;;2551,49;;;;;;;;;;;;2551464,97;;;;;;;;;;210237342,6;;;;;1810;;18,45;3143,4866;;;;;;;;;18,45;3143,4866;;;;;;;141214678,7;;788059,434;226290214,4;;;;;;;;2551,49;;;;;;;2551464,97;;;;;210237342,6;;;;33,9446;;;;;;33945;;;;;;2559099,76;;;;;;;;;;;;;;;;;;;;;;;;;;;;;;;;;;;;;;;;;;;;;;;;;;;;;;0,5;;;;;0,5;;;;;;;651,8287945;;;;;;;;;;;;;;;;;;;;;;;;;;;;;;;;;;;;;;;;;;;;;;;;;;;;;;;;18;;;;;;;;;18;;;;;;;;;;88;;;;;
Mar 2025;28237,5;6836671;39305761;50000;2236440;;140369;53400;25056;;;211281;70721;;;;;50000;2236440;;140369;53400;25056;;;211281;70721;;155564,1756;21939634,71;57517978,58;28471,09203;28215039,37;;188692,3901;4100,775767;30815,26405;;;4171628,874;344410,8086;;;;12000;;;282964,6;;;76581;;;;165;;;;;;;;282964,6;;;76581;;;;165;;;;;1741,1592;;;116433,4157;;;19332,16021;;;;5052,218285;;;;;;;;;;;;;;;;;;;120000;;;;120000;;;;;39188;;;;;;;;;;;;;;;;;;;;;;;;;;;;;;;;;60000;;60000;;19594;;60000;60000;;19594;35076342;;;26700;;;;26700;38369031,08;;;2497,981829;;;;;;;;;;;;;;;;;;;;;;;;;;;;;;;;;;;;;;;;;;;;;;;;;24,5;6690971;3572213;;2236440;;;;;;;;;2236440;;;;;40,0055;20207474,88;11593067,53;;28215039,37;;;;;;;;;;;;;;;;;;;;;;;;;;;;;;;;;;;;;;;;;;69434;18486;;;;;;69434;18486;;;;;;;1386821,55;339186,854;;;;;;165;;;;;;165;;;;;5052,218285;;;;89999;;;;;89999;;;;;127912,2833;;;;39,6;;;;;39,6;;;;;600,6257306;;;;;;;;;;;;;;;;;;;;;;;;;;;;;;;;;;;;;;;;;;;;;;;;;;;;;;;;;;;;;;;;;;;;;;;;;;;;;;;;;;;;;;;;;;;;;;;;;;1527;1,5;14,526;3068,8198;;34,1256;;;;;;;;1,5;14,526;3068,8198;;34126;;;;;;;146169073,4;140737,26;1286610,722;229947934,7;;2702675,953;;;;;;0,61;;;;;;;3431,97;;818;;;0,61;;;;;;;2853233,37;;816990;9059,2496;;;;;;;232597501,5;;9367864,09;;;1527;1,5;14,526;3068,8198;;;;;;;;1,5;14,526;3068,8198;;;;;;;146169073,4;140737,26;1286610,722;229947934,7;;;;;;;;3431,97;;818;;;;;2853233,37;;816990;;;232597501,5;;9367864,09;;34,1256;;;;;;34126;;;;;;2702675,953;;;;;0,61;;;;;;;0,61;;;;;;;9059,2496;;;;;;;;;;;;;;;;;;;;;;;;;;;;;;;;;;;;;1;;;;;1000;;;;;;;86,09309518;;;;;;;;;;;;;;;;;;;;;;;;;;;;;;;;;;14,3;;;;;14,3;;;;;5,075;;;;;;;;;;;;;;;;;;;;;;;;;;;;;;;;;;
Apr 2025;152584;3537000;40231402,3;;1876710;3,69;22491,26;;;;;172837,2;207791,5;51111;;;;;1876710;3,69;22491,26;;;;;172837;207792;51111;840673,2927;12627838,14;57902139,43;;21334190,09;25,91999999;267,6239673;;;;;4354260,4;1470929,24;94147,45;;;29370;;;213597;;;122000;;;3577;;;;;;;;;213597;;;122000;;;3577;;;;;;4282,7193;;;84917,4336;;;152902,6692;;;15013;;;;;;;;;;;;;;;;;;;;;;3577;;;;3577;;;;;15013;;;;;;;;;;;;;;;3577;;;3577;;;15013;;;;;;;;;;;;;;;;;;;;34120779;;;;;;;;36077986,83;;;;;;;;;;;;;;;;;;;;;;;;;;;;;;;;;;;;;;;;;;;;;;;;;;;;1;3399000;5913445,3;;1830710;3,69;;;;;;;;1830710;3,69;;;;9,9999;10710445,3;19415107,93;;21315789,09;25,91999999;;;;;;;;;;;;;;;;;;;;;;;;;;;;;;;;;;;;;;;;;69345;77190,5;;;;;;69345;77191;;;;;;;1524404,36;1457909,26;;;;;;;;;;;;;;;;;;;46000;;;;;46000;;;;;18401;;;;;;;;;50000;;;;;50000;;;;;87928,13991;;;;;;;;;;;;;;;;;;;;;;;;;;;;;;;;;;;;;;;;;;;;;;;;;;;;;;;;;;;;;;;;;;;;;;;;;;;;;;;;;;;;;;;;;;;;;;;1969;1,6;85,005;2384,4219;;29,4856;;;;;;;;1,6;85,005;2384,4219;;29485,6;;;;;;;203228479,8;1;7967304,02;185327923,4;;2525806,115;;;;;;;;;;;;;3405,27;;;;;;;;;;;;3322854,42;;;;;;;;;;287884467,6;;;;;1969;1,6;85,005;2384,4219;;;;;;;;1,6;85,005;2384,4219;;;;;;;203228479,8;1;7967304,02;185327923,4;;;;;;;;3405,27;;;;;;;3322854,42;;;;;287884467,6;;;;29,4856;;;;;;29485,6;;;;;;2525806,115;;;;;;;;;;;;;;;;;;;;;;;;;;;;;;;;;;;;;10;;;;10;;;;;5,008928585;;;;;;;;;;;;;;;;;;;;;;;;;;;;;;;;;;;;;;;;;;;;;;;;;;;;;;20000;;;;;20000;;;;;13000;;;;;;;;;;;;;;;;;;;;;;;;;;;;;;;;;;;;
May 2025;160033;3345500;45880652;105;2259910;;70016,52;150336;30560,4;;;246117,5;181658;;;;;105;2259910;;70016,52;150336;30560,4;;;246117;181659;;1245868,097;11436743,41;60907707,97;187,1000965;27556087,28;;24722,11217;112523,9264;32424,37147;;;5672738,288;1485196,109;;;;10000;;;430219;60;;25000;;;8300;;;;;;;;;430219;60;;25000;;;8300;;;;;;1299,265262;;;31720,202;2341,544751;;14313,5258;;;160;;;;;;;;;;;;;;;;;;;;429285;;;;429285;;;;;31094,002;;;;;;;;;;;;;;;;;;;;;;;;;;;;;;;;;339285;;339285;;920,0020009;;90000;90000;;30174;39499120;;;;;;;;39040028,81;;;;;;;;;;;;;;;;;;;;;;;;;;;;;;;;;;;;;;;;;;;;;60;;60;;;2341,544751;;42;3222000;6240571;;2259910;;;;;;;;;2259910;;;;;140,2549223;9973253,179;20282627,24;;27556087,28;;;;;;;;934;;;;;;;934;;;;;;626,2;;;;;;;;;;;;;;;;;;;;;97071;77118;;;;;;97071;77119;;;;;;;1959652,028;1474366,136;;;;;;;;;;;;;;;;;;;;;;;2,2;;;;;2,2;;;;;4,999845285;;;;;;;;;;;;;;;;;91,873;;;;;;91,873;;;;;;94639,13017;;;;;;100;8;;;;;;;;8;;;;;;;213,9475269;308,2269015;;;;;;;;;;91,873;;;;;91,873;;;;;94639,13017;;;;;;;;;;;;;;;;;;;100;8;;;;;8;;;;;213,9475269;308,2269015;;;;;;;1735;;;1240,3605;;29,2626;;;;;;;;;;1240,3605;;29262,6;;;;;;;190182039,4;;;107678192,9;;2558676,213;;;;;;;;;1,9;;;;3003,76;;550;;;;;;1900;;;;2745238,51;;550000;;;;2878,651814;;;;250867907,7;;4819499,175;;;1735;;;1240,3605;;;;;;;;;;1240,3605;;;;;;;190182039,4;;;107678192,9;;;;;;;;3003,76;;550;;;;;2745238,51;;550000;;;250867907,7;;4819499,175;;29,2626;;;;;;29262,6;;;;;;2558676,213;;;;;;;1,9;;;;;;;1900;;;;;;;2878,651814;;;;;;;;;;;;;;;;;;;;;;;;;;;;;;;;;;;;;;;;;;;;;;;;;;;;;;;;;;;;;;;;;;;;;;;;;;;;;;;;;;40;;;;;40;;;;;24,73;;130;;;;;;;;;;;;;;;;;;;3975,3018;;;;;;;;;;;;
Jun 2025;270854;2483500;30798100,4;;1814700;;126079;;25670;;;185030,4;228925,5;;;;;;1814700;;126079;;25670;;;185029;228925;;2496138,846;9582160,98;44907416,99;;19082721,91;;107830,1241;;29664,98918;;;4012779,538;3491537,152;;;;11000;;17000006;84635;29,4;;84000;;;56060;;;;;;;;17000006;84635;29,4;;84000;;;56060;;;;;;2675,429899;;743461,0798;39736,61;206,0553241;;14791,36394;;;77766;;;;;;;;;;;;;;;;;;;;30000;30000;;;30000;30000;;;;13837;612,8921198;;;;;;;;;;;;;;;30000;;;30000;;;612,8921198;;;;;;;;;;;;;;;;;30000;30000;;13837;25034932;;;;;;;;24594622,43;;;;;;;;;;;;;;;;;;;;;;;;;;;26060;;;26060;;;;63066;;;;;;;;;;;;;;;;;;16;2310000;5545051,4;;1814700;;;;;;;;;1814700;;;;;220,7906245;7288203,46;17744645,81;;19082721,91;;;;;;;;291;;;;;;;291;;;;;;202;;;;;;;;;;;;;;;;;;;;;72420,4;176823,5;;;;;;72420;176823;;;;;;;1496359,479;3485978,715;;;;;;;;;;;;;;;;;;;;;;;512;;;;;512;;;;;393,0115594;;;;;;;;;;;;;;;;;;;;;;;;;;;;;;;;;;;;;;3;;;;;;;;3000;;;;;;;;530,728151;;;;;;;;;;;;;;;;;;;;;;;;;;;;;;;;;;;;;;;3;;;;;3000;;;;;;530,728151;;;;;;1991;1;;6144,1524;;;;;;;;;;1;;6144,1524;;;;;;;;;219426200,7;106400,8666;;430083990,5;;;;;;;;;;;;;;;3021,38;;;;;;;;;;;;3021104,05;;;;;;;;;;282551004,6;;;;;1991;1;;6144,1524;;;;;;;;1;;6144,1524;;;;;;;219426200,7;106400,8666;;430083990,5;;;;;;;;3021,38;;;;;;;3021104,05;;;;;282551004,6;;;;;;;;;;;;;;;;;;;;;;;;;;;;;;;;;;;;;;;;;;;;;;;;;;;;;;;;;;;;;;;;;;;;;;;;;;;;;;;;;;;;;;;;;;;;;;;;;;;;;;;;;;;;;;;;;;;;0,9;;;;;0,9;;;;;1,000999997;;;;;;;;;;;;;;;;;;;;;;;;;;;;;;;;;;;;
Jul 2025;;;47112159;21050;1354230;;100000;52000;25000;;;217408;155072;50170;;;88;21050;1354230;;100000;52000;25000;;;217408;155072;50170;1134324,148;12522129,52;38308657,77;470257,4106;15518630;;86250,66388;3228,064841;27500,55285;;;4763851,283;987895,4541;126087,5824;20322;;3406021;;;365029;;28000;105105;;;;;;;23;;2330;;;365029;;28000;105105;;;;;;;3647,709;;2674,8765;;;167009,25;;8845,223383;26049,62001;;;;;;;;50;;;;50;;;;;32,31512239;;;;;;120000;;;;120000;;;;;51370;;;;;;;;;;;;;;;30000;;;30000;;;9898;;;;50;;50;;;32,31512239;;;90000;;90000;;41472;;;;;;33815001;;;;0;;;;33276042,14;;;;;;;;;;;;;;;;;;;;;;;;;;;;;;;;;;;;;;;;;;;;;;;;;;;;;;13297158;;1354230;;;;;;;;;1354230;;;;;110,1186;10721984,25;721011,1189;;15518630;;;;;17562;;115285;;;;;17;;2290;;;;;3647,709;;;;;;;;;;;;;;;;;;;;;21000;;120920;50625;;;;21000;;120920;50625;;;;;470225,0955;;2536103,144;977360,2665;;2150;;12093;;;;;;40;;;;;;;;;;;;;;;;;;;;;;;;;;;28000;;;;;28000;;;;;8845,223383;;;;;;;;;;;;;;;;;;;;;;;;;232;;;;;;;;232000;;;;;;;;3245,48762;;;;;;;;;;;;;;;;;;;;;;;;;;;;;;;;;;;;;;;232;;;;;232000;;;;;;3245,48762;;;50;;;862,357;;2939,1441;;29,7452;;;;;;;;862,357;;2939,1441;;29745,2;;;;;;;292853709;93883482,93;;218536995,2;;2601209,022;;;;;13;;;;;;;;99516,78;1;;;;;;;;;;;5075444,71;40;;;;;;;;;440041035;7,157249616;;50;;;862,357;;2939,1441;;;;;;;;862,357;;2939,1441;;;;;;;292853709;93883482,93;;218536995,2;;;;;;;;99516,78;1;;;;;;5075444,71;40;;;;440041035;7,157249616;;;29,7452;;;;;;29745,2;;;;;;2601209,022;;;;;;;;;;;;;;;;;;;;;;;;;;;;;;;;;;;;;;;;;;;;;;;;;180;180000;3220,02476;;;;;;;;;;;;;;;;;;;;;;;;;;;;;;;;;;;;;;;;;;;;;;;;;;;522841,1;;;;;522841,1;;;;;206362,2336;;;414;;;;;;;;;;0;;;;;;;;;8952,1452;;;;;;;;;;;;
Aug 2025;185;;36560664,96;10500;2297720;;50000;;25000;;;156118;204346;75000;4;0;0;10500;2297720;;50000;;25000;;;156118;204804;75000;801586,5205;14022855,62;42329222,62;224747,1868;25018289,21;;61187,62481;;30374,79024;;;3581929,145;1414890,105;180762,6039;809976;;31740605;;;201000;50;;49942706;;24000;133238;;;2;2065,82;114518,417;6958,956;;;201000;50;;49942706;;24000;133238;;;2;;;2026,4129;;;75485,6285;240,6965336;;6073081,569;;66660;68275;;;455,2936219;;;;;;;;;;;;;;;;;150000;49942706;;;150000;49942706;;;;69029;6073081,569;;;;;;;;;;;;;;;49942706;;;49942706;;;6073081,569;;;;;;;;;;;120000;;120000;;55231;;30000;30000;;13798;36560664,96;;;;0;;;;38193849,03;;;;;24000;;;24000;;;;66660;;;;;;;;;;;;;;;;;;;;;;;;;;;;;;;;;;;;;;;;;;;;2297720;;;;;4;0;;;2297720;;;;;219,5906;10876383,79;774957,9527;;25018289,21;;;;;795846;;78345;;;;;2059;;505;;;;;;;;;;;;;;;;;;;;;;;;;;10500;;73564;73885;;;;10500;;73564;74343;;;;;224747,1868;;1562295,513;1401710,05;;;;;;;;;;;;;;;;;;;;;;;;;;;;;;;;;;;;;;;;;;;;;;;;;;;2000;;;;;;2000;;;;;;1795,710405;;;;;;;;;;;;;;;;;;;;;;;;;;;;2000;2000;1795,710405;;;;;;;;;;;;;;;;;;;;;;;;;;;;;;;;;;;;;;;;;;;;;;;;;;;398,266;;3064,4465;;57,8486;;;41;;;;;398,266;;3064,4465;;57848,6;;;41;;;;214837946,6;43885386,75;;266251800,5;;5014314,879;;;1265,25;;54506;;;;;;;5;3615,42;;115;14;;;;;;;;2;3915414,64;;115000;;;;;;;60;355503002,9;;12222413,48;;;;398,266;;3064,4465;;;;41;;;;398,266;;3064,4465;;;;41;;;214837946,6;43885386,75;;266251800,5;;;;1265,25;76;;;3615,42;;115;0;;;;3915414,64;;115000;;;355503002,9;;12222413,48;;57,8486;;;;;;57848,6;;;;;;5014314,879;;;;;;;;;5;;;;;;;2;;;;;;;60;;;;;;;;;;;;;;;;;;;;;;;;;;;;;;;;;;;;;;;;;;;;;;;;;;;;;;;;;;;;;;;;;;;;;;;;;;;;;;;;;;;;;;;;;;;;;;;;;;;;;;;;;;;;;;;;;;;;;;;;;;;
Sep 2025;38833;;36248957,41;;2742980;;;105850;25712,5;;;170592;398606,71;50000;;40,494;0;;2742980;;;105850;25712,5;;;170592;398607;50000;315480,4139;15708262,38;41504193,53;;25480618,71;;;31827,921;31577,37194;;;4272390,4;4329992,644;120453,6282;5957;18647;235372;;;160700;;;1000;;;;;;;399482,01;427704;130918129,1;;;160700;;;1000;;;;;;;;;16202,0225;;;29395,37;;;753,9908697;;;;;;;;;;;;;;;;;;;;;;;;;;;;;;;;;;;;;;;;;;;;;;;;;;;;;;;;;;;;;;;;;;;;;;;;;;;36248957,41;;;;0;;;;38094278,39;;;;;;;;;;;;;;;;;712,5;;;712,5;;;77,37372331;;;;;;;;;;;;;;;;;;;;;;;;;;;;;38833;;;;2742980;;;52000;;;;;;2742980;;;52000;;523,932;12770720,94;115307,3087;;25480618,71;;;28599,89113;;5821;;9716;;;;;399402,01;24;0;;;;;;;;;;;;;;;;;;;;;;;;;;;;73700;294265,71;;;;;;73700;294266;;;;;;;1613472,587;4320610,364;;;;700;;;;0;;147;;;;;;;;;;;;;;;;;;;;;;;;;;;;;;;;;;;;;;;;;;;;;;;;;;;;;;;;;;;;;;;;;;;;;;;;;;;;;;;;;;;;;;;;;;;;;;;;;;;;;;;;;;;;;;;;;;;;;;;;;;;;;;;;;;;;;;3,8;3,423;2660,5228;;29,3333;5;;;;;;;3,8;3,423;2660,5228;;29333,3;5000;;;;;;268076077,6;20;430;257615709,5;;2798680,842;477239,99;;;;41117;;4;;;;;;2723,45;;46;216;28;;4;;;;;;2723441,71;;46001;;361,51;;;;;;273851613,6;;5081066,54;;;;3,8;3,423;2660,5228;;;;;;;;3,8;3,423;2660,5228;;;;;;;268076077,6;20;430;257615709,5;;;;;40519;4;;2723,45;;46;;28;4;;2723441,71;;46001;361,51;;273851613,6;;5081066,54;;29,3333;5;;;;;29333,3;5000;;;;;2798680,842;477239,99;;;;;;;;;;;;;;;;;;;;;;;;;;;;;;;;;;;;;;;;;;;;;;;;;;;;;;;;;;;;;;;;;;;;;;1598,4864;;;;;;;;;;;;;;;;;;;;;;;;;;;;;;;;;;;;;;;;;;;;;;;;;;;;;;;;;;;;;;;;;;;;;;;;;;;
Oct 2025;;51709;50367710;;1969340;;;;;;;;;;116;;0;;1969340;;;;;;;;;;664,3346;17268145,9;61457163,72;;23082507,78;;;;;;;;;;17289;13035;112650;;;164231,14;;;;;;;;;;177000;1230;1233,318;;;164231,14;;;;;;;;;;;;4324,1618;;;72373,79167;;;;;;;;;;;;;;;;;;;;;;;;;;;;;;;;;;;;;;;;;;;;;;;;;;;;;;;;;;;;;;;;;;;;;;;;;;;;;;50367710;;;;0;;;;56682866,95;;;;;;;;;;;;;;;;;;;;;;;;;;;;;;;;;;;;;;;;;;;;;;;;;;;;;51709;;;1969340;;;;;;;;;1969340;;;;;664,3346;14113551,12;110,7224;;23082507,78;;;;;13772;11036;11779;28050;;;;100;;965,318;28050;;;;;;5595,4;;;;;;;;;;;;;;;;;;;;;;;;;;;;;;;;;;;;;;;;;;;;;;;;;;;;;;;;;;;;;;;;;;;;;;;;;;;;;;;;;;;;;;;;;;;;;;;;;;;;;;;;;;;;;;;;;;;;;;;;;;;;;;;;;;;;;;;;;;;;;;;;;;;;;;;;;;;;;;;;;;;;;;;;;;;;;;;;;;;;;;;4989,3737;;;;;;;;;;;;4989,3737;;;;;;;;;300188821,4;;;204334786;;;;;;;540650;;;;;;;;;;;;;;;;;;;;;;;;;;;;;;;;;;;;;;4989,3737;;;;;;;;;;4989,3737;;;;;;;300188821,4;;;204334786;;;;;540650;;;;;;;;;;;;;;;;;;;;;;;;;;;;;;;;;;;;;;;;;;;;;;;;;;;;;;;;;;;;;;;;;;;;;;;;;;;;;;;;;;;;;;;;;;;;;;;;;;;;;;;;;;;;;;;;;;;;505,14;;;;;505,14;;;;;;2534,36167;;;;;;0,5;;;;;0,5;;;;;1;;;;;;;;;;;;;;;;;;;;;;;;;;;;;;;;;;
