Period;Value;HS_Commodity;Trade_Flow;Indicator;Reporter_Country;Partner_Country
Mar 2020;0;26 - Ores, slag and ash.;Total Imports;Net Weight(Kg);United Republic of Tanzania;European Union All Countries
Mar 2020;0;2601 - Iron ores and concentrates, including roasted iron pyrites.;Total Imports;Net Weight(Kg);United Republic of Tanzania;European Union All Countries
Mar 2020;0;26011200 - Iron ores and concentrates, including roasted iron pyrites. - Iron ores and concentrates, other than roasted iron pyrites: -- Agglomerated;Total Imports;Net Weight(Kg);United Republic of Tanzania;European Union All Countries
Sep 2021;0;2603 - Copper ores and concentrates.;Total Imports;Net Weight(Kg);United Republic of Tanzania;SADC
Nov 2020;0;2616 - Precious metal ores and concentrates.;Total Imports;Net Weight(Kg);United Republic of Tanzania;SADC
Jul 2025;0;2504 - Natural graphite.;Total Imports;Quantity;DR Congo;European Union All Countries
Aug 2025;0;26 - Ores, slag and ash.;Total Exports;Quantity;DR Congo;ASEAN
Aug 2025;0;26 - Ores, slag and ash.;Total Exports;Quantity;DR Congo;SADC
Sep 2025;0;26 - Ores, slag and ash.;Total Exports;Quantity;DR Congo;SADC
Oct 2025;0;26 - Ores, slag and ash.;Total Exports;Quantity;DR Congo;SADC
Mar 2020;0;26 - Ores, slag and ash.;Total Imports;Quantity;United Republic of Tanzania;European Union All Countries
Mar 2020;0;2601 - Iron ores and concentrates, including roasted iron pyrites.;Total Imports;Quantity;United Republic of Tanzania;European Union All Countries
Mar 2020;0;26011200 - Iron ores and concentrates, including roasted iron pyrites. - Iron ores and concentrates, other than roasted iron pyrites: -- Agglomerated;Total Imports;Quantity;United Republic of Tanzania;European Union All Countries
Aug 2025;0;2603 - Copper ores and concentrates.;Total Exports;Quantity;DR Congo;ASEAN
Sep 2025;0;2603 - Copper ores and concentrates.;Total Imports;Quantity;DR Congo;SADC
Sep 2021;0;2603 - Copper ores and concentrates.;Total Imports;Quantity;United Republic of Tanzania;SADC
Jan 2022;0;2604 - Nickel ores and concentrates.;Total Exports;Quantity;United Republic of Tanzania;SADC
Jul 2025;0;2608 - Zinc ores and concentrates.;Total Exports;Quantity;DR Congo;SADC
Aug 2025;0;2608 - Zinc ores and concentrates.;Total Exports;Quantity;DR Congo;SADC
Sep 2025;0;2608 - Zinc ores and concentrates.;Total Exports;Quantity;DR Congo;SADC
Oct 2025;0;2608 - Zinc ores and concentrates.;Total Exports;Quantity;DR Congo;SADC
Sep 2025;0;2609 - Tin ores and concentrates.;Total Imports;Quantity;DR Congo;European Union All Countries
Nov 2020;0;2616 - Precious metal ores and concentrates.;Total Imports;Quantity;United Republic of Tanzania;SADC
Aug 2025;0;71081200 - Gold (including gold plated with platinum) unwrought or in semi-manufactured forms, or in powder form.- Non-monetary:-- Other unwrought forms;Total Imports;Quantity;DR Congo;European Union All Countries
Jun 2020;1;26 - Ores, slag and ash.;Total Imports;Net Weight(Kg);Kenya;European Union All Countries
Apr 2023;1;7111 - Base metals, silver or gold,clad with platinum, not further worked than semi-manufactured.;Total Imports;Net Weight(Kg);Kenya;ASEAN
Jun 2020;1;26 - Ores, slag and ash.;Total Imports;Quantity;Kenya;European Union All Countries
Jan 2022;2;2604 - Nickel ores and concentrates.;Total Exports;Net Weight(Kg);United Republic of Tanzania;SADC
Feb 2020;2;7110 - Platinum, unwrought or in semi-manufactured forms, or in powder form.;Total Imports;Net Weight(Kg);Kenya;European Union All Countries
Oct 2022;3;26 - Ores, slag and ash.;Total Exports;Net Weight(Kg);United Republic of Tanzania;SADC
Oct 2022;3;2603 - Copper ores and concentrates.;Total Exports;Net Weight(Kg);United Republic of Tanzania;SADC
Mar 2023;3;7106 - Silver (including silver plated with gold or platinum), unwrought or in semi-manufactured forms, or in powder form.;Total Imports;Net Weight(Kg);United Republic of Tanzania;SADC
Mar 2022;3;7106 - Silver (including silver plated with gold or platinum), unwrought or in semi-manufactured forms, or in powder form.;Total Imports;Net Weight(Kg);Kenya;European Union All Countries
Mar 2023;3;71069100 - Silver (including silver plated with gold or platinum), unwrought or in semi-manufactured forms, or in powder form.- Other:-- Unwrought;Total Imports;Net Weight(Kg);United Republic of Tanzania;SADC
Mar 2022;3;71069100 - Silver (including silver plated with gold or platinum), unwrought or in semi-manufactured forms, or in powder form.- Other:-- Unwrought;Total Imports;Net Weight(Kg);Kenya;European Union All Countries
Nov 2023;3;7108 - Gold (including gold plated with platinum) unwrought or in semi-manufactured forms, or in powder form.;Total Exports;Net Weight(Kg);United Republic of Tanzania;European Union All Countries
Nov 2023;3;71081200 - Gold (including gold plated with platinum) unwrought or in semi-manufactured forms, or in powder form.- Non-monetary:-- Other unwrought forms;Total Exports;Net Weight(Kg);United Republic of Tanzania;European Union All Countries
Sep 2023;3;7110 - Platinum, unwrought or in semi-manufactured forms, or in powder form.;Total Imports;Net Weight(Kg);United Republic of Tanzania;European Union All Countries
Oct 2022;3;26 - Ores, slag and ash.;Total Exports;Quantity;United Republic of Tanzania;SADC
Oct 2022;3;2603 - Copper ores and concentrates.;Total Exports;Quantity;United Republic of Tanzania;SADC
Mar 2023;3;7106 - Silver (including silver plated with gold or platinum), unwrought or in semi-manufactured forms, or in powder form.;Total Imports;Quantity;United Republic of Tanzania;SADC
Mar 2023;3;71069100 - Silver (including silver plated with gold or platinum), unwrought or in semi-manufactured forms, or in powder form.- Other:-- Unwrought;Total Imports;Quantity;United Republic of Tanzania;SADC
Nov 2023;3;7108 - Gold (including gold plated with platinum) unwrought or in semi-manufactured forms, or in powder form.;Total Exports;Quantity;United Republic of Tanzania;European Union All Countries
Nov 2023;3;71081200 - Gold (including gold plated with platinum) unwrought or in semi-manufactured forms, or in powder form.- Non-monetary:-- Other unwrought forms;Total Exports;Quantity;United Republic of Tanzania;European Union All Countries
Sep 2023;3;7110 - Platinum, unwrought or in semi-manufactured forms, or in powder form.;Total Imports;Quantity;United Republic of Tanzania;European Union All Countries
Oct 2025;5;2504 - Natural graphite.;Total Exports;Net Weight(Kg);United Republic of Tanzania;SADC
Jul 2023;5;26 - Ores, slag and ash.;Total Exports;Net Weight(Kg);United Republic of Tanzania;SADC
Feb 2025;5;2603 - Copper ores and concentrates.;Total Exports;Net Weight(Kg);United Republic of Tanzania;European Union All Countries
Jul 2023;5;2603 - Copper ores and concentrates.;Total Exports;Net Weight(Kg);United Republic of Tanzania;SADC
Sep 2023;5;2603 - Copper ores and concentrates.;Total Exports;Net Weight(Kg);United Republic of Tanzania;SADC
Dec 2022;5;7108 - Gold (including gold plated with platinum) unwrought or in semi-manufactured forms, or in powder form.;Total Imports;Net Weight(Kg);Rwanda;European Union All Countries
Dec 2022;5;71081300 - Gold (including gold plated with platinum) unwrought or in semi-manufactured forms, or in powder form.- Non-monetary:-- Other semi-manufactured forms;Total Imports;Net Weight(Kg);Rwanda;European Union All Countries
Feb 2025;5;7110 - Platinum, unwrought or in semi-manufactured forms, or in powder form.;Total Imports;Net Weight(Kg);United Republic of Tanzania;European Union All Countries
Oct 2025;5;2504 - Natural graphite.;Total Exports;Quantity;United Republic of Tanzania;SADC
Jul 2023;5;26 - Ores, slag and ash.;Total Exports;Quantity;United Republic of Tanzania;SADC
Feb 2025;5;2603 - Copper ores and concentrates.;Total Exports;Quantity;United Republic of Tanzania;European Union All Countries
Jul 2023;5;2603 - Copper ores and concentrates.;Total Exports;Quantity;United Republic of Tanzania;SADC
Sep 2023;5;2603 - Copper ores and concentrates.;Total Exports;Quantity;United Republic of Tanzania;SADC
Feb 2025;5;7110 - Platinum, unwrought or in semi-manufactured forms, or in powder form.;Total Imports;Quantity;United Republic of Tanzania;European Union All Countries
Jan 2024;6;26 - Ores, slag and ash.;Total Exports;Net Weight(Kg);United Republic of Tanzania;European Union All Countries
Jan 2022;6;7108 - Gold (including gold plated with platinum) unwrought or in semi-manufactured forms, or in powder form.;Total Exports;Net Weight(Kg);United Republic of Tanzania;European Union All Countries
Jan 2022;6;71081200 - Gold (including gold plated with platinum) unwrought or in semi-manufactured forms, or in powder form.- Non-monetary:-- Other unwrought forms;Total Exports;Net Weight(Kg);United Republic of Tanzania;European Union All Countries
Jan 2024;6;26 - Ores, slag and ash.;Total Exports;Quantity;United Republic of Tanzania;European Union All Countries
Jun 2025;9;2504 - Natural graphite.;Total Exports;Net Weight(Kg);United Republic of Tanzania;European Union All Countries
Apr 2022;9;7108 - Gold (including gold plated with platinum) unwrought or in semi-manufactured forms, or in powder form.;Total Exports;Net Weight(Kg);United Republic of Tanzania;European Union All Countries
Apr 2022;9;71081200 - Gold (including gold plated with platinum) unwrought or in semi-manufactured forms, or in powder form.- Non-monetary:-- Other unwrought forms;Total Exports;Net Weight(Kg);United Republic of Tanzania;European Union All Countries
Jun 2025;9;2504 - Natural graphite.;Total Exports;Quantity;United Republic of Tanzania;European Union All Countries
Apr 2022;9;7108 - Gold (including gold plated with platinum) unwrought or in semi-manufactured forms, or in powder form.;Total Exports;Quantity;United Republic of Tanzania;European Union All Countries
Apr 2022;9;71081200 - Gold (including gold plated with platinum) unwrought or in semi-manufactured forms, or in powder form.- Non-monetary:-- Other unwrought forms;Total Exports;Quantity;United Republic of Tanzania;European Union All Countries
Sep 2021;10;2603 - Copper ores and concentrates.;Total Imports;CIF Value (US$);United Republic of Tanzania;SADC
Oct 2025;10;2504 - Natural graphite.;Total Exports;FOB Value (US$);United Republic of Tanzania;SADC
May 2021;10;2603 - Copper ores and concentrates.;Total Exports;FOB Value (US$);DR Congo;European Union All Countries
Jan 2022;10;2603 - Copper ores and concentrates.;Total Exports;FOB Value (US$);United Republic of Tanzania;SADC
Apr 2025;10;7108 - Gold (including gold plated with platinum) unwrought or in semi-manufactured forms, or in powder form.;Total Exports;FOB Value (US$);United Republic of Tanzania;European Union All Countries
Apr 2025;10;71081200 - Gold (including gold plated with platinum) unwrought or in semi-manufactured forms, or in powder form.- Non-monetary:-- Other unwrought forms;Total Exports;FOB Value (US$);United Republic of Tanzania;European Union All Countries
Nov 2020;10;26 - Ores, slag and ash.;Total Imports;Net Weight(Kg);Rwanda;European Union All Countries
Aug 2024;10;26 - Ores, slag and ash.;Total Imports;Net Weight(Kg);Rwanda;European Union All Countries
Apr 2025;10;2603 - Copper ores and concentrates.;Total Exports;Net Weight(Kg);DR Congo;European Union All Countries
Aug 2024;10;2603 - Copper ores and concentrates.;Total Imports;Net Weight(Kg);Rwanda;European Union All Countries
Feb 2025;10;2604 - Nickel ores and concentrates.;Total Exports;Net Weight(Kg);United Republic of Tanzania;European Union All Countries
Aug 2022;10;2604 - Nickel ores and concentrates.;Total Imports;Net Weight(Kg);Rwanda;European Union All Countries
Jul 2020;10;2607 - Lead ores and concentrates.;Total Exports;Net Weight(Kg);United Republic of Tanzania;European Union All Countries
May 2024;10;2607 - Lead ores and concentrates.;Total Imports;Net Weight(Kg);DR Congo;SADC
May 2024;10;2608 - Zinc ores and concentrates.;Total Imports;Net Weight(Kg);DR Congo;SADC
Jun 2022;10;7106 - Silver (including silver plated with gold or platinum), unwrought or in semi-manufactured forms, or in powder form.;Total Imports;Net Weight(Kg);DR Congo;SADC
Sep 2021;10;7106 - Silver (including silver plated with gold or platinum), unwrought or in semi-manufactured forms, or in powder form.;Total Imports;Net Weight(Kg);Kenya;European Union All Countries
Jun 2024;10;7106 - Silver (including silver plated with gold or platinum), unwrought or in semi-manufactured forms, or in powder form.;Total Imports;Net Weight(Kg);Kenya;European Union All Countries
Jun 2022;10;71069200 - Silver (including silver plated with gold or platinum), unwrought or in semi-manufactured forms, or in powder form.- Other:-- Semi-manufactured;Total Imports;Net Weight(Kg);DR Congo;SADC
Sep 2021;10;71069200 - Silver (including silver plated with gold or platinum), unwrought or in semi-manufactured forms, or in powder form.- Other:-- Semi-manufactured;Total Imports;Net Weight(Kg);Kenya;European Union All Countries
Jun 2024;10;71069200 - Silver (including silver plated with gold or platinum), unwrought or in semi-manufactured forms, or in powder form.- Other:-- Semi-manufactured;Total Imports;Net Weight(Kg);Kenya;European Union All Countries
Jun 2025;10;7108 - Gold (including gold plated with platinum) unwrought or in semi-manufactured forms, or in powder form.;Total Exports;Net Weight(Kg);United Republic of Tanzania;European Union All Countries
Dec 2020;10;7108 - Gold (including gold plated with platinum) unwrought or in semi-manufactured forms, or in powder form.;Total Exports;Net Weight(Kg);Kenya;European Union All Countries
Sep 2022;10;7108 - Gold (including gold plated with platinum) unwrought or in semi-manufactured forms, or in powder form.;Total Exports;Net Weight(Kg);Kenya;European Union All Countries
Dec 2022;10;7108 - Gold (including gold plated with platinum) unwrought or in semi-manufactured forms, or in powder form.;Total Exports;Net Weight(Kg);Kenya;European Union All Countries
Sep 2024;10;7108 - Gold (including gold plated with platinum) unwrought or in semi-manufactured forms, or in powder form.;Total Imports;Net Weight(Kg);United Republic of Tanzania;SADC
Jun 2021;10;7108 - Gold (including gold plated with platinum) unwrought or in semi-manufactured forms, or in powder form.;Total Imports;Net Weight(Kg);Kenya;European Union All Countries
Mar 2022;10;7108 - Gold (including gold plated with platinum) unwrought or in semi-manufactured forms, or in powder form.;Total Imports;Net Weight(Kg);Kenya;ASEAN
Sep 2020;10;7108 - Gold (including gold plated with platinum) unwrought or in semi-manufactured forms, or in powder form.;Total Imports;Net Weight(Kg);Kenya;SADC
Jul 2025;10;7108 - Gold (including gold plated with platinum) unwrought or in semi-manufactured forms, or in powder form.;Total Imports;Net Weight(Kg);Rwanda;European Union All Countries
Jun 2025;10;71081200 - Gold (including gold plated with platinum) unwrought or in semi-manufactured forms, or in powder form.- Non-monetary:-- Other unwrought forms;Total Exports;Net Weight(Kg);United Republic of Tanzania;European Union All Countries
Dec 2020;10;71081200 - Gold (including gold plated with platinum) unwrought or in semi-manufactured forms, or in powder form.- Non-monetary:-- Other unwrought forms;Total Exports;Net Weight(Kg);Kenya;European Union All Countries
Sep 2022;10;71081200 - Gold (including gold plated with platinum) unwrought or in semi-manufactured forms, or in powder form.- Non-monetary:-- Other unwrought forms;Total Exports;Net Weight(Kg);Kenya;European Union All Countries
Dec 2022;10;71081200 - Gold (including gold plated with platinum) unwrought or in semi-manufactured forms, or in powder form.- Non-monetary:-- Other unwrought forms;Total Exports;Net Weight(Kg);Kenya;European Union All Countries
Sep 2020;10;71081200 - Gold (including gold plated with platinum) unwrought or in semi-manufactured forms, or in powder form.- Non-monetary:-- Other unwrought forms;Total Imports;Net Weight(Kg);Kenya;SADC
Jul 2025;10;71081200 - Gold (including gold plated with platinum) unwrought or in semi-manufactured forms, or in powder form.- Non-monetary:-- Other unwrought forms;Total Imports;Net Weight(Kg);Rwanda;European Union All Countries
Sep 2024;10;71081300 - Gold (including gold plated with platinum) unwrought or in semi-manufactured forms, or in powder form.- Non-monetary:-- Other semi-manufactured forms;Total Imports;Net Weight(Kg);United Republic of Tanzania;SADC
Jun 2021;10;71081300 - Gold (including gold plated with platinum) unwrought or in semi-manufactured forms, or in powder form.- Non-monetary:-- Other semi-manufactured forms;Total Imports;Net Weight(Kg);Kenya;European Union All Countries
Mar 2022;10;71081300 - Gold (including gold plated with platinum) unwrought or in semi-manufactured forms, or in powder form.- Non-monetary:-- Other semi-manufactured forms;Total Imports;Net Weight(Kg);Kenya;ASEAN
Nov 2022;10;7110 - Platinum, unwrought or in semi-manufactured forms, or in powder form.;Total Imports;Net Weight(Kg);DR Congo;European Union All Countries
Jun 2021;10;7110 - Platinum, unwrought or in semi-manufactured forms, or in powder form.;Total Imports;Net Weight(Kg);Kenya;European Union All Countries
Aug 2021;10;7110 - Platinum, unwrought or in semi-manufactured forms, or in powder form.;Total Imports;Net Weight(Kg);Kenya;European Union All Countries
Mar 2025;10;7110 - Platinum, unwrought or in semi-manufactured forms, or in powder form.;Total Imports;Net Weight(Kg);Kenya;European Union All Countries
Dec 2021;10;7111 - Base metals, silver or gold,clad with platinum, not further worked than semi-manufactured.;Total Imports;Net Weight(Kg);United Republic of Tanzania;European Union All Countries
Dec 2021;10;26 - Ores, slag and ash.;Total Exports;Quantity;DR Congo;European Union All Countries
Jul 2022;10;26 - Ores, slag and ash.;Total Exports;Quantity;DR Congo;European Union All Countries
Nov 2022;10;26 - Ores, slag and ash.;Total Exports;Quantity;DR Congo;European Union All Countries
Sep 2020;10;26 - Ores, slag and ash.;Total Exports;Quantity;DR Congo;SADC
Jan 2023;10;26 - Ores, slag and ash.;Total Exports;Quantity;DR Congo;SADC
Jun 2023;10;26 - Ores, slag and ash.;Total Exports;Quantity;DR Congo;SADC
Nov 2020;10;26 - Ores, slag and ash.;Total Imports;Quantity;Rwanda;European Union All Countries
Aug 2024;10;26 - Ores, slag and ash.;Total Imports;Quantity;Rwanda;European Union All Countries
Aug 2021;10;2603 - Copper ores and concentrates.;Total Exports;Quantity;DR Congo;SADC
Sep 2021;10;2603 - Copper ores and concentrates.;Total Exports;Quantity;DR Congo;SADC
Jun 2023;10;2603 - Copper ores and concentrates.;Total Exports;Quantity;DR Congo;SADC
Aug 2024;10;2603 - Copper ores and concentrates.;Total Imports;Quantity;Rwanda;European Union All Countries
Feb 2025;10;2604 - Nickel ores and concentrates.;Total Exports;Quantity;United Republic of Tanzania;European Union All Countries
Aug 2022;10;2604 - Nickel ores and concentrates.;Total Imports;Quantity;Rwanda;European Union All Countries
Jul 2020;10;2607 - Lead ores and concentrates.;Total Exports;Quantity;United Republic of Tanzania;European Union All Countries
Jul 2020;10;2609 - Tin ores and concentrates.;Total Exports;Quantity;DR Congo;SADC
Apr 2021;10;2609 - Tin ores and concentrates.;Total Exports;Quantity;DR Congo;SADC
Jan 2023;10;2609 - Tin ores and concentrates.;Total Exports;Quantity;DR Congo;SADC
Apr 2023;10;2609 - Tin ores and concentrates.;Total Exports;Quantity;DR Congo;SADC
Apr 2020;10;7106 - Silver (including silver plated with gold or platinum), unwrought or in semi-manufactured forms, or in powder form.;Total Imports;Quantity;DR Congo;SADC
Sep 2024;10;7106 - Silver (including silver plated with gold or platinum), unwrought or in semi-manufactured forms, or in powder form.;Total Imports;Quantity;Uganda;European Union All Countries
Apr 2020;10;71069100 - Silver (including silver plated with gold or platinum), unwrought or in semi-manufactured forms, or in powder form.- Other:-- Unwrought;Total Imports;Quantity;DR Congo;SADC
Sep 2024;10;71069200 - Silver (including silver plated with gold or platinum), unwrought or in semi-manufactured forms, or in powder form.- Other:-- Semi-manufactured;Total Imports;Quantity;Uganda;European Union All Countries
Jan 2022;10;7108 - Gold (including gold plated with platinum) unwrought or in semi-manufactured forms, or in powder form.;Total Exports;Quantity;United Republic of Tanzania;European Union All Countries
Jun 2025;10;7108 - Gold (including gold plated with platinum) unwrought or in semi-manufactured forms, or in powder form.;Total Exports;Quantity;United Republic of Tanzania;European Union All Countries
Sep 2024;10;7108 - Gold (including gold plated with platinum) unwrought or in semi-manufactured forms, or in powder form.;Total Imports;Quantity;United Republic of Tanzania;SADC
Dec 2022;10;7108 - Gold (including gold plated with platinum) unwrought or in semi-manufactured forms, or in powder form.;Total Imports;Quantity;Rwanda;European Union All Countries
Jan 2022;10;71081200 - Gold (including gold plated with platinum) unwrought or in semi-manufactured forms, or in powder form.- Non-monetary:-- Other unwrought forms;Total Exports;Quantity;United Republic of Tanzania;European Union All Countries
Jun 2025;10;71081200 - Gold (including gold plated with platinum) unwrought or in semi-manufactured forms, or in powder form.- Non-monetary:-- Other unwrought forms;Total Exports;Quantity;United Republic of Tanzania;European Union All Countries
Sep 2024;10;71081300 - Gold (including gold plated with platinum) unwrought or in semi-manufactured forms, or in powder form.- Non-monetary:-- Other semi-manufactured forms;Total Imports;Quantity;United Republic of Tanzania;SADC
Dec 2022;10;71081300 - Gold (including gold plated with platinum) unwrought or in semi-manufactured forms, or in powder form.- Non-monetary:-- Other semi-manufactured forms;Total Imports;Quantity;Rwanda;European Union All Countries
Oct 2021;10;7110 - Platinum, unwrought or in semi-manufactured forms, or in powder form.;Total Imports;Quantity;Kenya;European Union All Countries
Dec 2021;10;7111 - Base metals, silver or gold,clad with platinum, not further worked than semi-manufactured.;Total Imports;Quantity;United Republic of Tanzania;European Union All Countries
Dec 2020;11;2504 - Natural graphite.;Total Imports;Net Weight(Kg);Kenya;European Union All Countries
Dec 2020;11;2504 - Natural graphite.;Total Imports;Quantity;Kenya;European Union All Countries
Jul 2023;12;2504 - Natural graphite.;Total Exports;Net Weight(Kg);United Republic of Tanzania;SADC
Aug 2024;12;26 - Ores, slag and ash.;Total Exports;Net Weight(Kg);United Republic of Tanzania;SADC
Aug 2024;12;2603 - Copper ores and concentrates.;Total Exports;Net Weight(Kg);United Republic of Tanzania;SADC
Oct 2021;12;7108 - Gold (including gold plated with platinum) unwrought or in semi-manufactured forms, or in powder form.;Total Exports;Net Weight(Kg);United Republic of Tanzania;ASEAN
Dec 2023;12;7108 - Gold (including gold plated with platinum) unwrought or in semi-manufactured forms, or in powder form.;Total Exports;Net Weight(Kg);United Republic of Tanzania;ASEAN
Oct 2021;12;71081200 - Gold (including gold plated with platinum) unwrought or in semi-manufactured forms, or in powder form.- Non-monetary:-- Other unwrought forms;Total Exports;Net Weight(Kg);United Republic of Tanzania;ASEAN
Dec 2023;12;71081200 - Gold (including gold plated with platinum) unwrought or in semi-manufactured forms, or in powder form.- Non-monetary:-- Other unwrought forms;Total Exports;Net Weight(Kg);United Republic of Tanzania;ASEAN
Jul 2023;12;2504 - Natural graphite.;Total Exports;Quantity;United Republic of Tanzania;SADC
Aug 2024;12;26 - Ores, slag and ash.;Total Exports;Quantity;United Republic of Tanzania;SADC
Aug 2024;12;2603 - Copper ores and concentrates.;Total Exports;Quantity;United Republic of Tanzania;SADC
Oct 2021;12;7108 - Gold (including gold plated with platinum) unwrought or in semi-manufactured forms, or in powder form.;Total Exports;Quantity;United Republic of Tanzania;ASEAN
Dec 2023;12;7108 - Gold (including gold plated with platinum) unwrought or in semi-manufactured forms, or in powder form.;Total Exports;Quantity;United Republic of Tanzania;ASEAN
Oct 2021;12;71081200 - Gold (including gold plated with platinum) unwrought or in semi-manufactured forms, or in powder form.- Non-monetary:-- Other unwrought forms;Total Exports;Quantity;United Republic of Tanzania;ASEAN
Dec 2023;12;71081200 - Gold (including gold plated with platinum) unwrought or in semi-manufactured forms, or in powder form.- Non-monetary:-- Other unwrought forms;Total Exports;Quantity;United Republic of Tanzania;ASEAN
Jul 2023;13;2604 - Nickel ores and concentrates.;Total Exports;Net Weight(Kg);United Republic of Tanzania;European Union All Countries
Jul 2024;13;2606 - Aluminium ores and concentrates.;Total Exports;Net Weight(Kg);United Republic of Tanzania;European Union All Countries
Jul 2023;13;2604 - Nickel ores and concentrates.;Total Exports;Quantity;United Republic of Tanzania;European Union All Countries
Jul 2024;13;2606 - Aluminium ores and concentrates.;Total Exports;Quantity;United Republic of Tanzania;European Union All Countries
May 2023;15;2504 - Natural graphite.;Total Exports;Net Weight(Kg);United Republic of Tanzania;SADC
Mar 2024;15;26 - Ores, slag and ash.;Total Exports;Net Weight(Kg);DR Congo;European Union All Countries
Feb 2025;15;26 - Ores, slag and ash.;Total Exports;Net Weight(Kg);United Republic of Tanzania;European Union All Countries
Mar 2024;15;2603 - Copper ores and concentrates.;Total Exports;Net Weight(Kg);DR Congo;European Union All Countries
Mar 2025;15;7108 - Gold (including gold plated with platinum) unwrought or in semi-manufactured forms, or in powder form.;Total Exports;Net Weight(Kg);United Republic of Tanzania;European Union All Countries
Mar 2025;15;71081200 - Gold (including gold plated with platinum) unwrought or in semi-manufactured forms, or in powder form.- Non-monetary:-- Other unwrought forms;Total Exports;Net Weight(Kg);United Republic of Tanzania;European Union All Countries
May 2023;15;2504 - Natural graphite.;Total Exports;Quantity;United Republic of Tanzania;SADC
Feb 2025;15;26 - Ores, slag and ash.;Total Exports;Quantity;United Republic of Tanzania;European Union All Countries
Mar 2025;15;7108 - Gold (including gold plated with platinum) unwrought or in semi-manufactured forms, or in powder form.;Total Exports;Quantity;United Republic of Tanzania;European Union All Countries
Mar 2025;15;71081200 - Gold (including gold plated with platinum) unwrought or in semi-manufactured forms, or in powder form.- Non-monetary:-- Other unwrought forms;Total Exports;Quantity;United Republic of Tanzania;European Union All Countries
May 2022;16;2604 - Nickel ores and concentrates.;Total Exports;Net Weight(Kg);United Republic of Tanzania;European Union All Countries
Apr 2025;16;7108 - Gold (including gold plated with platinum) unwrought or in semi-manufactured forms, or in powder form.;Total Exports;Net Weight(Kg);United Republic of Tanzania;European Union All Countries
Apr 2025;16;71081200 - Gold (including gold plated with platinum) unwrought or in semi-manufactured forms, or in powder form.- Non-monetary:-- Other unwrought forms;Total Exports;Net Weight(Kg);United Republic of Tanzania;European Union All Countries
May 2022;16;2604 - Nickel ores and concentrates.;Total Exports;Quantity;United Republic of Tanzania;European Union All Countries
Apr 2025;16;7108 - Gold (including gold plated with platinum) unwrought or in semi-manufactured forms, or in powder form.;Total Exports;Quantity;United Republic of Tanzania;European Union All Countries
Apr 2025;16;71081200 - Gold (including gold plated with platinum) unwrought or in semi-manufactured forms, or in powder form.- Non-monetary:-- Other unwrought forms;Total Exports;Quantity;United Republic of Tanzania;European Union All Countries
Feb 2025;17;26 - Ores, slag and ash.;Total Exports;Net Weight(Kg);United Republic of Tanzania;SADC
Feb 2025;17;2603 - Copper ores and concentrates.;Total Exports;Net Weight(Kg);United Republic of Tanzania;SADC
Feb 2025;17;26 - Ores, slag and ash.;Total Exports;Quantity;United Republic of Tanzania;SADC
Feb 2025;17;2603 - Copper ores and concentrates.;Total Exports;Quantity;United Republic of Tanzania;SADC
Dec 2022;19;26 - Ores, slag and ash.;Total Exports;Net Weight(Kg);United Republic of Tanzania;SADC
Dec 2022;19;2604 - Nickel ores and concentrates.;Total Exports;Net Weight(Kg);United Republic of Tanzania;SADC
May 2025;19;7108 - Gold (including gold plated with platinum) unwrought or in semi-manufactured forms, or in powder form.;Total Imports;Net Weight(Kg);Kenya;European Union All Countries
May 2025;19;71081300 - Gold (including gold plated with platinum) unwrought or in semi-manufactured forms, or in powder form.- Non-monetary:-- Other semi-manufactured forms;Total Imports;Net Weight(Kg);Kenya;European Union All Countries
Dec 2022;19;26 - Ores, slag and ash.;Total Exports;Quantity;United Republic of Tanzania;SADC
Dec 2022;19;2604 - Nickel ores and concentrates.;Total Exports;Quantity;United Republic of Tanzania;SADC
Jul 2023;20;26 - Ores, slag and ash.;Total Exports;FOB Value (US$);United Republic of Tanzania;SADC
Apr 2023;20;2603 - Copper ores and concentrates.;Total Exports;FOB Value (US$);United Republic of Tanzania;SADC
Jul 2023;20;2603 - Copper ores and concentrates.;Total Exports;FOB Value (US$);United Republic of Tanzania;SADC
Apr 2021;20;2504 - Natural graphite.;Total Imports;Net Weight(Kg);Rwanda;SADC
Oct 2023;20;26 - Ores, slag and ash.;Total Exports;Net Weight(Kg);DR Congo;European Union All Countries
Nov 2021;20;26 - Ores, slag and ash.;Total Exports;Net Weight(Kg);United Republic of Tanzania;SADC
May 2024;20;26 - Ores, slag and ash.;Total Imports;Net Weight(Kg);DR Congo;SADC
May 2024;20;26 - Ores, slag and ash.;Total Imports;Net Weight(Kg);Uganda;European Union All Countries
Apr 2023;20;26 - Ores, slag and ash.;Total Imports;Net Weight(Kg);Uganda;SADC
Aug 2025;20;26 - Ores, slag and ash.;Total Imports;Net Weight(Kg);Rwanda;SADC
Nov 2021;20;2601 - Iron ores and concentrates, including roasted iron pyrites.;Total Exports;Net Weight(Kg);United Republic of Tanzania;SADC
Apr 2023;20;2601 - Iron ores and concentrates, including roasted iron pyrites.;Total Imports;Net Weight(Kg);Uganda;SADC
Nov 2021;20;26011100 - Iron ores and concentrates, including roasted iron pyrites. - Iron ores and concentrates, other than roasted iron pyrites: -- Non-agglomerated;Total Exports;Net Weight(Kg);United Republic of Tanzania;SADC
Apr 2023;20;26011100 - Iron ores and concentrates, including roasted iron pyrites. - Iron ores and concentrates, other than roasted iron pyrites: -- Non-agglomerated;Total Imports;Net Weight(Kg);Uganda;SADC
Sep 2023;20;2603 - Copper ores and concentrates.;Total Imports;Net Weight(Kg);Rwanda;SADC
Jan 2025;20;2605 - Cobalt ores and concentrates.;Total Imports;Net Weight(Kg);DR Congo;SADC
May 2024;20;2607 - Lead ores and concentrates.;Total Imports;Net Weight(Kg);Uganda;European Union All Countries
Aug 2022;20;2608 - Zinc ores and concentrates.;Total Imports;Net Weight(Kg);Rwanda;European Union All Countries
Nov 2023;20;7110 - Platinum, unwrought or in semi-manufactured forms, or in powder form.;Total Imports;Net Weight(Kg);DR Congo;European Union All Countries
Jan 2025;20;7111 - Base metals, silver or gold,clad with platinum, not further worked than semi-manufactured.;Total Imports;Net Weight(Kg);United Republic of Tanzania;ASEAN
Apr 2021;20;2504 - Natural graphite.;Total Imports;Quantity;Rwanda;SADC
Apr 2021;20;26 - Ores, slag and ash.;Total Exports;Quantity;DR Congo;European Union All Countries
Nov 2020;20;26 - Ores, slag and ash.;Total Exports;Quantity;DR Congo;SADC
Aug 2021;20;26 - Ores, slag and ash.;Total Exports;Quantity;DR Congo;SADC
Apr 2023;20;26 - Ores, slag and ash.;Total Exports;Quantity;DR Congo;SADC
Nov 2021;20;26 - Ores, slag and ash.;Total Exports;Quantity;United Republic of Tanzania;SADC
May 2024;20;26 - Ores, slag and ash.;Total Imports;Quantity;Uganda;European Union All Countries
Aug 2025;20;26 - Ores, slag and ash.;Total Imports;Quantity;Rwanda;SADC
Nov 2021;20;2601 - Iron ores and concentrates, including roasted iron pyrites.;Total Exports;Quantity;United Republic of Tanzania;SADC
Nov 2021;20;26011100 - Iron ores and concentrates, including roasted iron pyrites. - Iron ores and concentrates, other than roasted iron pyrites: -- Non-agglomerated;Total Exports;Quantity;United Republic of Tanzania;SADC
Nov 2020;20;2603 - Copper ores and concentrates.;Total Exports;Quantity;DR Congo;SADC
Oct 2021;20;2603 - Copper ores and concentrates.;Total Exports;Quantity;DR Congo;SADC
Dec 2021;20;2603 - Copper ores and concentrates.;Total Exports;Quantity;DR Congo;SADC
Sep 2023;20;2603 - Copper ores and concentrates.;Total Imports;Quantity;Rwanda;SADC
May 2024;20;2607 - Lead ores and concentrates.;Total Imports;Quantity;Uganda;European Union All Countries
Aug 2022;20;2608 - Zinc ores and concentrates.;Total Imports;Quantity;Rwanda;European Union All Countries
Apr 2021;20;2609 - Tin ores and concentrates.;Total Exports;Quantity;DR Congo;European Union All Countries
Nov 2021;20;2609 - Tin ores and concentrates.;Total Exports;Quantity;DR Congo;European Union All Countries
Aug 2025;20;7108 - Gold (including gold plated with platinum) unwrought or in semi-manufactured forms, or in powder form.;Total Imports;Quantity;Uganda;European Union All Countries
Aug 2025;20;71081300 - Gold (including gold plated with platinum) unwrought or in semi-manufactured forms, or in powder form.- Non-monetary:-- Other semi-manufactured forms;Total Imports;Quantity;Uganda;European Union All Countries
Jan 2025;20;7111 - Base metals, silver or gold,clad with platinum, not further worked than semi-manufactured.;Total Imports;Quantity;United Republic of Tanzania;ASEAN
Jun 2024;21;7108 - Gold (including gold plated with platinum) unwrought or in semi-manufactured forms, or in powder form.;Total Imports;Net Weight(Kg);Kenya;European Union All Countries
Jun 2024;21;71081300 - Gold (including gold plated with platinum) unwrought or in semi-manufactured forms, or in powder form.- Non-monetary:-- Other semi-manufactured forms;Total Imports;Net Weight(Kg);Kenya;European Union All Countries
May 2025;22;2614 - Titanium ores and concentrates.;Total Exports;Net Weight(Kg);Kenya;SADC
May 2025;22;2614 - Titanium ores and concentrates.;Total Exports;Quantity;Kenya;SADC
Dec 2021;25;26 - Ores, slag and ash.;Total Imports;CIF Value (US$);Uganda;SADC
Dec 2021;25;2604 - Nickel ores and concentrates.;Total Exports;Net Weight(Kg);United Republic of Tanzania;European Union All Countries
Dec 2021;25;2604 - Nickel ores and concentrates.;Total Exports;Quantity;United Republic of Tanzania;European Union All Countries
Oct 2020;30;26 - Ores, slag and ash.;Total Exports;FOB Value (US$);United Republic of Tanzania;European Union All Countries
Oct 2020;30;2606 - Aluminium ores and concentrates.;Total Exports;FOB Value (US$);United Republic of Tanzania;European Union All Countries
Nov 2021;30;2504 - Natural graphite.;Total Imports;Net Weight(Kg);Uganda;European Union All Countries
Sep 2022;30;26 - Ores, slag and ash.;Total Imports;Net Weight(Kg);DR Congo;European Union All Countries
Dec 2022;30;26 - Ores, slag and ash.;Total Imports;Net Weight(Kg);DR Congo;European Union All Countries
Sep 2020;30;26 - Ores, slag and ash.;Total Imports;Net Weight(Kg);United Republic of Tanzania;European Union All Countries
Jan 2024;30;26 - Ores, slag and ash.;Total Imports;Net Weight(Kg);Uganda;SADC
Aug 2022;30;26 - Ores, slag and ash.;Total Imports;Net Weight(Kg);Rwanda;European Union All Countries
Mar 2024;30;26 - Ores, slag and ash.;Total Imports;Net Weight(Kg);Rwanda;European Union All Countries
Jan 2022;30;2603 - Copper ores and concentrates.;Total Exports;Net Weight(Kg);DR Congo;European Union All Countries
Mar 2022;30;2603 - Copper ores and concentrates.;Total Exports;Net Weight(Kg);Kenya;European Union All Countries
Jan 2024;30;2603 - Copper ores and concentrates.;Total Imports;Net Weight(Kg);Uganda;SADC
Oct 2021;30;2604 - Nickel ores and concentrates.;Total Exports;Net Weight(Kg);United Republic of Tanzania;ASEAN
Jul 2020;30;2608 - Zinc ores and concentrates.;Total Exports;Net Weight(Kg);United Republic of Tanzania;SADC
Sep 2020;30;2616 - Precious metal ores and concentrates.;Total Imports;Net Weight(Kg);United Republic of Tanzania;European Union All Countries
Jun 2021;30;7106 - Silver (including silver plated with gold or platinum), unwrought or in semi-manufactured forms, or in powder form.;Total Imports;Net Weight(Kg);United Republic of Tanzania;European Union All Countries
Nov 2024;30;7106 - Silver (including silver plated with gold or platinum), unwrought or in semi-manufactured forms, or in powder form.;Total Imports;Net Weight(Kg);United Republic of Tanzania;European Union All Countries
Jun 2025;30;7106 - Silver (including silver plated with gold or platinum), unwrought or in semi-manufactured forms, or in powder form.;Total Imports;Net Weight(Kg);Kenya;European Union All Countries
Jun 2021;30;71069200 - Silver (including silver plated with gold or platinum), unwrought or in semi-manufactured forms, or in powder form.- Other:-- Semi-manufactured;Total Imports;Net Weight(Kg);United Republic of Tanzania;European Union All Countries
Nov 2024;30;71069200 - Silver (including silver plated with gold or platinum), unwrought or in semi-manufactured forms, or in powder form.- Other:-- Semi-manufactured;Total Imports;Net Weight(Kg);United Republic of Tanzania;European Union All Countries
Jun 2025;30;71069200 - Silver (including silver plated with gold or platinum), unwrought or in semi-manufactured forms, or in powder form.- Other:-- Semi-manufactured;Total Imports;Net Weight(Kg);Kenya;European Union All Countries
Mar 2022;30;7110 - Platinum, unwrought or in semi-manufactured forms, or in powder form.;Total Imports;Net Weight(Kg);DR Congo;SADC
Nov 2023;30;7110 - Platinum, unwrought or in semi-manufactured forms, or in powder form.;Total Imports;Net Weight(Kg);United Republic of Tanzania;European Union All Countries
Nov 2021;30;2504 - Natural graphite.;Total Imports;Quantity;Uganda;European Union All Countries
Sep 2021;30;26 - Ores, slag and ash.;Total Exports;Quantity;DR Congo;SADC
Sep 2022;30;26 - Ores, slag and ash.;Total Exports;Quantity;DR Congo;SADC
Jan 2022;30;26 - Ores, slag and ash.;Total Exports;Quantity;United Republic of Tanzania;European Union All Countries
Jan 2022;30;26 - Ores, slag and ash.;Total Exports;Quantity;United Republic of Tanzania;SADC
Sep 2020;30;26 - Ores, slag and ash.;Total Imports;Quantity;United Republic of Tanzania;European Union All Countries
Jan 2024;30;26 - Ores, slag and ash.;Total Imports;Quantity;Uganda;SADC
Aug 2022;30;26 - Ores, slag and ash.;Total Imports;Quantity;Rwanda;European Union All Countries
Mar 2024;30;26 - Ores, slag and ash.;Total Imports;Quantity;Rwanda;European Union All Countries
Jan 2022;30;2603 - Copper ores and concentrates.;Total Exports;Quantity;United Republic of Tanzania;European Union All Countries
Jan 2022;30;2603 - Copper ores and concentrates.;Total Exports;Quantity;United Republic of Tanzania;SADC
Mar 2022;30;2603 - Copper ores and concentrates.;Total Exports;Quantity;Kenya;European Union All Countries
Jan 2024;30;2603 - Copper ores and concentrates.;Total Imports;Quantity;Uganda;SADC
Oct 2021;30;2604 - Nickel ores and concentrates.;Total Exports;Quantity;United Republic of Tanzania;ASEAN
Jul 2020;30;2608 - Zinc ores and concentrates.;Total Exports;Quantity;United Republic of Tanzania;SADC
Oct 2021;30;2609 - Tin ores and concentrates.;Total Exports;Quantity;DR Congo;SADC
Sep 2020;30;2616 - Precious metal ores and concentrates.;Total Imports;Quantity;United Republic of Tanzania;European Union All Countries
Jun 2021;30;7106 - Silver (including silver plated with gold or platinum), unwrought or in semi-manufactured forms, or in powder form.;Total Imports;Quantity;United Republic of Tanzania;European Union All Countries
Nov 2024;30;7106 - Silver (including silver plated with gold or platinum), unwrought or in semi-manufactured forms, or in powder form.;Total Imports;Quantity;United Republic of Tanzania;European Union All Countries
Jun 2021;30;71069200 - Silver (including silver plated with gold or platinum), unwrought or in semi-manufactured forms, or in powder form.- Other:-- Semi-manufactured;Total Imports;Quantity;United Republic of Tanzania;European Union All Countries
Nov 2024;30;71069200 - Silver (including silver plated with gold or platinum), unwrought or in semi-manufactured forms, or in powder form.- Other:-- Semi-manufactured;Total Imports;Quantity;United Republic of Tanzania;European Union All Countries
Nov 2023;30;7110 - Platinum, unwrought or in semi-manufactured forms, or in powder form.;Total Imports;Quantity;United Republic of Tanzania;European Union All Countries
Nov 2024;31;2504 - Natural graphite.;Total Exports;Net Weight(Kg);United Republic of Tanzania;SADC
Nov 2024;31;2504 - Natural graphite.;Total Exports;Quantity;United Republic of Tanzania;SADC
Jul 2023;32;2504 - Natural graphite.;Total Exports;Net Weight(Kg);United Republic of Tanzania;European Union All Countries
Jan 2024;32;26 - Ores, slag and ash.;Total Imports;Net Weight(Kg);United Republic of Tanzania;European Union All Countries
Jan 2024;32;2614 - Titanium ores and concentrates.;Total Imports;Net Weight(Kg);United Republic of Tanzania;European Union All Countries
Jul 2023;32;2504 - Natural graphite.;Total Exports;Quantity;United Republic of Tanzania;European Union All Countries
Jan 2024;32;26 - Ores, slag and ash.;Total Imports;Quantity;United Republic of Tanzania;European Union All Countries
Jan 2024;32;2614 - Titanium ores and concentrates.;Total Imports;Quantity;United Republic of Tanzania;European Union All Countries
Oct 2023;38;26 - Ores, slag and ash.;Total Exports;Net Weight(Kg);United Republic of Tanzania;SADC
Dec 2023;38;26 - Ores, slag and ash.;Total Imports;Net Weight(Kg);Rwanda;European Union All Countries
Oct 2023;38;2603 - Copper ores and concentrates.;Total Exports;Net Weight(Kg);United Republic of Tanzania;SADC
Sep 2025;38;7108 - Gold (including gold plated with platinum) unwrought or in semi-manufactured forms, or in powder form.;Total Exports;Net Weight(Kg);United Republic of Tanzania;European Union All Countries
Sep 2025;38;71081200 - Gold (including gold plated with platinum) unwrought or in semi-manufactured forms, or in powder form.- Non-monetary:-- Other unwrought forms;Total Exports;Net Weight(Kg);United Republic of Tanzania;European Union All Countries
Oct 2023;38;26 - Ores, slag and ash.;Total Exports;Quantity;United Republic of Tanzania;SADC
Oct 2023;38;2603 - Copper ores and concentrates.;Total Exports;Quantity;United Republic of Tanzania;SADC
Sep 2025;38;7108 - Gold (including gold plated with platinum) unwrought or in semi-manufactured forms, or in powder form.;Total Exports;Quantity;United Republic of Tanzania;European Union All Countries
Sep 2025;38;71081200 - Gold (including gold plated with platinum) unwrought or in semi-manufactured forms, or in powder form.- Non-monetary:-- Other unwrought forms;Total Exports;Quantity;United Republic of Tanzania;European Union All Countries
Apr 2023;39;2604 - Nickel ores and concentrates.;Total Exports;Net Weight(Kg);United Republic of Tanzania;SADC
Apr 2023;39;2604 - Nickel ores and concentrates.;Total Exports;Quantity;United Republic of Tanzania;SADC
Jul 2023;40;2604 - Nickel ores and concentrates.;Total Exports;FOB Value (US$);United Republic of Tanzania;European Union All Countries
Apr 2021;40;26 - Ores, slag and ash.;Total Imports;Net Weight(Kg);United Republic of Tanzania;European Union All Countries
Feb 2020;40;26 - Ores, slag and ash.;Total Imports;Net Weight(Kg);Kenya;European Union All Countries
Feb 2020;40;2616 - Precious metal ores and concentrates.;Total Imports;Net Weight(Kg);Kenya;European Union All Countries
Dec 2021;40;7106 - Silver (including silver plated with gold or platinum), unwrought or in semi-manufactured forms, or in powder form.;Total Imports;Net Weight(Kg);Kenya;European Union All Countries
Dec 2021;40;71069200 - Silver (including silver plated with gold or platinum), unwrought or in semi-manufactured forms, or in powder form.- Other:-- Semi-manufactured;Total Imports;Net Weight(Kg);Kenya;European Union All Countries
Sep 2025;40;7108 - Gold (including gold plated with platinum) unwrought or in semi-manufactured forms, or in powder form.;Total Imports;Net Weight(Kg);United Republic of Tanzania;ASEAN
Sep 2025;40;71081200 - Gold (including gold plated with platinum) unwrought or in semi-manufactured forms, or in powder form.- Non-monetary:-- Other unwrought forms;Total Imports;Net Weight(Kg);United Republic of Tanzania;ASEAN
Oct 2022;40;7111 - Base metals, silver or gold,clad with platinum, not further worked than semi-manufactured.;Total Imports;Net Weight(Kg);DR Congo;SADC
Sep 2021;40;26 - Ores, slag and ash.;Total Exports;Quantity;DR Congo;European Union All Countries
Aug 2025;40;26 - Ores, slag and ash.;Total Exports;Quantity;DR Congo;European Union All Countries
May 2021;40;26 - Ores, slag and ash.;Total Exports;Quantity;DR Congo;SADC
Apr 2021;40;26 - Ores, slag and ash.;Total Imports;Quantity;United Republic of Tanzania;European Union All Countries
Feb 2020;40;26 - Ores, slag and ash.;Total Imports;Quantity;Kenya;European Union All Countries
Dec 2023;40;26 - Ores, slag and ash.;Total Imports;Quantity;Rwanda;European Union All Countries
Aug 2025;40;2603 - Copper ores and concentrates.;Total Exports;Quantity;DR Congo;European Union All Countries
May 2021;40;2603 - Copper ores and concentrates.;Total Exports;Quantity;DR Congo;SADC
Nov 2021;40;2603 - Copper ores and concentrates.;Total Exports;Quantity;DR Congo;SADC
Feb 2020;40;2616 - Precious metal ores and concentrates.;Total Imports;Quantity;Kenya;European Union All Countries
Sep 2025;40;7108 - Gold (including gold plated with platinum) unwrought or in semi-manufactured forms, or in powder form.;Total Imports;Quantity;United Republic of Tanzania;ASEAN
Sep 2025;40;71081200 - Gold (including gold plated with platinum) unwrought or in semi-manufactured forms, or in powder form.- Non-monetary:-- Other unwrought forms;Total Imports;Quantity;United Republic of Tanzania;ASEAN
Jul 2023;40;71081300 - Gold (including gold plated with platinum) unwrought or in semi-manufactured forms, or in powder form.- Non-monetary:-- Other semi-manufactured forms;Total Imports;Quantity;Uganda;SADC
Apr 2024;43;7106 - Silver (including silver plated with gold or platinum), unwrought or in semi-manufactured forms, or in powder form.;Total Imports;Net Weight(Kg);Kenya;European Union All Countries
Apr 2024;43;71069200 - Silver (including silver plated with gold or platinum), unwrought or in semi-manufactured forms, or in powder form.- Other:-- Semi-manufactured;Total Imports;Net Weight(Kg);Kenya;European Union All Countries
Feb 2024;50;2504 - Natural graphite.;Total Exports;FOB Value (US$);United Republic of Tanzania;SADC
Sep 2021;50;2601 - Iron ores and concentrates, including roasted iron pyrites.;Total Exports;FOB Value (US$);United Republic of Tanzania;SADC
Sep 2021;50;26011100 - Iron ores and concentrates, including roasted iron pyrites. - Iron ores and concentrates, other than roasted iron pyrites: -- Non-agglomerated;Total Exports;FOB Value (US$);United Republic of Tanzania;SADC
Apr 2023;50;2604 - Nickel ores and concentrates.;Total Exports;FOB Value (US$);United Republic of Tanzania;SADC
Sep 2022;50;26 - Ores, slag and ash.;Total Imports;Net Weight(Kg);Kenya;European Union All Countries
Nov 2024;50;26 - Ores, slag and ash.;Total Imports;Net Weight(Kg);Rwanda;SADC
Apr 2023;50;2603 - Copper ores and concentrates.;Total Exports;Net Weight(Kg);United Republic of Tanzania;SADC
Sep 2022;50;2616 - Precious metal ores and concentrates.;Total Imports;Net Weight(Kg);Kenya;European Union All Countries
Nov 2024;50;2616 - Precious metal ores and concentrates.;Total Imports;Net Weight(Kg);Rwanda;SADC
Sep 2025;50;7108 - Gold (including gold plated with platinum) unwrought or in semi-manufactured forms, or in powder form.;Total Exports;Net Weight(Kg);Uganda;European Union All Countries
Aug 2025;50;7108 - Gold (including gold plated with platinum) unwrought or in semi-manufactured forms, or in powder form.;Total Imports;Net Weight(Kg);Uganda;European Union All Countries
Oct 2022;50;7108 - Gold (including gold plated with platinum) unwrought or in semi-manufactured forms, or in powder form.;Total Imports;Net Weight(Kg);Uganda;SADC
Apr 2024;50;71081200 - Gold (including gold plated with platinum) unwrought or in semi-manufactured forms, or in powder form.- Non-monetary:-- Other unwrought forms;Total Exports;Net Weight(Kg);Kenya;SADC
Sep 2025;50;71081300 - Gold (including gold plated with platinum) unwrought or in semi-manufactured forms, or in powder form.- Non-monetary:-- Other semi-manufactured forms;Total Exports;Net Weight(Kg);Uganda;European Union All Countries
Aug 2025;50;71081300 - Gold (including gold plated with platinum) unwrought or in semi-manufactured forms, or in powder form.- Non-monetary:-- Other semi-manufactured forms;Total Imports;Net Weight(Kg);Uganda;European Union All Countries
Oct 2022;50;71081300 - Gold (including gold plated with platinum) unwrought or in semi-manufactured forms, or in powder form.- Non-monetary:-- Other semi-manufactured forms;Total Imports;Net Weight(Kg);Uganda;SADC
Oct 2021;50;7110 - Platinum, unwrought or in semi-manufactured forms, or in powder form.;Total Imports;Net Weight(Kg);Kenya;European Union All Countries
Nov 2021;50;26 - Ores, slag and ash.;Total Exports;Quantity;DR Congo;European Union All Countries
Sep 2022;50;26 - Ores, slag and ash.;Total Imports;Quantity;Kenya;European Union All Countries
Nov 2024;50;26 - Ores, slag and ash.;Total Imports;Quantity;Rwanda;SADC
Apr 2023;50;2603 - Copper ores and concentrates.;Total Exports;Quantity;United Republic of Tanzania;SADC
Sep 2022;50;2616 - Precious metal ores and concentrates.;Total Imports;Quantity;Kenya;European Union All Countries
Nov 2024;50;2616 - Precious metal ores and concentrates.;Total Imports;Quantity;Rwanda;SADC
Sep 2022;52;7108 - Gold (including gold plated with platinum) unwrought or in semi-manufactured forms, or in powder form.;Total Exports;Net Weight(Kg);United Republic of Tanzania;ASEAN
Sep 2022;52;71081200 - Gold (including gold plated with platinum) unwrought or in semi-manufactured forms, or in powder form.- Non-monetary:-- Other unwrought forms;Total Exports;Net Weight(Kg);United Republic of Tanzania;ASEAN
Sep 2022;52;7108 - Gold (including gold plated with platinum) unwrought or in semi-manufactured forms, or in powder form.;Total Exports;Quantity;United Republic of Tanzania;ASEAN
Sep 2022;52;71081200 - Gold (including gold plated with platinum) unwrought or in semi-manufactured forms, or in powder form.- Non-monetary:-- Other unwrought forms;Total Exports;Quantity;United Republic of Tanzania;ASEAN
Jun 2023;55;26 - Ores, slag and ash.;Total Exports;Net Weight(Kg);United Republic of Tanzania;SADC
Jun 2023;55;2603 - Copper ores and concentrates.;Total Exports;Net Weight(Kg);United Republic of Tanzania;SADC
Jun 2023;55;26 - Ores, slag and ash.;Total Exports;Quantity;United Republic of Tanzania;SADC
Jun 2023;55;2603 - Copper ores and concentrates.;Total Exports;Quantity;United Republic of Tanzania;SADC
Apr 2022;58;7108 - Gold (including gold plated with platinum) unwrought or in semi-manufactured forms, or in powder form.;Total Imports;Net Weight(Kg);Kenya;SADC
Sep 2022;60;26 - Ores, slag and ash.;Total Imports;CIF Value (US$);Uganda;SADC
Dec 2022;60;2504 - Natural graphite.;Total Imports;Net Weight(Kg);United Republic of Tanzania;European Union All Countries
Feb 2024;60;26 - Ores, slag and ash.;Total Exports;Net Weight(Kg);DR Congo;European Union All Countries
Aug 2020;60;2603 - Copper ores and concentrates.;Total Exports;Net Weight(Kg);DR Congo;European Union All Countries
Feb 2024;60;2603 - Copper ores and concentrates.;Total Exports;Net Weight(Kg);DR Congo;European Union All Countries
Aug 2022;60;71081300 - Gold (including gold plated with platinum) unwrought or in semi-manufactured forms, or in powder form.- Non-monetary:-- Other semi-manufactured forms;Total Imports;Net Weight(Kg);Uganda;SADC
Sep 2022;60;71081300 - Gold (including gold plated with platinum) unwrought or in semi-manufactured forms, or in powder form.- Non-monetary:-- Other semi-manufactured forms;Total Imports;Net Weight(Kg);Uganda;SADC
Nov 2022;60;71081300 - Gold (including gold plated with platinum) unwrought or in semi-manufactured forms, or in powder form.- Non-monetary:-- Other semi-manufactured forms;Total Imports;Net Weight(Kg);Uganda;SADC
Dec 2022;60;71081300 - Gold (including gold plated with platinum) unwrought or in semi-manufactured forms, or in powder form.- Non-monetary:-- Other semi-manufactured forms;Total Imports;Net Weight(Kg);Uganda;SADC
Dec 2022;60;2504 - Natural graphite.;Total Imports;Quantity;United Republic of Tanzania;European Union All Countries
Jul 2020;60;26 - Ores, slag and ash.;Total Exports;Quantity;DR Congo;ASEAN
Feb 2023;60;26 - Ores, slag and ash.;Total Imports;Quantity;Uganda;SADC
Mar 2025;61;7108 - Gold (including gold plated with platinum) unwrought or in semi-manufactured forms, or in powder form.;Total Imports;Net Weight(Kg);United Republic of Tanzania;European Union All Countries
Mar 2025;61;71081300 - Gold (including gold plated with platinum) unwrought or in semi-manufactured forms, or in powder form.- Non-monetary:-- Other semi-manufactured forms;Total Imports;Net Weight(Kg);United Republic of Tanzania;European Union All Countries
Mar 2025;61;7108 - Gold (including gold plated with platinum) unwrought or in semi-manufactured forms, or in powder form.;Total Imports;Quantity;United Republic of Tanzania;European Union All Countries
Mar 2025;61;71081300 - Gold (including gold plated with platinum) unwrought or in semi-manufactured forms, or in powder form.- Non-monetary:-- Other semi-manufactured forms;Total Imports;Quantity;United Republic of Tanzania;European Union All Countries
Feb 2022;64;26 - Ores, slag and ash.;Total Imports;Net Weight(Kg);Kenya;ASEAN
Feb 2022;64;26 - Ores, slag and ash.;Total Imports;Quantity;Kenya;ASEAN
Apr 2024;67;7108 - Gold (including gold plated with platinum) unwrought or in semi-manufactured forms, or in powder form.;Total Imports;Net Weight(Kg);Kenya;European Union All Countries
Apr 2024;67;71081300 - Gold (including gold plated with platinum) unwrought or in semi-manufactured forms, or in powder form.- Non-monetary:-- Other semi-manufactured forms;Total Imports;Net Weight(Kg);Kenya;European Union All Countries
Apr 2023;70;26 - Ores, slag and ash.;Total Exports;FOB Value (US$);United Republic of Tanzania;SADC
Sep 2022;70;7106 - Silver (including silver plated with gold or platinum), unwrought or in semi-manufactured forms, or in powder form.;Total Imports;Net Weight(Kg);DR Congo;European Union All Countries
Dec 2023;70;7106 - Silver (including silver plated with gold or platinum), unwrought or in semi-manufactured forms, or in powder form.;Total Imports;Net Weight(Kg);Rwanda;European Union All Countries
Sep 2022;70;71069100 - Silver (including silver plated with gold or platinum), unwrought or in semi-manufactured forms, or in powder form.- Other:-- Unwrought;Total Imports;Net Weight(Kg);DR Congo;European Union All Countries
Dec 2023;70;71069200 - Silver (including silver plated with gold or platinum), unwrought or in semi-manufactured forms, or in powder form.- Other:-- Semi-manufactured;Total Imports;Net Weight(Kg);Rwanda;European Union All Countries
Jun 2022;70;7108 - Gold (including gold plated with platinum) unwrought or in semi-manufactured forms, or in powder form.;Total Imports;Net Weight(Kg);Uganda;SADC
Jul 2022;70;7108 - Gold (including gold plated with platinum) unwrought or in semi-manufactured forms, or in powder form.;Total Imports;Net Weight(Kg);Uganda;SADC
Jun 2022;70;71081300 - Gold (including gold plated with platinum) unwrought or in semi-manufactured forms, or in powder form.- Non-monetary:-- Other semi-manufactured forms;Total Imports;Net Weight(Kg);Uganda;SADC
Jul 2022;70;71081300 - Gold (including gold plated with platinum) unwrought or in semi-manufactured forms, or in powder form.- Non-monetary:-- Other semi-manufactured forms;Total Imports;Net Weight(Kg);Uganda;SADC
Sep 2021;70;26 - Ores, slag and ash.;Total Imports;Quantity;DR Congo;ASEAN
Jul 2020;70;2603 - Copper ores and concentrates.;Total Exports;Quantity;DR Congo;SADC
Sep 2021;70;2609 - Tin ores and concentrates.;Total Imports;Quantity;DR Congo;ASEAN
Dec 2023;70;7106 - Silver (including silver plated with gold or platinum), unwrought or in semi-manufactured forms, or in powder form.;Total Imports;Quantity;Rwanda;European Union All Countries
Dec 2023;70;71069200 - Silver (including silver plated with gold or platinum), unwrought or in semi-manufactured forms, or in powder form.- Other:-- Semi-manufactured;Total Imports;Quantity;Rwanda;European Union All Countries
Nov 2022;75;2504 - Natural graphite.;Total Exports;Net Weight(Kg);United Republic of Tanzania;SADC
Nov 2022;75;2504 - Natural graphite.;Total Exports;Quantity;United Republic of Tanzania;SADC
Aug 2024;80;26 - Ores, slag and ash.;Total Exports;Net Weight(Kg);DR Congo;European Union All Countries
Aug 2024;80;2603 - Copper ores and concentrates.;Total Exports;Net Weight(Kg);DR Congo;European Union All Countries
May 2025;80;7106 - Silver (including silver plated with gold or platinum), unwrought or in semi-manufactured forms, or in powder form.;Total Imports;Net Weight(Kg);United Republic of Tanzania;European Union All Countries
May 2025;80;71069200 - Silver (including silver plated with gold or platinum), unwrought or in semi-manufactured forms, or in powder form.- Other:-- Semi-manufactured;Total Imports;Net Weight(Kg);United Republic of Tanzania;European Union All Countries
Jun 2024;80;7110 - Platinum, unwrought or in semi-manufactured forms, or in powder form.;Total Imports;Net Weight(Kg);Kenya;SADC
Feb 2022;80;7111 - Base metals, silver or gold,clad with platinum, not further worked than semi-manufactured.;Total Imports;Net Weight(Kg);United Republic of Tanzania;European Union All Countries
Jan 2021;80;7111 - Base metals, silver or gold,clad with platinum, not further worked than semi-manufactured.;Total Imports;Net Weight(Kg);United Republic of Tanzania;SADC
Sep 2020;80;26 - Ores, slag and ash.;Total Exports;Quantity;DR Congo;ASEAN
Jul 2020;80;26 - Ores, slag and ash.;Total Exports;Quantity;DR Congo;SADC
Nov 2023;80;26 - Ores, slag and ash.;Total Imports;Quantity;DR Congo;European Union All Countries
Sep 2020;80;2603 - Copper ores and concentrates.;Total Exports;Quantity;DR Congo;ASEAN
Apr 2021;80;2603 - Copper ores and concentrates.;Total Exports;Quantity;DR Congo;SADC
Dec 2021;80;2609 - Tin ores and concentrates.;Total Exports;Quantity;DR Congo;SADC
May 2025;80;7106 - Silver (including silver plated with gold or platinum), unwrought or in semi-manufactured forms, or in powder form.;Total Imports;Quantity;United Republic of Tanzania;European Union All Countries
May 2025;80;71069200 - Silver (including silver plated with gold or platinum), unwrought or in semi-manufactured forms, or in powder form.- Other:-- Semi-manufactured;Total Imports;Quantity;United Republic of Tanzania;European Union All Countries
Feb 2022;80;7111 - Base metals, silver or gold,clad with platinum, not further worked than semi-manufactured.;Total Imports;Quantity;United Republic of Tanzania;European Union All Countries
Jan 2021;80;7111 - Base metals, silver or gold,clad with platinum, not further worked than semi-manufactured.;Total Imports;Quantity;United Republic of Tanzania;SADC
Apr 2023;89;26 - Ores, slag and ash.;Total Exports;Net Weight(Kg);United Republic of Tanzania;SADC
Apr 2023;89;26 - Ores, slag and ash.;Total Exports;Quantity;United Republic of Tanzania;SADC
May 2024;90;26 - Ores, slag and ash.;Total Exports;Net Weight(Kg);Uganda;SADC
Apr 2021;90;26 - Ores, slag and ash.;Total Exports;Quantity;DR Congo;SADC
Aug 2022;98;2616 - Precious metal ores and concentrates.;Total Exports;Net Weight(Kg);United Republic of Tanzania;European Union All Countries
Aug 2022;98;2616 - Precious metal ores and concentrates.;Total Exports;Quantity;United Republic of Tanzania;European Union All Countries
May 2024;99;26 - Ores, slag and ash.;Total Exports;FOB Value (US$);Uganda;SADC
Jun 2024;100;2504 - Natural graphite.;Total Exports;Net Weight(Kg);United Republic of Tanzania;SADC
May 2020;100;2504 - Natural graphite.;Total Imports;Net Weight(Kg);Kenya;European Union All Countries
Sep 2021;100;2504 - Natural graphite.;Total Imports;Net Weight(Kg);Uganda;SADC
Dec 2024;100;26 - Ores, slag and ash.;Total Exports;Net Weight(Kg);Rwanda;SADC
Dec 2024;100;2609 - Tin ores and concentrates.;Total Exports;Net Weight(Kg);Rwanda;SADC
May 2020;100;2609 - Tin ores and concentrates.;Total Imports;Net Weight(Kg);DR Congo;SADC
Dec 2024;100;7111 - Base metals, silver or gold,clad with platinum, not further worked than semi-manufactured.;Total Imports;Net Weight(Kg);United Republic of Tanzania;ASEAN
Apr 2025;100;7111 - Base metals, silver or gold,clad with platinum, not further worked than semi-manufactured.;Total Imports;Net Weight(Kg);United Republic of Tanzania;ASEAN
Jun 2024;100;2504 - Natural graphite.;Total Exports;Quantity;United Republic of Tanzania;SADC
May 2020;100;2504 - Natural graphite.;Total Imports;Quantity;Kenya;European Union All Countries
Sep 2021;100;2504 - Natural graphite.;Total Imports;Quantity;Uganda;SADC
Dec 2021;100;26 - Ores, slag and ash.;Total Exports;Quantity;DR Congo;SADC
Dec 2024;100;26 - Ores, slag and ash.;Total Exports;Quantity;Rwanda;SADC
Dec 2024;100;2609 - Tin ores and concentrates.;Total Exports;Quantity;Rwanda;SADC
Oct 2020;100;7108 - Gold (including gold plated with platinum) unwrought or in semi-manufactured forms, or in powder form.;Total Exports;Quantity;Uganda;ASEAN
Oct 2020;100;71081200 - Gold (including gold plated with platinum) unwrought or in semi-manufactured forms, or in powder form.- Non-monetary:-- Other unwrought forms;Total Exports;Quantity;Uganda;ASEAN
Oct 2023;100;71081300 - Gold (including gold plated with platinum) unwrought or in semi-manufactured forms, or in powder form.- Non-monetary:-- Other semi-manufactured forms;Total Imports;Quantity;Uganda;SADC
Dec 2024;100;7111 - Base metals, silver or gold,clad with platinum, not further worked than semi-manufactured.;Total Imports;Quantity;United Republic of Tanzania;ASEAN
Apr 2025;100;7111 - Base metals, silver or gold,clad with platinum, not further worked than semi-manufactured.;Total Imports;Quantity;United Republic of Tanzania;ASEAN
Oct 2022;104;7108 - Gold (including gold plated with platinum) unwrought or in semi-manufactured forms, or in powder form.;Total Exports;Net Weight(Kg);United Republic of Tanzania;European Union All Countries
Oct 2022;104;71081200 - Gold (including gold plated with platinum) unwrought or in semi-manufactured forms, or in powder form.- Non-monetary:-- Other unwrought forms;Total Exports;Net Weight(Kg);United Republic of Tanzania;European Union All Countries
Oct 2022;104;7108 - Gold (including gold plated with platinum) unwrought or in semi-manufactured forms, or in powder form.;Total Exports;Quantity;United Republic of Tanzania;European Union All Countries
Oct 2022;104;71081200 - Gold (including gold plated with platinum) unwrought or in semi-manufactured forms, or in powder form.- Non-monetary:-- Other unwrought forms;Total Exports;Quantity;United Republic of Tanzania;European Union All Countries
Aug 2023;105;7108 - Gold (including gold plated with platinum) unwrought or in semi-manufactured forms, or in powder form.;Total Exports;Net Weight(Kg);United Republic of Tanzania;European Union All Countries
Aug 2023;105;71081200 - Gold (including gold plated with platinum) unwrought or in semi-manufactured forms, or in powder form.- Non-monetary:-- Other unwrought forms;Total Exports;Net Weight(Kg);United Republic of Tanzania;European Union All Countries
Aug 2023;105;7108 - Gold (including gold plated with platinum) unwrought or in semi-manufactured forms, or in powder form.;Total Exports;Quantity;United Republic of Tanzania;European Union All Countries
Aug 2023;105;71081200 - Gold (including gold plated with platinum) unwrought or in semi-manufactured forms, or in powder form.- Non-monetary:-- Other unwrought forms;Total Exports;Quantity;United Republic of Tanzania;European Union All Countries
Mar 2022;106;7108 - Gold (including gold plated with platinum) unwrought or in semi-manufactured forms, or in powder form.;Total Exports;Net Weight(Kg);Kenya;European Union All Countries
Mar 2022;106;71081200 - Gold (including gold plated with platinum) unwrought or in semi-manufactured forms, or in powder form.- Non-monetary:-- Other unwrought forms;Total Exports;Net Weight(Kg);Kenya;European Union All Countries
Nov 2023;113;2504 - Natural graphite.;Total Exports;Net Weight(Kg);United Republic of Tanzania;SADC
Nov 2023;113;2504 - Natural graphite.;Total Exports;Quantity;United Republic of Tanzania;SADC
Feb 2022;114;26 - Ores, slag and ash.;Total Exports;Net Weight(Kg);United Republic of Tanzania;European Union All Countries
Feb 2022;114;2603 - Copper ores and concentrates.;Total Exports;Net Weight(Kg);United Republic of Tanzania;European Union All Countries
Feb 2022;114;26 - Ores, slag and ash.;Total Exports;Quantity;United Republic of Tanzania;European Union All Countries
Feb 2022;114;2603 - Copper ores and concentrates.;Total Exports;Quantity;United Republic of Tanzania;European Union All Countries
Feb 2020;120;7106 - Silver (including silver plated with gold or platinum), unwrought or in semi-manufactured forms, or in powder form.;Total Exports;Quantity;Uganda;SADC
Feb 2020;120;71069200 - Silver (including silver plated with gold or platinum), unwrought or in semi-manufactured forms, or in powder form.- Other:-- Semi-manufactured;Total Exports;Quantity;Uganda;SADC
May 2022;126;7108 - Gold (including gold plated with platinum) unwrought or in semi-manufactured forms, or in powder form.;Total Exports;Net Weight(Kg);United Republic of Tanzania;ASEAN
May 2022;126;71081200 - Gold (including gold plated with platinum) unwrought or in semi-manufactured forms, or in powder form.- Non-monetary:-- Other unwrought forms;Total Exports;Net Weight(Kg);United Republic of Tanzania;ASEAN
May 2022;126;7108 - Gold (including gold plated with platinum) unwrought or in semi-manufactured forms, or in powder form.;Total Exports;Quantity;United Republic of Tanzania;ASEAN
May 2022;126;71081200 - Gold (including gold plated with platinum) unwrought or in semi-manufactured forms, or in powder form.- Non-monetary:-- Other unwrought forms;Total Exports;Quantity;United Republic of Tanzania;ASEAN
Jul 2025;130;7108 - Gold (including gold plated with platinum) unwrought or in semi-manufactured forms, or in powder form.;Total Imports;Net Weight(Kg);DR Congo;European Union All Countries
Feb 2021;130;7111 - Base metals, silver or gold,clad with platinum, not further worked than semi-manufactured.;Total Imports;Net Weight(Kg);United Republic of Tanzania;European Union All Countries
Nov 2022;130;26 - Ores, slag and ash.;Total Exports;Quantity;DR Congo;SADC
Feb 2021;130;7111 - Base metals, silver or gold,clad with platinum, not further worked than semi-manufactured.;Total Imports;Quantity;United Republic of Tanzania;European Union All Countries
Oct 2020;134;26 - Ores, slag and ash.;Total Exports;Net Weight(Kg);United Republic of Tanzania;European Union All Countries
Oct 2020;134;2606 - Aluminium ores and concentrates.;Total Exports;Net Weight(Kg);United Republic of Tanzania;European Union All Countries
Oct 2020;134;26 - Ores, slag and ash.;Total Exports;Quantity;United Republic of Tanzania;European Union All Countries
Oct 2020;134;2606 - Aluminium ores and concentrates.;Total Exports;Quantity;United Republic of Tanzania;European Union All Countries
Feb 2023;137;7108 - Gold (including gold plated with platinum) unwrought or in semi-manufactured forms, or in powder form.;Total Imports;Net Weight(Kg);United Republic of Tanzania;SADC
Feb 2023;137;71081300 - Gold (including gold plated with platinum) unwrought or in semi-manufactured forms, or in powder form.- Non-monetary:-- Other semi-manufactured forms;Total Imports;Net Weight(Kg);United Republic of Tanzania;SADC
Feb 2023;137;7108 - Gold (including gold plated with platinum) unwrought or in semi-manufactured forms, or in powder form.;Total Imports;Quantity;United Republic of Tanzania;SADC
Feb 2023;137;71081300 - Gold (including gold plated with platinum) unwrought or in semi-manufactured forms, or in powder form.- Non-monetary:-- Other semi-manufactured forms;Total Imports;Quantity;United Republic of Tanzania;SADC
Jun 2024;140;26 - Ores, slag and ash.;Total Exports;Net Weight(Kg);DR Congo;European Union All Countries
Jun 2024;140;2603 - Copper ores and concentrates.;Total Exports;Net Weight(Kg);DR Congo;European Union All Countries
May 2020;140;2608 - Zinc ores and concentrates.;Total Imports;Net Weight(Kg);DR Congo;SADC
Jan 2023;140;7108 - Gold (including gold plated with platinum) unwrought or in semi-manufactured forms, or in powder form.;Total Exports;Net Weight(Kg);United Republic of Tanzania;European Union All Countries
Jan 2023;140;71081200 - Gold (including gold plated with platinum) unwrought or in semi-manufactured forms, or in powder form.- Non-monetary:-- Other unwrought forms;Total Exports;Net Weight(Kg);United Republic of Tanzania;European Union All Countries
Aug 2020;140;26 - Ores, slag and ash.;Total Exports;Quantity;DR Congo;European Union All Countries
Aug 2020;140;2603 - Copper ores and concentrates.;Total Exports;Quantity;DR Congo;European Union All Countries
Jan 2023;140;7108 - Gold (including gold plated with platinum) unwrought or in semi-manufactured forms, or in powder form.;Total Exports;Quantity;United Republic of Tanzania;European Union All Countries
Aug 2025;140;7108 - Gold (including gold plated with platinum) unwrought or in semi-manufactured forms, or in powder form.;Total Imports;Quantity;DR Congo;European Union All Countries
Jan 2023;140;71081200 - Gold (including gold plated with platinum) unwrought or in semi-manufactured forms, or in powder form.- Non-monetary:-- Other unwrought forms;Total Exports;Quantity;United Republic of Tanzania;European Union All Countries
Mar 2025;143;2504 - Natural graphite.;Total Exports;Net Weight(Kg);United Republic of Tanzania;SADC
Mar 2025;143;2504 - Natural graphite.;Total Exports;Quantity;United Republic of Tanzania;SADC
Sep 2024;144;7106 - Silver (including silver plated with gold or platinum), unwrought or in semi-manufactured forms, or in powder form.;Total Imports;Net Weight(Kg);Uganda;European Union All Countries
Sep 2024;144;71069200 - Silver (including silver plated with gold or platinum), unwrought or in semi-manufactured forms, or in powder form.- Other:-- Semi-manufactured;Total Imports;Net Weight(Kg);Uganda;European Union All Countries
Mar 2021;145;7111 - Base metals, silver or gold,clad with platinum, not further worked than semi-manufactured.;Total Exports;Net Weight(Kg);United Republic of Tanzania;European Union All Countries
Mar 2021;145;7111 - Base metals, silver or gold,clad with platinum, not further worked than semi-manufactured.;Total Exports;Quantity;United Republic of Tanzania;European Union All Countries
Sep 2021;150;2601 - Iron ores and concentrates, including roasted iron pyrites.;Total Exports;Net Weight(Kg);United Republic of Tanzania;SADC
Sep 2021;150;26011100 - Iron ores and concentrates, including roasted iron pyrites. - Iron ores and concentrates, other than roasted iron pyrites: -- Non-agglomerated;Total Exports;Net Weight(Kg);United Republic of Tanzania;SADC
Sep 2021;150;2601 - Iron ores and concentrates, including roasted iron pyrites.;Total Exports;Quantity;United Republic of Tanzania;SADC
Sep 2021;150;26011100 - Iron ores and concentrates, including roasted iron pyrites. - Iron ores and concentrates, other than roasted iron pyrites: -- Non-agglomerated;Total Exports;Quantity;United Republic of Tanzania;SADC
Apr 2020;154;26 - Ores, slag and ash.;Total Imports;Net Weight(Kg);Kenya;European Union All Countries
Apr 2020;154;2616 - Precious metal ores and concentrates.;Total Imports;Net Weight(Kg);Kenya;European Union All Countries
Apr 2020;154;26 - Ores, slag and ash.;Total Imports;Quantity;Kenya;European Union All Countries
Apr 2020;154;2616 - Precious metal ores and concentrates.;Total Imports;Quantity;Kenya;European Union All Countries
Jun 2025;160;2603 - Copper ores and concentrates.;Total Exports;Net Weight(Kg);DR Congo;European Union All Countries
Oct 2024;169;7108 - Gold (including gold plated with platinum) unwrought or in semi-manufactured forms, or in powder form.;Total Exports;Net Weight(Kg);Uganda;ASEAN
Oct 2024;169;71081300 - Gold (including gold plated with platinum) unwrought or in semi-manufactured forms, or in powder form.- Non-monetary:-- Other semi-manufactured forms;Total Exports;Net Weight(Kg);Uganda;ASEAN
Jul 2020;170;7106 - Silver (including silver plated with gold or platinum), unwrought or in semi-manufactured forms, or in powder form.;Total Imports;Net Weight(Kg);United Republic of Tanzania;European Union All Countries
Jul 2020;170;71069200 - Silver (including silver plated with gold or platinum), unwrought or in semi-manufactured forms, or in powder form.- Other:-- Semi-manufactured;Total Imports;Net Weight(Kg);United Republic of Tanzania;European Union All Countries
Jul 2025;170;2603 - Copper ores and concentrates.;Total Imports;Quantity;DR Congo;European Union All Countries
Jul 2020;170;7106 - Silver (including silver plated with gold or platinum), unwrought or in semi-manufactured forms, or in powder form.;Total Imports;Quantity;United Republic of Tanzania;European Union All Countries
Jul 2020;170;71069200 - Silver (including silver plated with gold or platinum), unwrought or in semi-manufactured forms, or in powder form.- Other:-- Semi-manufactured;Total Imports;Quantity;United Republic of Tanzania;European Union All Countries
Feb 2024;171;2504 - Natural graphite.;Total Exports;Net Weight(Kg);United Republic of Tanzania;SADC
Feb 2024;171;2504 - Natural graphite.;Total Exports;Quantity;United Republic of Tanzania;SADC
Feb 2024;176;26 - Ores, slag and ash.;Total Exports;Net Weight(Kg);United Republic of Tanzania;SADC
Feb 2024;176;2614 - Titanium ores and concentrates.;Total Exports;Net Weight(Kg);United Republic of Tanzania;SADC
Feb 2024;176;26 - Ores, slag and ash.;Total Exports;Quantity;United Republic of Tanzania;SADC
Feb 2024;176;2614 - Titanium ores and concentrates.;Total Exports;Quantity;United Republic of Tanzania;SADC
Sep 2021;177;2603 - Copper ores and concentrates.;Total Exports;Net Weight(Kg);United Republic of Tanzania;SADC
Sep 2021;177;2603 - Copper ores and concentrates.;Total Exports;Quantity;United Republic of Tanzania;SADC
Sep 2020;180;26 - Ores, slag and ash.;Total Imports;CIF Value (US$);United Republic of Tanzania;European Union All Countries
Sep 2020;180;2616 - Precious metal ores and concentrates.;Total Imports;CIF Value (US$);United Republic of Tanzania;European Union All Countries
Feb 2025;180;2504 - Natural graphite.;Total Imports;Net Weight(Kg);Uganda;SADC
Feb 2025;180;2504 - Natural graphite.;Total Imports;Quantity;Uganda;SADC
Nov 2024;183;26 - Ores, slag and ash.;Total Exports;Net Weight(Kg);United Republic of Tanzania;SADC
Nov 2024;183;2603 - Copper ores and concentrates.;Total Exports;Net Weight(Kg);United Republic of Tanzania;SADC
Nov 2024;183;26 - Ores, slag and ash.;Total Exports;Quantity;United Republic of Tanzania;SADC
Nov 2024;183;2603 - Copper ores and concentrates.;Total Exports;Quantity;United Republic of Tanzania;SADC
Jun 2024;185;7106 - Silver (including silver plated with gold or platinum), unwrought or in semi-manufactured forms, or in powder form.;Total Exports;Net Weight(Kg);Uganda;European Union All Countries
Jun 2024;185;71069100 - Silver (including silver plated with gold or platinum), unwrought or in semi-manufactured forms, or in powder form.- Other:-- Unwrought;Total Exports;Net Weight(Kg);Uganda;European Union All Countries
Jun 2023;190;2504 - Natural graphite.;Total Imports;Net Weight(Kg);DR Congo;SADC
Sep 2024;190;7106 - Silver (including silver plated with gold or platinum), unwrought or in semi-manufactured forms, or in powder form.;Total Exports;Net Weight(Kg);Uganda;European Union All Countries
Sep 2024;190;71069100 - Silver (including silver plated with gold or platinum), unwrought or in semi-manufactured forms, or in powder form.- Other:-- Unwrought;Total Exports;Net Weight(Kg);Uganda;European Union All Countries
May 2024;195;7106 - Silver (including silver plated with gold or platinum), unwrought or in semi-manufactured forms, or in powder form.;Total Exports;Net Weight(Kg);Uganda;European Union All Countries
Feb 2025;195;7106 - Silver (including silver plated with gold or platinum), unwrought or in semi-manufactured forms, or in powder form.;Total Exports;Net Weight(Kg);Uganda;European Union All Countries
May 2024;195;71069100 - Silver (including silver plated with gold or platinum), unwrought or in semi-manufactured forms, or in powder form.- Other:-- Unwrought;Total Exports;Net Weight(Kg);Uganda;European Union All Countries
Feb 2025;195;71069100 - Silver (including silver plated with gold or platinum), unwrought or in semi-manufactured forms, or in powder form.- Other:-- Unwrought;Total Exports;Net Weight(Kg);Uganda;European Union All Countries
Jun 2021;200;26 - Ores, slag and ash.;Total Exports;FOB Value (US$);United Republic of Tanzania;European Union All Countries
Jun 2021;200;2601 - Iron ores and concentrates, including roasted iron pyrites.;Total Exports;FOB Value (US$);United Republic of Tanzania;European Union All Countries
Jun 2021;200;26011100 - Iron ores and concentrates, including roasted iron pyrites. - Iron ores and concentrates, other than roasted iron pyrites: -- Non-agglomerated;Total Exports;FOB Value (US$);United Republic of Tanzania;European Union All Countries
Sep 2025;200;7108 - Gold (including gold plated with platinum) unwrought or in semi-manufactured forms, or in powder form.;Total Exports;FOB Value (US$);United Republic of Tanzania;European Union All Countries
Sep 2025;200;71081200 - Gold (including gold plated with platinum) unwrought or in semi-manufactured forms, or in powder form.- Non-monetary:-- Other unwrought forms;Total Exports;FOB Value (US$);United Republic of Tanzania;European Union All Countries
Aug 2020;200;26 - Ores, slag and ash.;Total Exports;Net Weight(Kg);Rwanda;SADC
Oct 2021;200;26 - Ores, slag and ash.;Total Imports;Net Weight(Kg);Uganda;SADC
Apr 2021;200;2609 - Tin ores and concentrates.;Total Exports;Net Weight(Kg);DR Congo;SADC
Aug 2020;200;2609 - Tin ores and concentrates.;Total Exports;Net Weight(Kg);Rwanda;SADC
Nov 2020;200;7106 - Silver (including silver plated with gold or platinum), unwrought or in semi-manufactured forms, or in powder form.;Total Imports;Net Weight(Kg);Kenya;European Union All Countries
Apr 2022;200;7106 - Silver (including silver plated with gold or platinum), unwrought or in semi-manufactured forms, or in powder form.;Total Imports;Net Weight(Kg);Kenya;European Union All Countries
Nov 2020;200;71069200 - Silver (including silver plated with gold or platinum), unwrought or in semi-manufactured forms, or in powder form.- Other:-- Semi-manufactured;Total Imports;Net Weight(Kg);Kenya;European Union All Countries
Apr 2022;200;71069200 - Silver (including silver plated with gold or platinum), unwrought or in semi-manufactured forms, or in powder form.- Other:-- Semi-manufactured;Total Imports;Net Weight(Kg);Kenya;European Union All Countries
Mar 2022;200;7110 - Platinum, unwrought or in semi-manufactured forms, or in powder form.;Total Imports;Net Weight(Kg);United Republic of Tanzania;SADC
Aug 2020;200;26 - Ores, slag and ash.;Total Exports;Quantity;Rwanda;SADC
Aug 2020;200;2609 - Tin ores and concentrates.;Total Exports;Quantity;Rwanda;SADC
Mar 2022;200;7110 - Platinum, unwrought or in semi-manufactured forms, or in powder form.;Total Imports;Quantity;United Republic of Tanzania;SADC
Aug 2022;203;2504 - Natural graphite.;Total Exports;Net Weight(Kg);United Republic of Tanzania;SADC
Aug 2022;203;2504 - Natural graphite.;Total Exports;Quantity;United Republic of Tanzania;SADC
Nov 2024;220;7111 - Base metals, silver or gold,clad with platinum, not further worked than semi-manufactured.;Total Imports;Net Weight(Kg);United Republic of Tanzania;ASEAN
Jan 2022;220;26 - Ores, slag and ash.;Total Exports;Quantity;DR Congo;SADC
Nov 2024;220;7111 - Base metals, silver or gold,clad with platinum, not further worked than semi-manufactured.;Total Imports;Quantity;United Republic of Tanzania;ASEAN
Jun 2023;230;26 - Ores, slag and ash.;Total Exports;FOB Value (US$);United Republic of Tanzania;SADC
Jun 2023;230;2603 - Copper ores and concentrates.;Total Exports;FOB Value (US$);United Republic of Tanzania;SADC
Jun 2024;230;26 - Ores, slag and ash.;Total Exports;Net Weight(Kg);DR Congo;SADC
Jun 2024;230;2603 - Copper ores and concentrates.;Total Exports;Net Weight(Kg);DR Congo;SADC
Jul 2025;230;26 - Ores, slag and ash.;Total Imports;Quantity;DR Congo;European Union All Countries
Jun 2022;231;7108 - Gold (including gold plated with platinum) unwrought or in semi-manufactured forms, or in powder form.;Total Exports;Net Weight(Kg);United Republic of Tanzania;European Union All Countries
Jun 2022;231;71081200 - Gold (including gold plated with platinum) unwrought or in semi-manufactured forms, or in powder form.- Non-monetary:-- Other unwrought forms;Total Exports;Net Weight(Kg);United Republic of Tanzania;European Union All Countries
Jun 2022;231;7108 - Gold (including gold plated with platinum) unwrought or in semi-manufactured forms, or in powder form.;Total Exports;Quantity;United Republic of Tanzania;European Union All Countries
Jun 2022;231;71081200 - Gold (including gold plated with platinum) unwrought or in semi-manufactured forms, or in powder form.- Non-monetary:-- Other unwrought forms;Total Exports;Quantity;United Republic of Tanzania;European Union All Countries
Feb 2022;232;7108 - Gold (including gold plated with platinum) unwrought or in semi-manufactured forms, or in powder form.;Total Exports;Net Weight(Kg);United Republic of Tanzania;European Union All Countries
Feb 2022;232;71081200 - Gold (including gold plated with platinum) unwrought or in semi-manufactured forms, or in powder form.- Non-monetary:-- Other unwrought forms;Total Exports;Net Weight(Kg);United Republic of Tanzania;European Union All Countries
Feb 2022;232;7108 - Gold (including gold plated with platinum) unwrought or in semi-manufactured forms, or in powder form.;Total Exports;Quantity;United Republic of Tanzania;European Union All Countries
Feb 2022;232;71081200 - Gold (including gold plated with platinum) unwrought or in semi-manufactured forms, or in powder form.- Non-monetary:-- Other unwrought forms;Total Exports;Quantity;United Republic of Tanzania;European Union All Countries
Sep 2025;240;2603 - Copper ores and concentrates.;Total Imports;Quantity;DR Congo;ASEAN
Mar 2025;245;2603 - Copper ores and concentrates.;Total Exports;Net Weight(Kg);DR Congo;European Union All Countries
Dec 2024;250;2504 - Natural graphite.;Total Imports;Net Weight(Kg);DR Congo;SADC
May 2022;250;26 - Ores, slag and ash.;Total Imports;Net Weight(Kg);United Republic of Tanzania;European Union All Countries
May 2022;250;26 - Ores, slag and ash.;Total Imports;Quantity;United Republic of Tanzania;European Union All Countries
Oct 2022;260;7106 - Silver (including silver plated with gold or platinum), unwrought or in semi-manufactured forms, or in powder form.;Total Imports;Net Weight(Kg);Kenya;European Union All Countries
Oct 2022;260;71069200 - Silver (including silver plated with gold or platinum), unwrought or in semi-manufactured forms, or in powder form.- Other:-- Semi-manufactured;Total Imports;Net Weight(Kg);Kenya;European Union All Countries
Apr 2020;260;7108 - Gold (including gold plated with platinum) unwrought or in semi-manufactured forms, or in powder form.;Total Imports;Net Weight(Kg);Rwanda;SADC
Apr 2020;260;71081200 - Gold (including gold plated with platinum) unwrought or in semi-manufactured forms, or in powder form.- Non-monetary:-- Other unwrought forms;Total Imports;Net Weight(Kg);Rwanda;SADC
Mar 2022;260;7111 - Base metals, silver or gold,clad with platinum, not further worked than semi-manufactured.;Total Imports;Net Weight(Kg);United Republic of Tanzania;European Union All Countries
Mar 2022;260;7111 - Base metals, silver or gold,clad with platinum, not further worked than semi-manufactured.;Total Imports;Quantity;United Republic of Tanzania;European Union All Countries
Jul 2023;270;2504 - Natural graphite.;Total Imports;Net Weight(Kg);Uganda;SADC
Aug 2024;275;26 - Ores, slag and ash.;Total Exports;Net Weight(Kg);DR Congo;SADC
Aug 2024;275;2603 - Copper ores and concentrates.;Total Exports;Net Weight(Kg);DR Congo;SADC
Apr 2020;280;7106 - Silver (including silver plated with gold or platinum), unwrought or in semi-manufactured forms, or in powder form.;Total Imports;Net Weight(Kg);DR Congo;SADC
Apr 2020;280;71069100 - Silver (including silver plated with gold or platinum), unwrought or in semi-manufactured forms, or in powder form.- Other:-- Unwrought;Total Imports;Net Weight(Kg);DR Congo;SADC
Sep 2025;280;7108 - Gold (including gold plated with platinum) unwrought or in semi-manufactured forms, or in powder form.;Total Imports;Quantity;DR Congo;SADC
Sep 2025;280;71081200 - Gold (including gold plated with platinum) unwrought or in semi-manufactured forms, or in powder form.- Non-monetary:-- Other unwrought forms;Total Imports;Quantity;DR Congo;SADC
Jun 2025;294;26 - Ores, slag and ash.;Total Imports;Net Weight(Kg);Kenya;European Union All Countries
Jun 2025;294;26 - Ores, slag and ash.;Total Imports;Quantity;Kenya;European Union All Countries
Jan 2022;300;26 - Ores, slag and ash.;Total Exports;FOB Value (US$);United Republic of Tanzania;European Union All Countries
Jan 2022;300;2603 - Copper ores and concentrates.;Total Exports;FOB Value (US$);United Republic of Tanzania;European Union All Countries
May 2021;300;26 - Ores, slag and ash.;Total Imports;Net Weight(Kg);Kenya;European Union All Countries
May 2021;300;26 - Ores, slag and ash.;Total Imports;Quantity;Kenya;European Union All Countries
Nov 2021;300;2609 - Tin ores and concentrates.;Total Exports;Quantity;DR Congo;SADC
Jun 2022;314;26 - Ores, slag and ash.;Total Exports;Net Weight(Kg);United Republic of Tanzania;SADC
Jun 2022;314;2614 - Titanium ores and concentrates.;Total Exports;Net Weight(Kg);United Republic of Tanzania;SADC
Jun 2022;314;26 - Ores, slag and ash.;Total Exports;Quantity;United Republic of Tanzania;SADC
Jun 2022;314;2614 - Titanium ores and concentrates.;Total Exports;Quantity;United Republic of Tanzania;SADC
Jul 2024;330;26 - Ores, slag and ash.;Total Exports;Net Weight(Kg);DR Congo;European Union All Countries
Jul 2024;330;2603 - Copper ores and concentrates.;Total Exports;Net Weight(Kg);DR Congo;European Union All Countries
Aug 2024;340;26 - Ores, slag and ash.;Total Imports;Net Weight(Kg);Kenya;European Union All Countries
Apr 2024;340;7106 - Silver (including silver plated with gold or platinum), unwrought or in semi-manufactured forms, or in powder form.;Total Exports;Net Weight(Kg);Uganda;European Union All Countries
Apr 2024;340;71069100 - Silver (including silver plated with gold or platinum), unwrought or in semi-manufactured forms, or in powder form.- Other:-- Unwrought;Total Exports;Net Weight(Kg);Uganda;European Union All Countries
Aug 2024;340;26 - Ores, slag and ash.;Total Imports;Quantity;Kenya;European Union All Countries
Jan 2022;344;2603 - Copper ores and concentrates.;Total Exports;Net Weight(Kg);United Republic of Tanzania;SADC
May 2024;360;26 - Ores, slag and ash.;Total Exports;Quantity;Uganda;SADC
Aug 2020;361;2504 - Natural graphite.;Total Exports;Net Weight(Kg);United Republic of Tanzania;European Union All Countries
Aug 2020;361;2504 - Natural graphite.;Total Exports;Quantity;United Republic of Tanzania;European Union All Countries
Jan 2022;364;26 - Ores, slag and ash.;Total Exports;Net Weight(Kg);United Republic of Tanzania;SADC
Apr 2025;369;26 - Ores, slag and ash.;Total Exports;Net Weight(Kg);United Republic of Tanzania;SADC
Apr 2025;369;2603 - Copper ores and concentrates.;Total Exports;Net Weight(Kg);United Republic of Tanzania;SADC
Apr 2025;369;26 - Ores, slag and ash.;Total Exports;Quantity;United Republic of Tanzania;SADC
Apr 2025;369;2603 - Copper ores and concentrates.;Total Exports;Quantity;United Republic of Tanzania;SADC
Nov 2024;370;26 - Ores, slag and ash.;Total Exports;FOB Value (US$);United Republic of Tanzania;SADC
Nov 2024;370;2603 - Copper ores and concentrates.;Total Exports;FOB Value (US$);United Republic of Tanzania;SADC
Aug 2021;370;2616 - Precious metal ores and concentrates.;Total Imports;Net Weight(Kg);Kenya;SADC
Aug 2021;370;2616 - Precious metal ores and concentrates.;Total Imports;Quantity;Kenya;SADC
Mar 2023;380;7108 - Gold (including gold plated with platinum) unwrought or in semi-manufactured forms, or in powder form.;Total Imports;Net Weight(Kg);Uganda;SADC
Mar 2023;380;71081300 - Gold (including gold plated with platinum) unwrought or in semi-manufactured forms, or in powder form.- Non-monetary:-- Other semi-manufactured forms;Total Imports;Net Weight(Kg);Uganda;SADC
Feb 2025;390;26 - Ores, slag and ash.;Total Imports;CIF Value (US$);Uganda;SADC
Jun 2024;391;7108 - Gold (including gold plated with platinum) unwrought or in semi-manufactured forms, or in powder form.;Total Exports;Net Weight(Kg);United Republic of Tanzania;European Union All Countries
Jun 2024;391;71081200 - Gold (including gold plated with platinum) unwrought or in semi-manufactured forms, or in powder form.- Non-monetary:-- Other unwrought forms;Total Exports;Net Weight(Kg);United Republic of Tanzania;European Union All Countries
Jun 2024;391;7108 - Gold (including gold plated with platinum) unwrought or in semi-manufactured forms, or in powder form.;Total Exports;Quantity;United Republic of Tanzania;European Union All Countries
Jun 2024;391;71081200 - Gold (including gold plated with platinum) unwrought or in semi-manufactured forms, or in powder form.- Non-monetary:-- Other unwrought forms;Total Exports;Quantity;United Republic of Tanzania;European Union All Countries
Mar 2025;396;2614 - Titanium ores and concentrates.;Total Imports;Net Weight(Kg);United Republic of Tanzania;SADC
Mar 2025;396;2614 - Titanium ores and concentrates.;Total Imports;Quantity;United Republic of Tanzania;SADC
May 2025;400;2504 - Natural graphite.;Total Exports;Net Weight(Kg);Uganda;SADC
May 2025;400;2504 - Natural graphite.;Total Exports;Quantity;Uganda;SADC
Jul 2025;400;2609 - Tin ores and concentrates.;Total Imports;Quantity;DR Congo;SADC
Jul 2025;400;7108 - Gold (including gold plated with platinum) unwrought or in semi-manufactured forms, or in powder form.;Total Imports;Quantity;Rwanda;European Union All Countries
Jul 2025;400;71081200 - Gold (including gold plated with platinum) unwrought or in semi-manufactured forms, or in powder form.- Non-monetary:-- Other unwrought forms;Total Imports;Quantity;Rwanda;European Union All Countries
Sep 2023;405;26 - Ores, slag and ash.;Total Exports;Net Weight(Kg);United Republic of Tanzania;SADC
Sep 2023;405;26 - Ores, slag and ash.;Total Exports;Quantity;United Republic of Tanzania;SADC
Dec 2021;406;7108 - Gold (including gold plated with platinum) unwrought or in semi-manufactured forms, or in powder form.;Total Exports;Net Weight(Kg);Kenya;European Union All Countries
Dec 2021;406;71081200 - Gold (including gold plated with platinum) unwrought or in semi-manufactured forms, or in powder form.- Non-monetary:-- Other unwrought forms;Total Exports;Net Weight(Kg);Kenya;European Union All Countries
Aug 2025;410;7108 - Gold (including gold plated with platinum) unwrought or in semi-manufactured forms, or in powder form.;Total Exports;Net Weight(Kg);Uganda;SADC
Aug 2025;410;71081200 - Gold (including gold plated with platinum) unwrought or in semi-manufactured forms, or in powder form.- Non-monetary:-- Other unwrought forms;Total Exports;Net Weight(Kg);Uganda;SADC
Oct 2021;410;26 - Ores, slag and ash.;Total Exports;Quantity;DR Congo;European Union All Countries
Aug 2025;410;7108 - Gold (including gold plated with platinum) unwrought or in semi-manufactured forms, or in powder form.;Total Exports;Quantity;Uganda;SADC
Aug 2025;410;71081200 - Gold (including gold plated with platinum) unwrought or in semi-manufactured forms, or in powder form.- Non-monetary:-- Other unwrought forms;Total Exports;Quantity;Uganda;SADC
May 2025;420;2603 - Copper ores and concentrates.;Total Exports;Net Weight(Kg);DR Congo;European Union All Countries
Jun 2021;427;2504 - Natural graphite.;Total Imports;Net Weight(Kg);Kenya;European Union All Countries
Jun 2021;427;2504 - Natural graphite.;Total Imports;Quantity;Kenya;European Union All Countries
Jan 2021;430;7111 - Base metals, silver or gold,clad with platinum, not further worked than semi-manufactured.;Total Imports;Net Weight(Kg);United Republic of Tanzania;ASEAN
Jan 2021;430;7111 - Base metals, silver or gold,clad with platinum, not further worked than semi-manufactured.;Total Imports;Quantity;United Republic of Tanzania;ASEAN
Oct 2024;450;26 - Ores, slag and ash.;Total Exports;Net Weight(Kg);DR Congo;European Union All Countries
Oct 2024;450;2603 - Copper ores and concentrates.;Total Exports;Net Weight(Kg);DR Congo;European Union All Countries
Sep 2024;452;26 - Ores, slag and ash.;Total Exports;Net Weight(Kg);United Republic of Tanzania;SADC
Sep 2024;452;2601 - Iron ores and concentrates, including roasted iron pyrites.;Total Exports;Net Weight(Kg);United Republic of Tanzania;SADC
Sep 2024;452;26011200 - Iron ores and concentrates, including roasted iron pyrites. - Iron ores and concentrates, other than roasted iron pyrites: -- Agglomerated;Total Exports;Net Weight(Kg);United Republic of Tanzania;SADC
Sep 2024;452;26 - Ores, slag and ash.;Total Exports;Quantity;United Republic of Tanzania;SADC
Sep 2024;452;2601 - Iron ores and concentrates, including roasted iron pyrites.;Total Exports;Quantity;United Republic of Tanzania;SADC
Sep 2024;452;26011200 - Iron ores and concentrates, including roasted iron pyrites. - Iron ores and concentrates, other than roasted iron pyrites: -- Agglomerated;Total Exports;Quantity;United Republic of Tanzania;SADC
Sep 2025;460;7108 - Gold (including gold plated with platinum) unwrought or in semi-manufactured forms, or in powder form.;Total Imports;Net Weight(Kg);Rwanda;SADC
Sep 2025;460;71081200 - Gold (including gold plated with platinum) unwrought or in semi-manufactured forms, or in powder form.- Non-monetary:-- Other unwrought forms;Total Imports;Net Weight(Kg);Rwanda;SADC
Dec 2023;461;7108 - Gold (including gold plated with platinum) unwrought or in semi-manufactured forms, or in powder form.;Total Exports;Net Weight(Kg);Uganda;European Union All Countries
Dec 2023;461;71081300 - Gold (including gold plated with platinum) unwrought or in semi-manufactured forms, or in powder form.- Non-monetary:-- Other semi-manufactured forms;Total Exports;Net Weight(Kg);Uganda;European Union All Countries
Aug 2020;500;2504 - Natural graphite.;Total Exports;FOB Value (US$);United Republic of Tanzania;European Union All Countries
Jul 2022;500;2504 - Natural graphite.;Total Imports;Net Weight(Kg);Kenya;SADC
Aug 2025;500;26 - Ores, slag and ash.;Total Imports;Net Weight(Kg);Kenya;European Union All Countries
Jan 2025;500;26 - Ores, slag and ash.;Total Imports;Net Weight(Kg);Rwanda;European Union All Countries
Jul 2025;500;2601 - Iron ores and concentrates, including roasted iron pyrites.;Total Exports;Net Weight(Kg);United Republic of Tanzania;European Union All Countries
Jul 2025;500;26011200 - Iron ores and concentrates, including roasted iron pyrites. - Iron ores and concentrates, other than roasted iron pyrites: -- Agglomerated;Total Exports;Net Weight(Kg);United Republic of Tanzania;European Union All Countries
Jan 2025;500;2609 - Tin ores and concentrates.;Total Imports;Net Weight(Kg);Rwanda;European Union All Countries
Jul 2025;500;7108 - Gold (including gold plated with platinum) unwrought or in semi-manufactured forms, or in powder form.;Total Exports;Net Weight(Kg);DR Congo;European Union All Countries
Nov 2024;500;7108 - Gold (including gold plated with platinum) unwrought or in semi-manufactured forms, or in powder form.;Total Exports;Net Weight(Kg);Uganda;SADC
Dec 2024;500;7108 - Gold (including gold plated with platinum) unwrought or in semi-manufactured forms, or in powder form.;Total Exports;Net Weight(Kg);Uganda;SADC
Jul 2025;500;71081200 - Gold (including gold plated with platinum) unwrought or in semi-manufactured forms, or in powder form.- Non-monetary:-- Other unwrought forms;Total Exports;Net Weight(Kg);DR Congo;European Union All Countries
Nov 2024;500;71081300 - Gold (including gold plated with platinum) unwrought or in semi-manufactured forms, or in powder form.- Non-monetary:-- Other semi-manufactured forms;Total Exports;Net Weight(Kg);Uganda;SADC
Dec 2024;500;71081300 - Gold (including gold plated with platinum) unwrought or in semi-manufactured forms, or in powder form.- Non-monetary:-- Other semi-manufactured forms;Total Exports;Net Weight(Kg);Uganda;SADC
Jul 2022;500;2504 - Natural graphite.;Total Imports;Quantity;Kenya;SADC
May 2023;500;2504 - Natural graphite.;Total Imports;Quantity;Uganda;European Union All Countries
Aug 2025;500;26 - Ores, slag and ash.;Total Imports;Quantity;Kenya;European Union All Countries
Jan 2025;500;26 - Ores, slag and ash.;Total Imports;Quantity;Rwanda;European Union All Countries
Jul 2025;500;2601 - Iron ores and concentrates, including roasted iron pyrites.;Total Exports;Quantity;United Republic of Tanzania;European Union All Countries
Jul 2025;500;26011200 - Iron ores and concentrates, including roasted iron pyrites. - Iron ores and concentrates, other than roasted iron pyrites: -- Agglomerated;Total Exports;Quantity;United Republic of Tanzania;European Union All Countries
Jan 2025;500;2609 - Tin ores and concentrates.;Total Imports;Quantity;Rwanda;European Union All Countries
Dec 2021;570;26 - Ores, slag and ash.;Total Exports;Net Weight(Kg);DR Congo;European Union All Countries
Jan 2023;580;26 - Ores, slag and ash.;Total Exports;Net Weight(Kg);DR Congo;European Union All Countries
Mar 2023;580;2601 - Iron ores and concentrates, including roasted iron pyrites.;Total Exports;Net Weight(Kg);DR Congo;SADC
Mar 2023;580;26011200 - Iron ores and concentrates, including roasted iron pyrites. - Iron ores and concentrates, other than roasted iron pyrites: -- Agglomerated;Total Exports;Net Weight(Kg);DR Congo;SADC
Jun 2023;590;2603 - Copper ores and concentrates.;Total Exports;Net Weight(Kg);DR Congo;European Union All Countries
Aug 2025;600;7108 - Gold (including gold plated with platinum) unwrought or in semi-manufactured forms, or in powder form.;Total Imports;CIF Value (US$);Uganda;European Union All Countries
Aug 2025;600;71081300 - Gold (including gold plated with platinum) unwrought or in semi-manufactured forms, or in powder form.- Non-monetary:-- Other semi-manufactured forms;Total Imports;CIF Value (US$);Uganda;European Union All Countries
Sep 2023;600;2504 - Natural graphite.;Total Exports;Net Weight(Kg);Rwanda;SADC
Oct 2024;600;26 - Ores, slag and ash.;Total Imports;Net Weight(Kg);Kenya;European Union All Countries
May 2025;600;26 - Ores, slag and ash.;Total Imports;Net Weight(Kg);Kenya;European Union All Countries
Nov 2022;600;26 - Ores, slag and ash.;Total Imports;Net Weight(Kg);Uganda;SADC
May 2025;600;2606 - Aluminium ores and concentrates.;Total Imports;Net Weight(Kg);Kenya;European Union All Countries
Nov 2022;600;2608 - Zinc ores and concentrates.;Total Imports;Net Weight(Kg);Uganda;SADC
Nov 2022;600;7108 - Gold (including gold plated with platinum) unwrought or in semi-manufactured forms, or in powder form.;Total Exports;Net Weight(Kg);United Republic of Tanzania;European Union All Countries
Nov 2022;600;71081200 - Gold (including gold plated with platinum) unwrought or in semi-manufactured forms, or in powder form.- Non-monetary:-- Other unwrought forms;Total Exports;Net Weight(Kg);United Republic of Tanzania;European Union All Countries
Sep 2023;600;2504 - Natural graphite.;Total Exports;Quantity;Rwanda;SADC
Apr 2023;600;26 - Ores, slag and ash.;Total Exports;Quantity;DR Congo;European Union All Countries
Oct 2024;600;26 - Ores, slag and ash.;Total Imports;Quantity;Kenya;European Union All Countries
May 2025;600;26 - Ores, slag and ash.;Total Imports;Quantity;Kenya;European Union All Countries
Nov 2022;600;26 - Ores, slag and ash.;Total Imports;Quantity;Uganda;SADC
May 2025;600;2606 - Aluminium ores and concentrates.;Total Imports;Quantity;Kenya;European Union All Countries
Nov 2022;600;2608 - Zinc ores and concentrates.;Total Imports;Quantity;Uganda;SADC
Nov 2022;600;7108 - Gold (including gold plated with platinum) unwrought or in semi-manufactured forms, or in powder form.;Total Exports;Quantity;United Republic of Tanzania;European Union All Countries
Nov 2022;600;71081200 - Gold (including gold plated with platinum) unwrought or in semi-manufactured forms, or in powder form.- Non-monetary:-- Other unwrought forms;Total Exports;Quantity;United Republic of Tanzania;European Union All Countries
Aug 2022;610;2607 - Lead ores and concentrates.;Total Exports;Net Weight(Kg);Kenya;European Union All Countries
Aug 2022;610;2607 - Lead ores and concentrates.;Total Exports;Quantity;Kenya;European Union All Countries
Jan 2020;651;71081200 - Gold (including gold plated with platinum) unwrought or in semi-manufactured forms, or in powder form.- Non-monetary:-- Other unwrought forms;Total Imports;Net Weight(Kg);Uganda;SADC
Oct 2024;655;7108 - Gold (including gold plated with platinum) unwrought or in semi-manufactured forms, or in powder form.;Total Exports;Net Weight(Kg);United Republic of Tanzania;European Union All Countries
Oct 2024;655;71081200 - Gold (including gold plated with platinum) unwrought or in semi-manufactured forms, or in powder form.- Non-monetary:-- Other unwrought forms;Total Exports;Net Weight(Kg);United Republic of Tanzania;European Union All Countries
Oct 2024;655;7108 - Gold (including gold plated with platinum) unwrought or in semi-manufactured forms, or in powder form.;Total Exports;Quantity;United Republic of Tanzania;European Union All Countries
Oct 2024;655;71081200 - Gold (including gold plated with platinum) unwrought or in semi-manufactured forms, or in powder form.- Non-monetary:-- Other unwrought forms;Total Exports;Quantity;United Republic of Tanzania;European Union All Countries
Nov 2022;703;71081200 - Gold (including gold plated with platinum) unwrought or in semi-manufactured forms, or in powder form.- Non-monetary:-- Other unwrought forms;Total Imports;Net Weight(Kg);Uganda;SADC
May 2024;725;26 - Ores, slag and ash.;Total Exports;Net Weight(Kg);DR Congo;European Union All Countries
May 2024;725;2603 - Copper ores and concentrates.;Total Exports;Net Weight(Kg);DR Congo;European Union All Countries
Jan 2025;730;2603 - Copper ores and concentrates.;Total Exports;Net Weight(Kg);DR Congo;European Union All Countries
Feb 2020;739;7108 - Gold (including gold plated with platinum) unwrought or in semi-manufactured forms, or in powder form.;Total Exports;Net Weight(Kg);United Republic of Tanzania;European Union All Countries
Feb 2020;739;71081200 - Gold (including gold plated with platinum) unwrought or in semi-manufactured forms, or in powder form.- Non-monetary:-- Other unwrought forms;Total Exports;Net Weight(Kg);United Republic of Tanzania;European Union All Countries
Feb 2020;739;7108 - Gold (including gold plated with platinum) unwrought or in semi-manufactured forms, or in powder form.;Total Exports;Quantity;United Republic of Tanzania;European Union All Countries
Feb 2020;739;71081200 - Gold (including gold plated with platinum) unwrought or in semi-manufactured forms, or in powder form.- Non-monetary:-- Other unwrought forms;Total Exports;Quantity;United Republic of Tanzania;European Union All Countries
Aug 2025;760;71081200 - Gold (including gold plated with platinum) unwrought or in semi-manufactured forms, or in powder form.- Non-monetary:-- Other unwrought forms;Total Imports;Net Weight(Kg);DR Congo;European Union All Countries
Sep 2021;770;2504 - Natural graphite.;Total Imports;CIF Value (US$);Uganda;SADC
Nov 2024;800;7108 - Gold (including gold plated with platinum) unwrought or in semi-manufactured forms, or in powder form.;Total Exports;Net Weight(Kg);United Republic of Tanzania;European Union All Countries
Nov 2024;800;71081200 - Gold (including gold plated with platinum) unwrought or in semi-manufactured forms, or in powder form.- Non-monetary:-- Other unwrought forms;Total Exports;Net Weight(Kg);United Republic of Tanzania;European Union All Countries
Nov 2024;800;7108 - Gold (including gold plated with platinum) unwrought or in semi-manufactured forms, or in powder form.;Total Exports;Quantity;United Republic of Tanzania;European Union All Countries
Nov 2024;800;71081200 - Gold (including gold plated with platinum) unwrought or in semi-manufactured forms, or in powder form.- Non-monetary:-- Other unwrought forms;Total Exports;Quantity;United Republic of Tanzania;European Union All Countries
Apr 2022;820;7108 - Gold (including gold plated with platinum) unwrought or in semi-manufactured forms, or in powder form.;Total Imports;Net Weight(Kg);Rwanda;SADC
Apr 2022;820;71081200 - Gold (including gold plated with platinum) unwrought or in semi-manufactured forms, or in powder form.- Non-monetary:-- Other unwrought forms;Total Imports;Net Weight(Kg);Rwanda;SADC
Feb 2025;880;2504 - Natural graphite.;Total Imports;CIF Value (US$);Uganda;SADC
Jul 2025;880;26 - Ores, slag and ash.;Total Exports;Quantity;DR Congo;SADC
Sep 2024;940;2504 - Natural graphite.;Total Exports;Net Weight(Kg);United Republic of Tanzania;SADC
Sep 2024;940;2504 - Natural graphite.;Total Exports;Quantity;United Republic of Tanzania;SADC
Dec 2024;960;2603 - Copper ores and concentrates.;Total Exports;Net Weight(Kg);DR Congo;European Union All Countries
Nov 2023;988;26 - Ores, slag and ash.;Total Imports;Net Weight(Kg);Kenya;European Union All Countries
Nov 2023;988;26 - Ores, slag and ash.;Total Imports;Quantity;Kenya;European Union All Countries
Nov 2022;1000;26 - Ores, slag and ash.;Total Imports;CIF Value (US$);Uganda;SADC
Oct 2024;1000;26 - Ores, slag and ash.;Total Imports;CIF Value (US$);Uganda;SADC
Nov 2024;1000;26 - Ores, slag and ash.;Total Imports;CIF Value (US$);Uganda;SADC
Nov 2022;1000;2608 - Zinc ores and concentrates.;Total Imports;CIF Value (US$);Uganda;SADC
Jan 2021;1000;2504 - Natural graphite.;Total Exports;FOB Value (US$);United Republic of Tanzania;European Union All Countries
Jul 2023;1000;2504 - Natural graphite.;Total Exports;FOB Value (US$);United Republic of Tanzania;European Union All Countries
Nov 2023;1000;2504 - Natural graphite.;Total Exports;FOB Value (US$);United Republic of Tanzania;SADC
Feb 2022;1000;26 - Ores, slag and ash.;Total Exports;FOB Value (US$);United Republic of Tanzania;European Union All Countries
Sep 2020;1000;26 - Ores, slag and ash.;Total Exports;FOB Value (US$);United Republic of Tanzania;SADC
Nov 2021;1000;26 - Ores, slag and ash.;Total Exports;FOB Value (US$);United Republic of Tanzania;SADC
Dec 2021;1000;26 - Ores, slag and ash.;Total Exports;FOB Value (US$);United Republic of Tanzania;SADC
Jun 2022;1000;26 - Ores, slag and ash.;Total Exports;FOB Value (US$);United Republic of Tanzania;SADC
Jan 2024;1000;26 - Ores, slag and ash.;Total Exports;FOB Value (US$);United Republic of Tanzania;SADC
Feb 2024;1000;26 - Ores, slag and ash.;Total Exports;FOB Value (US$);United Republic of Tanzania;SADC
Nov 2021;1000;2601 - Iron ores and concentrates, including roasted iron pyrites.;Total Exports;FOB Value (US$);United Republic of Tanzania;SADC
Nov 2021;1000;26011100 - Iron ores and concentrates, including roasted iron pyrites. - Iron ores and concentrates, other than roasted iron pyrites: -- Non-agglomerated;Total Exports;FOB Value (US$);United Republic of Tanzania;SADC
Feb 2022;1000;2603 - Copper ores and concentrates.;Total Exports;FOB Value (US$);United Republic of Tanzania;European Union All Countries
Sep 2020;1000;2603 - Copper ores and concentrates.;Total Exports;FOB Value (US$);United Republic of Tanzania;SADC
Sep 2021;1000;2603 - Copper ores and concentrates.;Total Exports;FOB Value (US$);United Republic of Tanzania;SADC
May 2022;1000;2604 - Nickel ores and concentrates.;Total Exports;FOB Value (US$);United Republic of Tanzania;European Union All Countries
Dec 2021;1000;2604 - Nickel ores and concentrates.;Total Exports;FOB Value (US$);United Republic of Tanzania;SADC
Jan 2022;1000;2604 - Nickel ores and concentrates.;Total Exports;FOB Value (US$);United Republic of Tanzania;SADC
Jul 2020;1000;2607 - Lead ores and concentrates.;Total Exports;FOB Value (US$);United Republic of Tanzania;European Union All Countries
Jul 2020;1000;2608 - Zinc ores and concentrates.;Total Exports;FOB Value (US$);United Republic of Tanzania;SADC
Jun 2022;1000;2614 - Titanium ores and concentrates.;Total Exports;FOB Value (US$);United Republic of Tanzania;SADC
Feb 2024;1000;2614 - Titanium ores and concentrates.;Total Exports;FOB Value (US$);United Republic of Tanzania;SADC
May 2021;1000;2616 - Precious metal ores and concentrates.;Total Exports;FOB Value (US$);United Republic of Tanzania;European Union All Countries
Aug 2022;1000;2616 - Precious metal ores and concentrates.;Total Exports;FOB Value (US$);United Republic of Tanzania;European Union All Countries
Jul 2020;1000;2616 - Precious metal ores and concentrates.;Total Exports;FOB Value (US$);United Republic of Tanzania;SADC
May 2023;1000;26 - Ores, slag and ash.;Total Exports;Net Weight(Kg);Rwanda;SADC
Feb 2025;1000;26 - Ores, slag and ash.;Total Imports;Net Weight(Kg);United Republic of Tanzania;European Union All Countries
Oct 2023;1000;26 - Ores, slag and ash.;Total Imports;Net Weight(Kg);Uganda;European Union All Countries
May 2021;1000;2603 - Copper ores and concentrates.;Total Exports;Net Weight(Kg);DR Congo;European Union All Countries
Feb 2020;1000;7106 - Silver (including silver plated with gold or platinum), unwrought or in semi-manufactured forms, or in powder form.;Total Exports;Net Weight(Kg);Uganda;SADC
May 2025;1000;7106 - Silver (including silver plated with gold or platinum), unwrought or in semi-manufactured forms, or in powder form.;Total Imports;Net Weight(Kg);DR Congo;SADC
Feb 2020;1000;71069200 - Silver (including silver plated with gold or platinum), unwrought or in semi-manufactured forms, or in powder form.- Other:-- Semi-manufactured;Total Exports;Net Weight(Kg);Uganda;SADC
May 2025;1000;71069200 - Silver (including silver plated with gold or platinum), unwrought or in semi-manufactured forms, or in powder form.- Other:-- Semi-manufactured;Total Imports;Net Weight(Kg);DR Congo;SADC
Jan 2020;1000;7110 - Platinum, unwrought or in semi-manufactured forms, or in powder form.;Total Imports;Net Weight(Kg);Rwanda;European Union All Countries
May 2023;1000;26 - Ores, slag and ash.;Total Exports;Quantity;Rwanda;SADC
Feb 2025;1000;26 - Ores, slag and ash.;Total Imports;Quantity;United Republic of Tanzania;European Union All Countries
Oct 2025;1000;2603 - Copper ores and concentrates.;Total Imports;Quantity;DR Congo;European Union All Countries
Sep 2020;1000;7108 - Gold (including gold plated with platinum) unwrought or in semi-manufactured forms, or in powder form.;Total Exports;Quantity;Uganda;ASEAN
Sep 2020;1000;71081200 - Gold (including gold plated with platinum) unwrought or in semi-manufactured forms, or in powder form.- Non-monetary:-- Other unwrought forms;Total Exports;Quantity;Uganda;ASEAN
Jan 2020;1000;7110 - Platinum, unwrought or in semi-manufactured forms, or in powder form.;Total Imports;Quantity;Rwanda;European Union All Countries
Apr 2023;1000;7111 - Base metals, silver or gold,clad with platinum, not further worked than semi-manufactured.;Total Imports;Quantity;Kenya;ASEAN
Apr 2024;1004;7108 - Gold (including gold plated with platinum) unwrought or in semi-manufactured forms, or in powder form.;Total Exports;Net Weight(Kg);United Republic of Tanzania;ASEAN
Apr 2024;1004;71081200 - Gold (including gold plated with platinum) unwrought or in semi-manufactured forms, or in powder form.- Non-monetary:-- Other unwrought forms;Total Exports;Net Weight(Kg);United Republic of Tanzania;ASEAN
Apr 2024;1004;7108 - Gold (including gold plated with platinum) unwrought or in semi-manufactured forms, or in powder form.;Total Exports;Quantity;United Republic of Tanzania;ASEAN
Apr 2024;1004;71081200 - Gold (including gold plated with platinum) unwrought or in semi-manufactured forms, or in powder form.- Non-monetary:-- Other unwrought forms;Total Exports;Quantity;United Republic of Tanzania;ASEAN
Jan 2022;1010;26 - Ores, slag and ash.;Total Exports;FOB Value (US$);United Republic of Tanzania;SADC
Jul 2023;1015;2504 - Natural graphite.;Total Exports;FOB Value (US$);United Republic of Tanzania;SADC
Aug 2023;1030;2603 - Copper ores and concentrates.;Total Exports;Net Weight(Kg);DR Congo;European Union All Countries
Apr 2021;1040;26 - Ores, slag and ash.;Total Imports;CIF Value (US$);United Republic of Tanzania;European Union All Countries
Sep 2021;1040;26 - Ores, slag and ash.;Total Imports;Net Weight(Kg);DR Congo;ASEAN
Sep 2021;1040;2609 - Tin ores and concentrates.;Total Imports;Net Weight(Kg);DR Congo;ASEAN
Sep 2021;1050;26 - Ores, slag and ash.;Total Exports;FOB Value (US$);United Republic of Tanzania;SADC
May 2025;1050;26 - Ores, slag and ash.;Total Exports;Net Weight(Kg);United Republic of Tanzania;European Union All Countries
Jul 2022;1050;26 - Ores, slag and ash.;Total Exports;Net Weight(Kg);Kenya;SADC
Jul 2022;1050;2603 - Copper ores and concentrates.;Total Exports;Net Weight(Kg);Kenya;SADC
May 2025;1050;26 - Ores, slag and ash.;Total Exports;Quantity;United Republic of Tanzania;European Union All Countries
Jul 2022;1050;26 - Ores, slag and ash.;Total Exports;Quantity;Kenya;SADC
Jul 2022;1050;2603 - Copper ores and concentrates.;Total Exports;Quantity;Kenya;SADC
Mar 2020;1057;7108 - Gold (including gold plated with platinum) unwrought or in semi-manufactured forms, or in powder form.;Total Exports;Net Weight(Kg);United Republic of Tanzania;European Union All Countries
Mar 2020;1057;71081200 - Gold (including gold plated with platinum) unwrought or in semi-manufactured forms, or in powder form.- Non-monetary:-- Other unwrought forms;Total Exports;Net Weight(Kg);United Republic of Tanzania;European Union All Countries
Mar 2020;1057;7108 - Gold (including gold plated with platinum) unwrought or in semi-manufactured forms, or in powder form.;Total Exports;Quantity;United Republic of Tanzania;European Union All Countries
Mar 2020;1057;71081200 - Gold (including gold plated with platinum) unwrought or in semi-manufactured forms, or in powder form.- Non-monetary:-- Other unwrought forms;Total Exports;Quantity;United Republic of Tanzania;European Union All Countries
Mar 2022;1060;7108 - Gold (including gold plated with platinum) unwrought or in semi-manufactured forms, or in powder form.;Total Exports;Quantity;Kenya;European Union All Countries
Mar 2022;1060;71081200 - Gold (including gold plated with platinum) unwrought or in semi-manufactured forms, or in powder form.- Non-monetary:-- Other unwrought forms;Total Exports;Quantity;Kenya;European Union All Countries
May 2024;1085;2607 - Lead ores and concentrates.;Total Imports;CIF Value (US$);DR Congo;SADC
Feb 2023;1100;26 - Ores, slag and ash.;Total Exports;Net Weight(Kg);DR Congo;European Union All Countries
Feb 2023;1100;2603 - Copper ores and concentrates.;Total Exports;Net Weight(Kg);DR Congo;European Union All Countries
Feb 2024;1100;2609 - Tin ores and concentrates.;Total Imports;Net Weight(Kg);United Republic of Tanzania;SADC
Feb 2024;1100;2609 - Tin ores and concentrates.;Total Imports;Quantity;United Republic of Tanzania;SADC
May 2022;1103;7106 - Silver (including silver plated with gold or platinum), unwrought or in semi-manufactured forms, or in powder form.;Total Exports;Net Weight(Kg);United Republic of Tanzania;SADC
May 2022;1103;71069100 - Silver (including silver plated with gold or platinum), unwrought or in semi-manufactured forms, or in powder form.- Other:-- Unwrought;Total Exports;Net Weight(Kg);United Republic of Tanzania;SADC
May 2022;1103;7106 - Silver (including silver plated with gold or platinum), unwrought or in semi-manufactured forms, or in powder form.;Total Exports;Quantity;United Republic of Tanzania;SADC
May 2022;1103;71069100 - Silver (including silver plated with gold or platinum), unwrought or in semi-manufactured forms, or in powder form.- Other:-- Unwrought;Total Exports;Quantity;United Republic of Tanzania;SADC
Dec 2021;1110;2604 - Nickel ores and concentrates.;Total Exports;FOB Value (US$);United Republic of Tanzania;European Union All Countries
Aug 2020;1127;26 - Ores, slag and ash.;Total Imports;CIF Value (US$);Uganda;SADC
Aug 2020;1127;2603 - Copper ores and concentrates.;Total Imports;CIF Value (US$);Uganda;SADC
Aug 2025;1150;7108 - Gold (including gold plated with platinum) unwrought or in semi-manufactured forms, or in powder form.;Total Imports;Net Weight(Kg);Rwanda;SADC
Aug 2025;1150;71081200 - Gold (including gold plated with platinum) unwrought or in semi-manufactured forms, or in powder form.- Non-monetary:-- Other unwrought forms;Total Imports;Net Weight(Kg);Rwanda;SADC
Oct 2025;1160;26 - Ores, slag and ash.;Total Exports;Quantity;DR Congo;European Union All Countries
Dec 2021;1200;2603 - Copper ores and concentrates.;Total Exports;Net Weight(Kg);DR Congo;SADC
Dec 2023;1222;2504 - Natural graphite.;Total Exports;Net Weight(Kg);United Republic of Tanzania;SADC
Dec 2023;1222;2504 - Natural graphite.;Total Exports;Quantity;United Republic of Tanzania;SADC
Jul 2023;1250;2504 - Natural graphite.;Total Imports;CIF Value (US$);Uganda;SADC
Apr 2023;1260;26 - Ores, slag and ash.;Total Exports;Net Weight(Kg);DR Congo;European Union All Countries
May 2025;1300;2504 - Natural graphite.;Total Imports;Net Weight(Kg);DR Congo;European Union All Countries
Nov 2022;1303;7108 - Gold (including gold plated with platinum) unwrought or in semi-manufactured forms, or in powder form.;Total Imports;Net Weight(Kg);Uganda;SADC
May 2021;1342;2504 - Natural graphite.;Total Imports;Quantity;Uganda;SADC
May 2021;1342;2504 - Natural graphite.;Re-imports;Quantity;Uganda;SADC
Jun 2024;1422;2504 - Natural graphite.;Total Exports;Net Weight(Kg);United Republic of Tanzania;ASEAN
Jun 2024;1422;2504 - Natural graphite.;Total Exports;Quantity;United Republic of Tanzania;ASEAN
Dec 2021;1435;26 - Ores, slag and ash.;Total Imports;Quantity;Uganda;SADC
Jul 2022;1442;7108 - Gold (including gold plated with platinum) unwrought or in semi-manufactured forms, or in powder form.;Total Exports;Net Weight(Kg);United Republic of Tanzania;European Union All Countries
Jul 2022;1442;71081300 - Gold (including gold plated with platinum) unwrought or in semi-manufactured forms, or in powder form.- Non-monetary:-- Other semi-manufactured forms;Total Exports;Net Weight(Kg);United Republic of Tanzania;European Union All Countries
Jul 2022;1442;7108 - Gold (including gold plated with platinum) unwrought or in semi-manufactured forms, or in powder form.;Total Exports;Quantity;United Republic of Tanzania;European Union All Countries
Jul 2022;1442;71081300 - Gold (including gold plated with platinum) unwrought or in semi-manufactured forms, or in powder form.- Non-monetary:-- Other semi-manufactured forms;Total Exports;Quantity;United Republic of Tanzania;European Union All Countries
Feb 2022;1470;2603 - Copper ores and concentrates.;Total Exports;Net Weight(Kg);DR Congo;European Union All Countries
Sep 2025;1470;2609 - Tin ores and concentrates.;Total Imports;Quantity;DR Congo;SADC
May 2021;1500;2504 - Natural graphite.;Total Imports;CIF Value (US$);Uganda;SADC
May 2021;1500;2504 - Natural graphite.;Re-imports;CIF Value (US$);Uganda;SADC
Feb 2020;1500;2504 - Natural graphite.;Total Exports;Net Weight(Kg);Rwanda;SADC
Nov 2022;1500;26 - Ores, slag and ash.;Total Exports;Net Weight(Kg);DR Congo;European Union All Countries
Feb 2020;1500;2504 - Natural graphite.;Total Exports;Quantity;Rwanda;SADC
Aug 2020;1520;26 - Ores, slag and ash.;Total Imports;Net Weight(Kg);Uganda;SADC
Aug 2020;1520;2603 - Copper ores and concentrates.;Total Imports;Net Weight(Kg);Uganda;SADC
Aug 2020;1520;26 - Ores, slag and ash.;Total Imports;Quantity;Uganda;SADC
Aug 2020;1520;2603 - Copper ores and concentrates.;Total Imports;Quantity;Uganda;SADC
Dec 2021;1550;2609 - Tin ores and concentrates.;Total Exports;Net Weight(Kg);DR Congo;SADC
Jun 2022;1556;7108 - Gold (including gold plated with platinum) unwrought or in semi-manufactured forms, or in powder form.;Total Exports;Net Weight(Kg);Kenya;European Union All Countries
Jun 2022;1556;71081200 - Gold (including gold plated with platinum) unwrought or in semi-manufactured forms, or in powder form.- Non-monetary:-- Other unwrought forms;Total Exports;Net Weight(Kg);Kenya;European Union All Countries
Jun 2022;1556;7108 - Gold (including gold plated with platinum) unwrought or in semi-manufactured forms, or in powder form.;Total Exports;Quantity;Kenya;European Union All Countries
Jun 2022;1556;71081200 - Gold (including gold plated with platinum) unwrought or in semi-manufactured forms, or in powder form.- Non-monetary:-- Other unwrought forms;Total Exports;Quantity;Kenya;European Union All Countries
Mar 2022;1570;26 - Ores, slag and ash.;Total Imports;Net Weight(Kg);DR Congo;SADC
May 2025;1600;26 - Ores, slag and ash.;Total Imports;CIF Value (US$);Uganda;SADC
Jul 2022;1603;7108 - Gold (including gold plated with platinum) unwrought or in semi-manufactured forms, or in powder form.;Total Exports;Net Weight(Kg);Kenya;European Union All Countries
Jul 2022;1603;71081200 - Gold (including gold plated with platinum) unwrought or in semi-manufactured forms, or in powder form.- Non-monetary:-- Other unwrought forms;Total Exports;Net Weight(Kg);Kenya;European Union All Countries
Jul 2022;1603;7108 - Gold (including gold plated with platinum) unwrought or in semi-manufactured forms, or in powder form.;Total Exports;Quantity;Kenya;European Union All Countries
Jul 2022;1603;71081200 - Gold (including gold plated with platinum) unwrought or in semi-manufactured forms, or in powder form.- Non-monetary:-- Other unwrought forms;Total Exports;Quantity;Kenya;European Union All Countries
Apr 2023;1630;71081200 - Gold (including gold plated with platinum) unwrought or in semi-manufactured forms, or in powder form.- Non-monetary:-- Other unwrought forms;Total Imports;Quantity;Uganda;SADC
Mar 2025;1650;26 - Ores, slag and ash.;Total Imports;Net Weight(Kg);Rwanda;European Union All Countries
Mar 2025;1650;2609 - Tin ores and concentrates.;Total Imports;Net Weight(Kg);Rwanda;European Union All Countries
Mar 2025;1650;26 - Ores, slag and ash.;Total Imports;Quantity;Rwanda;European Union All Countries
Mar 2025;1650;2609 - Tin ores and concentrates.;Total Imports;Quantity;Rwanda;European Union All Countries
Sep 2020;1657;26 - Ores, slag and ash.;Total Exports;Net Weight(Kg);United Republic of Tanzania;SADC
Sep 2020;1657;2603 - Copper ores and concentrates.;Total Exports;Net Weight(Kg);United Republic of Tanzania;SADC
Sep 2020;1657;26 - Ores, slag and ash.;Total Exports;Quantity;United Republic of Tanzania;SADC
Sep 2020;1657;2603 - Copper ores and concentrates.;Total Exports;Quantity;United Republic of Tanzania;SADC
Sep 2021;1677;26 - Ores, slag and ash.;Total Exports;Net Weight(Kg);United Republic of Tanzania;SADC
Sep 2021;1677;26 - Ores, slag and ash.;Total Exports;Quantity;United Republic of Tanzania;SADC
Dec 2021;1690;7111 - Base metals, silver or gold,clad with platinum, not further worked than semi-manufactured.;Total Imports;CIF Value (US$);United Republic of Tanzania;European Union All Countries
Mar 2022;1700;7111 - Base metals, silver or gold,clad with platinum, not further worked than semi-manufactured.;Total Imports;CIF Value (US$);United Republic of Tanzania;European Union All Countries
Dec 2024;1758;7108 - Gold (including gold plated with platinum) unwrought or in semi-manufactured forms, or in powder form.;Total Exports;FOB Value (US$);United Republic of Tanzania;ASEAN
Dec 2024;1758;71081200 - Gold (including gold plated with platinum) unwrought or in semi-manufactured forms, or in powder form.- Non-monetary:-- Other unwrought forms;Total Exports;FOB Value (US$);United Republic of Tanzania;ASEAN
May 2020;1790;71081200 - Gold (including gold plated with platinum) unwrought or in semi-manufactured forms, or in powder form.- Non-monetary:-- Other unwrought forms;Total Imports;Net Weight(Kg);Uganda;SADC
Jul 2025;1800;7110 - Platinum, unwrought or in semi-manufactured forms, or in powder form.;Total Exports;Net Weight(Kg);Kenya;SADC
Feb 2025;1845;7108 - Gold (including gold plated with platinum) unwrought or in semi-manufactured forms, or in powder form.;Total Exports;Net Weight(Kg);United Republic of Tanzania;ASEAN
Feb 2025;1845;71081200 - Gold (including gold plated with platinum) unwrought or in semi-manufactured forms, or in powder form.- Non-monetary:-- Other unwrought forms;Total Exports;Net Weight(Kg);United Republic of Tanzania;ASEAN
Feb 2025;1845;7108 - Gold (including gold plated with platinum) unwrought or in semi-manufactured forms, or in powder form.;Total Exports;Quantity;United Republic of Tanzania;ASEAN
Feb 2025;1845;71081200 - Gold (including gold plated with platinum) unwrought or in semi-manufactured forms, or in powder form.- Non-monetary:-- Other unwrought forms;Total Exports;Quantity;United Republic of Tanzania;ASEAN
Feb 2021;1850;7111 - Base metals, silver or gold,clad with platinum, not further worked than semi-manufactured.;Total Imports;CIF Value (US$);United Republic of Tanzania;European Union All Countries
Aug 2025;1850;26 - Ores, slag and ash.;Total Exports;Net Weight(Kg);DR Congo;European Union All Countries
Dec 2021;1918;2504 - Natural graphite.;Total Exports;Quantity;United Republic of Tanzania;SADC
Jan 2021;1920;2504 - Natural graphite.;Total Exports;Net Weight(Kg);United Republic of Tanzania;European Union All Countries
Oct 2021;1920;7108 - Gold (including gold plated with platinum) unwrought or in semi-manufactured forms, or in powder form.;Total Imports;Net Weight(Kg);Rwanda;SADC
Oct 2021;1920;71081200 - Gold (including gold plated with platinum) unwrought or in semi-manufactured forms, or in powder form.- Non-monetary:-- Other unwrought forms;Total Imports;Net Weight(Kg);Rwanda;SADC
Jan 2021;1920;2504 - Natural graphite.;Total Exports;Quantity;United Republic of Tanzania;European Union All Countries
Jun 2021;1966;26 - Ores, slag and ash.;Total Exports;Net Weight(Kg);United Republic of Tanzania;European Union All Countries
Jun 2021;1966;2601 - Iron ores and concentrates, including roasted iron pyrites.;Total Exports;Net Weight(Kg);United Republic of Tanzania;European Union All Countries
Jun 2021;1966;26011100 - Iron ores and concentrates, including roasted iron pyrites. - Iron ores and concentrates, other than roasted iron pyrites: -- Non-agglomerated;Total Exports;Net Weight(Kg);United Republic of Tanzania;European Union All Countries
Jun 2021;1966;26 - Ores, slag and ash.;Total Exports;Quantity;United Republic of Tanzania;European Union All Countries
Jun 2021;1966;2601 - Iron ores and concentrates, including roasted iron pyrites.;Total Exports;Quantity;United Republic of Tanzania;European Union All Countries
Jun 2021;1966;26011100 - Iron ores and concentrates, including roasted iron pyrites. - Iron ores and concentrates, other than roasted iron pyrites: -- Non-agglomerated;Total Exports;Quantity;United Republic of Tanzania;European Union All Countries
Mar 2020;1970;26 - Ores, slag and ash.;Total Imports;CIF Value (US$);United Republic of Tanzania;European Union All Countries
Mar 2020;1970;2601 - Iron ores and concentrates, including roasted iron pyrites.;Total Imports;CIF Value (US$);United Republic of Tanzania;European Union All Countries
Mar 2020;1970;26011200 - Iron ores and concentrates, including roasted iron pyrites. - Iron ores and concentrates, other than roasted iron pyrites: -- Agglomerated;Total Imports;CIF Value (US$);United Republic of Tanzania;European Union All Countries
Feb 2021;1980;7108 - Gold (including gold plated with platinum) unwrought or in semi-manufactured forms, or in powder form.;Total Imports;Net Weight(Kg);Rwanda;SADC
Feb 2021;1980;71081200 - Gold (including gold plated with platinum) unwrought or in semi-manufactured forms, or in powder form.- Non-monetary:-- Other unwrought forms;Total Imports;Net Weight(Kg);Rwanda;SADC
Dec 2021;2000;2504 - Natural graphite.;Total Exports;FOB Value (US$);United Republic of Tanzania;SADC
Jul 2020;2000;26 - Ores, slag and ash.;Total Exports;FOB Value (US$);United Republic of Tanzania;SADC
Mar 2023;2000;26 - Ores, slag and ash.;Total Exports;Net Weight(Kg);United Republic of Tanzania;SADC
Aug 2023;2000;26 - Ores, slag and ash.;Total Exports;Net Weight(Kg);United Republic of Tanzania;SADC
Nov 2021;2000;26 - Ores, slag and ash.;Total Imports;Net Weight(Kg);DR Congo;European Union All Countries
May 2024;2000;26 - Ores, slag and ash.;Total Imports;Net Weight(Kg);Rwanda;SADC
Nov 2021;2000;2601 - Iron ores and concentrates, including roasted iron pyrites.;Total Imports;Net Weight(Kg);DR Congo;European Union All Countries
Nov 2021;2000;26012000 - Iron ores and concentrates, including roasted iron pyrites. - Roasted iron pyrites;Total Imports;Net Weight(Kg);DR Congo;European Union All Countries
Jul 2022;2000;7108 - Gold (including gold plated with platinum) unwrought or in semi-manufactured forms, or in powder form.;Total Exports;Net Weight(Kg);Rwanda;SADC
Jul 2022;2000;71081300 - Gold (including gold plated with platinum) unwrought or in semi-manufactured forms, or in powder form.- Non-monetary:-- Other semi-manufactured forms;Total Exports;Net Weight(Kg);Rwanda;SADC
Mar 2023;2000;26 - Ores, slag and ash.;Total Exports;Quantity;United Republic of Tanzania;SADC
Aug 2023;2000;26 - Ores, slag and ash.;Total Exports;Quantity;United Republic of Tanzania;SADC
Oct 2021;2000;26 - Ores, slag and ash.;Total Imports;Quantity;Uganda;SADC
Sep 2022;2000;26 - Ores, slag and ash.;Total Imports;Quantity;Uganda;SADC
May 2024;2000;26 - Ores, slag and ash.;Total Imports;Quantity;Rwanda;SADC
Jul 2022;2000;7108 - Gold (including gold plated with platinum) unwrought or in semi-manufactured forms, or in powder form.;Total Exports;Quantity;Rwanda;SADC
Jul 2022;2000;71081300 - Gold (including gold plated with platinum) unwrought or in semi-manufactured forms, or in powder form.- Non-monetary:-- Other semi-manufactured forms;Total Exports;Quantity;Rwanda;SADC
Feb 2020;2000;7110 - Platinum, unwrought or in semi-manufactured forms, or in powder form.;Total Imports;Quantity;Kenya;European Union All Countries
Jan 2023;2014;7108 - Gold (including gold plated with platinum) unwrought or in semi-manufactured forms, or in powder form.;Total Exports;Net Weight(Kg);United Republic of Tanzania;ASEAN
Jan 2023;2014;71081200 - Gold (including gold plated with platinum) unwrought or in semi-manufactured forms, or in powder form.- Non-monetary:-- Other unwrought forms;Total Exports;Net Weight(Kg);United Republic of Tanzania;ASEAN
Jan 2023;2014;7108 - Gold (including gold plated with platinum) unwrought or in semi-manufactured forms, or in powder form.;Total Exports;Quantity;United Republic of Tanzania;ASEAN
Jan 2023;2014;71081200 - Gold (including gold plated with platinum) unwrought or in semi-manufactured forms, or in powder form.- Non-monetary:-- Other unwrought forms;Total Exports;Quantity;United Republic of Tanzania;ASEAN
Jun 2025;2020;2603 - Copper ores and concentrates.;Total Imports;CIF Value (US$);United Republic of Tanzania;SADC
May 2021;2020;7108 - Gold (including gold plated with platinum) unwrought or in semi-manufactured forms, or in powder form.;Total Imports;Net Weight(Kg);Rwanda;SADC
May 2021;2020;71081200 - Gold (including gold plated with platinum) unwrought or in semi-manufactured forms, or in powder form.- Non-monetary:-- Other unwrought forms;Total Imports;Net Weight(Kg);Rwanda;SADC
Nov 2023;2100;71081300 - Gold (including gold plated with platinum) unwrought or in semi-manufactured forms, or in powder form.- Non-monetary:-- Other semi-manufactured forms;Total Imports;Quantity;Uganda;SADC
Dec 2020;2120;7108 - Gold (including gold plated with platinum) unwrought or in semi-manufactured forms, or in powder form.;Total Imports;Net Weight(Kg);Rwanda;SADC
Dec 2020;2120;71081200 - Gold (including gold plated with platinum) unwrought or in semi-manufactured forms, or in powder form.- Non-monetary:-- Other unwrought forms;Total Imports;Net Weight(Kg);Rwanda;SADC
Mar 2021;2130;7108 - Gold (including gold plated with platinum) unwrought or in semi-manufactured forms, or in powder form.;Total Imports;Net Weight(Kg);Rwanda;SADC
Nov 2022;2130;7108 - Gold (including gold plated with platinum) unwrought or in semi-manufactured forms, or in powder form.;Total Imports;Net Weight(Kg);Rwanda;SADC
Mar 2021;2130;71081200 - Gold (including gold plated with platinum) unwrought or in semi-manufactured forms, or in powder form.- Non-monetary:-- Other unwrought forms;Total Imports;Net Weight(Kg);Rwanda;SADC
Nov 2022;2130;71081200 - Gold (including gold plated with platinum) unwrought or in semi-manufactured forms, or in powder form.- Non-monetary:-- Other unwrought forms;Total Imports;Net Weight(Kg);Rwanda;SADC
Jan 2021;2150;7111 - Base metals, silver or gold,clad with platinum, not further worked than semi-manufactured.;Total Imports;CIF Value (US$);United Republic of Tanzania;ASEAN
Apr 2024;2150;2609 - Tin ores and concentrates.;Total Exports;Quantity;Rwanda;SADC
Oct 2023;2160;7110 - Platinum, unwrought or in semi-manufactured forms, or in powder form.;Total Imports;Net Weight(Kg);United Republic of Tanzania;SADC
Apr 2024;2160;26 - Ores, slag and ash.;Total Exports;Quantity;Rwanda;SADC
Sep 2025;2160;7108 - Gold (including gold plated with platinum) unwrought or in semi-manufactured forms, or in powder form.;Total Imports;Quantity;DR Congo;European Union All Countries
Oct 2023;2160;7110 - Platinum, unwrought or in semi-manufactured forms, or in powder form.;Total Imports;Quantity;United Republic of Tanzania;SADC
Jul 2022;2200;26 - Ores, slag and ash.;Total Exports;Net Weight(Kg);DR Congo;European Union All Countries
Oct 2023;2226;26 - Ores, slag and ash.;Total Exports;FOB Value (US$);Uganda;European Union All Countries
Oct 2023;2226;2606 - Aluminium ores and concentrates.;Total Exports;FOB Value (US$);Uganda;European Union All Countries
Apr 2024;2270;26 - Ores, slag and ash.;Total Exports;Net Weight(Kg);DR Congo;European Union All Countries
May 2020;2270;26 - Ores, slag and ash.;Total Imports;Net Weight(Kg);Rwanda;ASEAN
Apr 2024;2270;2603 - Copper ores and concentrates.;Total Exports;Net Weight(Kg);DR Congo;European Union All Countries
Feb 2020;2270;7108 - Gold (including gold plated with platinum) unwrought or in semi-manufactured forms, or in powder form.;Total Imports;Net Weight(Kg);Rwanda;SADC
Feb 2020;2270;71081200 - Gold (including gold plated with platinum) unwrought or in semi-manufactured forms, or in powder form.- Non-monetary:-- Other unwrought forms;Total Imports;Net Weight(Kg);Rwanda;SADC
May 2020;2270;26 - Ores, slag and ash.;Total Imports;Quantity;Rwanda;ASEAN
Nov 2024;2300;26 - Ores, slag and ash.;Total Exports;Net Weight(Kg);DR Congo;SADC
Jul 2025;2320;7106 - Silver (including silver plated with gold or platinum), unwrought or in semi-manufactured forms, or in powder form.;Total Imports;Net Weight(Kg);Kenya;SADC
Jul 2025;2320;71069200 - Silver (including silver plated with gold or platinum), unwrought or in semi-manufactured forms, or in powder form.- Other:-- Semi-manufactured;Total Imports;Net Weight(Kg);Kenya;SADC
Oct 2021;2340;26 - Ores, slag and ash.;Total Exports;Quantity;DR Congo;SADC
Nov 2021;2390;26 - Ores, slag and ash.;Total Exports;Quantity;DR Congo;SADC
May 2023;2400;71081300 - Gold (including gold plated with platinum) unwrought or in semi-manufactured forms, or in powder form.- Non-monetary:-- Other semi-manufactured forms;Total Imports;Quantity;Uganda;SADC
Jan 2021;2430;7108 - Gold (including gold plated with platinum) unwrought or in semi-manufactured forms, or in powder form.;Total Imports;Net Weight(Kg);Rwanda;SADC
Jan 2021;2430;71081200 - Gold (including gold plated with platinum) unwrought or in semi-manufactured forms, or in powder form.- Non-monetary:-- Other unwrought forms;Total Imports;Net Weight(Kg);Rwanda;SADC
May 2025;2473;2504 - Natural graphite.;Total Exports;FOB Value (US$);Uganda;SADC
Dec 2020;2500;26 - Ores, slag and ash.;Total Exports;Net Weight(Kg);Rwanda;SADC
Jan 2021;2500;26 - Ores, slag and ash.;Total Exports;Net Weight(Kg);Rwanda;SADC
Dec 2020;2500;26 - Ores, slag and ash.;Total Exports;Quantity;Rwanda;SADC
Jan 2021;2500;26 - Ores, slag and ash.;Total Exports;Quantity;Rwanda;SADC
Feb 2021;2600;2603 - Copper ores and concentrates.;Total Exports;Net Weight(Kg);DR Congo;SADC
Feb 2021;2800;26 - Ores, slag and ash.;Total Exports;Net Weight(Kg);DR Congo;SADC
Oct 2020;2880;26 - Ores, slag and ash.;Total Exports;Net Weight(Kg);DR Congo;SADC
Oct 2020;2880;2603 - Copper ores and concentrates.;Total Exports;Net Weight(Kg);DR Congo;SADC
Jun 2025;2910;2603 - Copper ores and concentrates.;Total Imports;Net Weight(Kg);United Republic of Tanzania;SADC
Jun 2025;2910;2603 - Copper ores and concentrates.;Total Imports;Quantity;United Republic of Tanzania;SADC
Apr 2020;2920;7108 - Gold (including gold plated with platinum) unwrought or in semi-manufactured forms, or in powder form.;Total Imports;Net Weight(Kg);Uganda;SADC
Apr 2020;2920;71081300 - Gold (including gold plated with platinum) unwrought or in semi-manufactured forms, or in powder form.- Non-monetary:-- Other semi-manufactured forms;Total Imports;Net Weight(Kg);Uganda;SADC
Apr 2021;2970;7108 - Gold (including gold plated with platinum) unwrought or in semi-manufactured forms, or in powder form.;Total Imports;Net Weight(Kg);Rwanda;SADC
Apr 2021;2970;71081200 - Gold (including gold plated with platinum) unwrought or in semi-manufactured forms, or in powder form.- Non-monetary:-- Other unwrought forms;Total Imports;Net Weight(Kg);Rwanda;SADC
Sep 2020;3000;26 - Ores, slag and ash.;Total Exports;Net Weight(Kg);DR Congo;ASEAN
Jun 2024;3000;26 - Ores, slag and ash.;Total Imports;Net Weight(Kg);Rwanda;SADC
Sep 2020;3000;2603 - Copper ores and concentrates.;Total Exports;Net Weight(Kg);DR Congo;ASEAN
Nov 2021;3000;2609 - Tin ores and concentrates.;Total Exports;Net Weight(Kg);DR Congo;SADC
Jun 2024;3000;26 - Ores, slag and ash.;Total Imports;Quantity;Rwanda;SADC
Mar 2022;3000;7106 - Silver (including silver plated with gold or platinum), unwrought or in semi-manufactured forms, or in powder form.;Total Imports;Quantity;Kenya;European Union All Countries
Mar 2022;3000;71069100 - Silver (including silver plated with gold or platinum), unwrought or in semi-manufactured forms, or in powder form.- Other:-- Unwrought;Total Imports;Quantity;Kenya;European Union All Countries
Apr 2024;3005;7106 - Silver (including silver plated with gold or platinum), unwrought or in semi-manufactured forms, or in powder form.;Total Exports;Net Weight(Kg);United Republic of Tanzania;European Union All Countries
Apr 2024;3005;71069100 - Silver (including silver plated with gold or platinum), unwrought or in semi-manufactured forms, or in powder form.- Other:-- Unwrought;Total Exports;Net Weight(Kg);United Republic of Tanzania;European Union All Countries
Apr 2024;3005;7106 - Silver (including silver plated with gold or platinum), unwrought or in semi-manufactured forms, or in powder form.;Total Exports;Quantity;United Republic of Tanzania;European Union All Countries
Apr 2024;3005;71069100 - Silver (including silver plated with gold or platinum), unwrought or in semi-manufactured forms, or in powder form.- Other:-- Unwrought;Total Exports;Quantity;United Republic of Tanzania;European Union All Countries
Nov 2021;3100;2603 - Copper ores and concentrates.;Total Exports;Net Weight(Kg);DR Congo;SADC
Jul 2020;3150;7106 - Silver (including silver plated with gold or platinum), unwrought or in semi-manufactured forms, or in powder form.;Total Imports;CIF Value (US$);United Republic of Tanzania;European Union All Countries
Jul 2020;3150;71069200 - Silver (including silver plated with gold or platinum), unwrought or in semi-manufactured forms, or in powder form.- Other:-- Semi-manufactured;Total Imports;CIF Value (US$);United Republic of Tanzania;European Union All Countries
Sep 2024;3150;26 - Ores, slag and ash.;Total Exports;Net Weight(Kg);Rwanda;SADC
Sep 2024;3150;26 - Ores, slag and ash.;Total Exports;Quantity;Rwanda;SADC
Jun 2023;3240;71081200 - Gold (including gold plated with platinum) unwrought or in semi-manufactured forms, or in powder form.- Non-monetary:-- Other unwrought forms;Total Imports;Quantity;Uganda;SADC
Sep 2023;3300;71081200 - Gold (including gold plated with platinum) unwrought or in semi-manufactured forms, or in powder form.- Non-monetary:-- Other unwrought forms;Total Imports;Quantity;Uganda;SADC
Sep 2025;3423;7108 - Gold (including gold plated with platinum) unwrought or in semi-manufactured forms, or in powder form.;Total Exports;Net Weight(Kg);United Republic of Tanzania;ASEAN
Sep 2025;3423;71081200 - Gold (including gold plated with platinum) unwrought or in semi-manufactured forms, or in powder form.- Non-monetary:-- Other unwrought forms;Total Exports;Net Weight(Kg);United Republic of Tanzania;ASEAN
Sep 2025;3423;7108 - Gold (including gold plated with platinum) unwrought or in semi-manufactured forms, or in powder form.;Total Exports;Quantity;United Republic of Tanzania;ASEAN
Sep 2025;3423;71081200 - Gold (including gold plated with platinum) unwrought or in semi-manufactured forms, or in powder form.- Non-monetary:-- Other unwrought forms;Total Exports;Quantity;United Republic of Tanzania;ASEAN
May 2021;3488;2616 - Precious metal ores and concentrates.;Total Exports;FOB Value (US$);United Republic of Tanzania;SADC
May 2021;3488;2616 - Precious metal ores and concentrates.;Total Exports;Net Weight(Kg);United Republic of Tanzania;SADC
May 2021;3488;2616 - Precious metal ores and concentrates.;Total Exports;Quantity;United Republic of Tanzania;SADC
Mar 2023;3498;7108 - Gold (including gold plated with platinum) unwrought or in semi-manufactured forms, or in powder form.;Total Exports;Net Weight(Kg);Kenya;SADC
Mar 2023;3498;71081300 - Gold (including gold plated with platinum) unwrought or in semi-manufactured forms, or in powder form.- Non-monetary:-- Other semi-manufactured forms;Total Exports;Net Weight(Kg);Kenya;SADC
Aug 2022;3500;2504 - Natural graphite.;Total Exports;Net Weight(Kg);Rwanda;SADC
Jul 2022;3500;26 - Ores, slag and ash.;Total Imports;Net Weight(Kg);DR Congo;SADC
Aug 2022;3500;2504 - Natural graphite.;Total Exports;Quantity;Rwanda;SADC
Sep 2023;3560;71081300 - Gold (including gold plated with platinum) unwrought or in semi-manufactured forms, or in powder form.- Non-monetary:-- Other semi-manufactured forms;Total Imports;Quantity;Uganda;SADC
Jan 2022;3680;26 - Ores, slag and ash.;Total Exports;Net Weight(Kg);DR Congo;European Union All Countries
Feb 2024;3739;2504 - Natural graphite.;Total Exports;Net Weight(Kg);United Republic of Tanzania;European Union All Countries
Feb 2024;3739;2504 - Natural graphite.;Total Exports;Quantity;United Republic of Tanzania;European Union All Countries
Mar 2022;3800;2601 - Iron ores and concentrates, including roasted iron pyrites.;Total Exports;Net Weight(Kg);Kenya;European Union All Countries
Mar 2022;3800;26011100 - Iron ores and concentrates, including roasted iron pyrites. - Iron ores and concentrates, other than roasted iron pyrites: -- Non-agglomerated;Total Exports;Net Weight(Kg);Kenya;European Union All Countries
Mar 2022;3800;2601 - Iron ores and concentrates, including roasted iron pyrites.;Total Exports;Quantity;Kenya;European Union All Countries
Mar 2022;3800;26011100 - Iron ores and concentrates, including roasted iron pyrites. - Iron ores and concentrates, other than roasted iron pyrites: -- Non-agglomerated;Total Exports;Quantity;Kenya;European Union All Countries
Dec 2021;3836;2504 - Natural graphite.;Total Exports;Net Weight(Kg);United Republic of Tanzania;SADC
Jul 2022;4000;7109 - Base metals or silver, clad with gold, not further worked than semi-manufactured.;Total Exports;Net Weight(Kg);Rwanda;SADC
Jul 2022;4000;7109 - Base metals or silver, clad with gold, not further worked than semi-manufactured.;Total Exports;Quantity;Rwanda;SADC
Jul 2021;4040;7108 - Gold (including gold plated with platinum) unwrought or in semi-manufactured forms, or in powder form.;Total Imports;Net Weight(Kg);Rwanda;SADC
Jul 2021;4040;71081200 - Gold (including gold plated with platinum) unwrought or in semi-manufactured forms, or in powder form.- Non-monetary:-- Other unwrought forms;Total Imports;Net Weight(Kg);Rwanda;SADC
Jul 2025;4140;2504 - Natural graphite.;Total Imports;Net Weight(Kg);DR Congo;European Union All Countries
Feb 2022;4150;7108 - Gold (including gold plated with platinum) unwrought or in semi-manufactured forms, or in powder form.;Total Imports;Net Weight(Kg);Rwanda;SADC
Feb 2022;4150;71081200 - Gold (including gold plated with platinum) unwrought or in semi-manufactured forms, or in powder form.- Non-monetary:-- Other unwrought forms;Total Imports;Net Weight(Kg);Rwanda;SADC
Dec 2022;4260;7108 - Gold (including gold plated with platinum) unwrought or in semi-manufactured forms, or in powder form.;Total Imports;Net Weight(Kg);Rwanda;SADC
Dec 2022;4260;71081200 - Gold (including gold plated with platinum) unwrought or in semi-manufactured forms, or in powder form.- Non-monetary:-- Other unwrought forms;Total Imports;Net Weight(Kg);Rwanda;SADC
Feb 2022;4270;7111 - Base metals, silver or gold,clad with platinum, not further worked than semi-manufactured.;Total Imports;CIF Value (US$);United Republic of Tanzania;European Union All Countries
Dec 2021;4270;26 - Ores, slag and ash.;Total Exports;Net Weight(Kg);DR Congo;SADC
Sep 2025;4300;7108 - Gold (including gold plated with platinum) unwrought or in semi-manufactured forms, or in powder form.;Total Exports;FOB Value (US$);United Republic of Tanzania;ASEAN
Sep 2025;4300;71081200 - Gold (including gold plated with platinum) unwrought or in semi-manufactured forms, or in powder form.- Non-monetary:-- Other unwrought forms;Total Exports;FOB Value (US$);United Republic of Tanzania;ASEAN
Apr 2024;4300;7106 - Silver (including silver plated with gold or platinum), unwrought or in semi-manufactured forms, or in powder form.;Total Imports;Quantity;Kenya;European Union All Countries
Apr 2024;4300;71069200 - Silver (including silver plated with gold or platinum), unwrought or in semi-manufactured forms, or in powder form.- Other:-- Semi-manufactured;Total Imports;Quantity;Kenya;European Union All Countries
Nov 2021;4430;2609 - Tin ores and concentrates.;Total Exports;Net Weight(Kg);DR Congo;European Union All Countries
May 2021;4488;26 - Ores, slag and ash.;Total Exports;FOB Value (US$);United Republic of Tanzania;SADC
Mar 2022;4600;26 - Ores, slag and ash.;Total Imports;Net Weight(Kg);Kenya;European Union All Countries
Mar 2022;4600;26 - Ores, slag and ash.;Total Imports;Quantity;Kenya;European Union All Countries
Oct 2023;4610;26 - Ores, slag and ash.;Total Exports;Net Weight(Kg);Uganda;European Union All Countries
Oct 2023;4610;2606 - Aluminium ores and concentrates.;Total Exports;Net Weight(Kg);Uganda;European Union All Countries
Oct 2023;4610;26 - Ores, slag and ash.;Total Exports;Quantity;Uganda;European Union All Countries
Oct 2023;4610;2606 - Aluminium ores and concentrates.;Total Exports;Quantity;Uganda;European Union All Countries
Nov 2020;4750;7108 - Gold (including gold plated with platinum) unwrought or in semi-manufactured forms, or in powder form.;Total Imports;Net Weight(Kg);Rwanda;SADC
Oct 2022;4750;7108 - Gold (including gold plated with platinum) unwrought or in semi-manufactured forms, or in powder form.;Total Imports;Net Weight(Kg);Rwanda;SADC
Nov 2020;4750;71081200 - Gold (including gold plated with platinum) unwrought or in semi-manufactured forms, or in powder form.- Non-monetary:-- Other unwrought forms;Total Imports;Net Weight(Kg);Rwanda;SADC
Oct 2022;4750;71081200 - Gold (including gold plated with platinum) unwrought or in semi-manufactured forms, or in powder form.- Non-monetary:-- Other unwrought forms;Total Imports;Net Weight(Kg);Rwanda;SADC
May 2024;4900;26 - Ores, slag and ash.;Total Exports;Net Weight(Kg);DR Congo;SADC
May 2024;4900;2603 - Copper ores and concentrates.;Total Exports;Net Weight(Kg);DR Congo;SADC
Dec 2024;4947;7108 - Gold (including gold plated with platinum) unwrought or in semi-manufactured forms, or in powder form.;Total Exports;Net Weight(Kg);United Republic of Tanzania;European Union All Countries
Dec 2024;4947;71081200 - Gold (including gold plated with platinum) unwrought or in semi-manufactured forms, or in powder form.- Non-monetary:-- Other unwrought forms;Total Exports;Net Weight(Kg);United Republic of Tanzania;European Union All Countries
Dec 2024;4947;7108 - Gold (including gold plated with platinum) unwrought or in semi-manufactured forms, or in powder form.;Total Exports;Quantity;United Republic of Tanzania;European Union All Countries
Dec 2024;4947;71081200 - Gold (including gold plated with platinum) unwrought or in semi-manufactured forms, or in powder form.- Non-monetary:-- Other unwrought forms;Total Exports;Quantity;United Republic of Tanzania;European Union All Countries
Apr 2023;4990;7108 - Gold (including gold plated with platinum) unwrought or in semi-manufactured forms, or in powder form.;Total Imports;Net Weight(Kg);Rwanda;SADC
Apr 2023;4990;71081200 - Gold (including gold plated with platinum) unwrought or in semi-manufactured forms, or in powder form.- Non-monetary:-- Other unwrought forms;Total Imports;Net Weight(Kg);Rwanda;SADC
May 2021;4995;71081200 - Gold (including gold plated with platinum) unwrought or in semi-manufactured forms, or in powder form.- Non-monetary:-- Other unwrought forms;Total Imports;Net Weight(Kg);Uganda;SADC
Oct 2023;5000;2603 - Copper ores and concentrates.;Total Exports;Net Weight(Kg);DR Congo;SADC
Oct 2023;5000;2609 - Tin ores and concentrates.;Total Exports;Net Weight(Kg);DR Congo;SADC
Feb 2024;5000;7108 - Gold (including gold plated with platinum) unwrought or in semi-manufactured forms, or in powder form.;Total Imports;Net Weight(Kg);Rwanda;SADC
Mar 2024;5000;7108 - Gold (including gold plated with platinum) unwrought or in semi-manufactured forms, or in powder form.;Total Imports;Net Weight(Kg);Rwanda;SADC
Apr 2024;5000;7108 - Gold (including gold plated with platinum) unwrought or in semi-manufactured forms, or in powder form.;Total Imports;Net Weight(Kg);Rwanda;SADC
Sep 2024;5000;7108 - Gold (including gold plated with platinum) unwrought or in semi-manufactured forms, or in powder form.;Total Imports;Net Weight(Kg);Rwanda;SADC
Feb 2024;5000;71081200 - Gold (including gold plated with platinum) unwrought or in semi-manufactured forms, or in powder form.- Non-monetary:-- Other unwrought forms;Total Imports;Net Weight(Kg);Rwanda;SADC
Mar 2024;5000;71081200 - Gold (including gold plated with platinum) unwrought or in semi-manufactured forms, or in powder form.- Non-monetary:-- Other unwrought forms;Total Imports;Net Weight(Kg);Rwanda;SADC
Apr 2024;5000;71081200 - Gold (including gold plated with platinum) unwrought or in semi-manufactured forms, or in powder form.- Non-monetary:-- Other unwrought forms;Total Imports;Net Weight(Kg);Rwanda;SADC
Sep 2024;5000;71081200 - Gold (including gold plated with platinum) unwrought or in semi-manufactured forms, or in powder form.- Non-monetary:-- Other unwrought forms;Total Imports;Net Weight(Kg);Rwanda;SADC
Jul 2023;5000;2504 - Natural graphite.;Total Imports;Quantity;Uganda;SADC
Jul 2024;5040;2504 - Natural graphite.;Total Exports;Net Weight(Kg);United Republic of Tanzania;SADC
Jul 2024;5040;2504 - Natural graphite.;Total Exports;Quantity;United Republic of Tanzania;SADC
Aug 2025;5050;2603 - Copper ores and concentrates.;Total Imports;Quantity;DR Congo;SADC
Mar 2025;5075;2504 - Natural graphite.;Total Exports;FOB Value (US$);United Republic of Tanzania;SADC
Jun 2025;5120;2614 - Titanium ores and concentrates.;Total Exports;Net Weight(Kg);Kenya;SADC
Jun 2025;5120;2614 - Titanium ores and concentrates.;Total Exports;Quantity;Kenya;SADC
Jun 2021;5130;7108 - Gold (including gold plated with platinum) unwrought or in semi-manufactured forms, or in powder form.;Total Imports;Net Weight(Kg);Rwanda;SADC
Jun 2021;5130;71081200 - Gold (including gold plated with platinum) unwrought or in semi-manufactured forms, or in powder form.- Non-monetary:-- Other unwrought forms;Total Imports;Net Weight(Kg);Rwanda;SADC
Jan 2024;5140;26 - Ores, slag and ash.;Total Exports;Net Weight(Kg);United Republic of Tanzania;SADC
Jan 2024;5140;26 - Ores, slag and ash.;Total Exports;Quantity;United Republic of Tanzania;SADC
Aug 2023;5179;71081200 - Gold (including gold plated with platinum) unwrought or in semi-manufactured forms, or in powder form.- Non-monetary:-- Other unwrought forms;Total Imports;Net Weight(Kg);Uganda;SADC
Jul 2022;5200;7108 - Gold (including gold plated with platinum) unwrought or in semi-manufactured forms, or in powder form.;Total Imports;Net Weight(Kg);Rwanda;SADC
Jul 2022;5200;71081200 - Gold (including gold plated with platinum) unwrought or in semi-manufactured forms, or in powder form.- Non-monetary:-- Other unwrought forms;Total Imports;Net Weight(Kg);Rwanda;SADC
Jan 2023;5225;7108 - Gold (including gold plated with platinum) unwrought or in semi-manufactured forms, or in powder form.;Total Exports;FOB Value (US$);United Republic of Tanzania;European Union All Countries
Jan 2023;5225;71081200 - Gold (including gold plated with platinum) unwrought or in semi-manufactured forms, or in powder form.- Non-monetary:-- Other unwrought forms;Total Exports;FOB Value (US$);United Republic of Tanzania;European Union All Countries
Aug 2023;5310;71081300 - Gold (including gold plated with platinum) unwrought or in semi-manufactured forms, or in powder form.- Non-monetary:-- Other semi-manufactured forms;Total Imports;Quantity;Uganda;SADC
Oct 2022;5436;7108 - Gold (including gold plated with platinum) unwrought or in semi-manufactured forms, or in powder form.;Total Exports;Net Weight(Kg);United Republic of Tanzania;ASEAN
Oct 2022;5436;71081200 - Gold (including gold plated with platinum) unwrought or in semi-manufactured forms, or in powder form.- Non-monetary:-- Other unwrought forms;Total Exports;Net Weight(Kg);United Republic of Tanzania;ASEAN
Oct 2022;5436;7108 - Gold (including gold plated with platinum) unwrought or in semi-manufactured forms, or in powder form.;Total Exports;Quantity;United Republic of Tanzania;ASEAN
Oct 2022;5436;71081200 - Gold (including gold plated with platinum) unwrought or in semi-manufactured forms, or in powder form.- Non-monetary:-- Other unwrought forms;Total Exports;Quantity;United Republic of Tanzania;ASEAN
May 2025;5500;7108 - Gold (including gold plated with platinum) unwrought or in semi-manufactured forms, or in powder form.;Total Imports;Net Weight(Kg);Rwanda;SADC
May 2025;5500;71081200 - Gold (including gold plated with platinum) unwrought or in semi-manufactured forms, or in powder form.- Non-monetary:-- Other unwrought forms;Total Imports;Net Weight(Kg);Rwanda;SADC
Mar 2022;5530;7108 - Gold (including gold plated with platinum) unwrought or in semi-manufactured forms, or in powder form.;Total Imports;Net Weight(Kg);Rwanda;SADC
Mar 2022;5530;71081200 - Gold (including gold plated with platinum) unwrought or in semi-manufactured forms, or in powder form.- Non-monetary:-- Other unwrought forms;Total Imports;Net Weight(Kg);Rwanda;SADC
Apr 2023;5550;26 - Ores, slag and ash.;Total Imports;Quantity;Uganda;SADC
Apr 2023;5550;2601 - Iron ores and concentrates, including roasted iron pyrites.;Total Imports;Quantity;Uganda;SADC
Apr 2023;5550;26011100 - Iron ores and concentrates, including roasted iron pyrites. - Iron ores and concentrates, other than roasted iron pyrites: -- Non-agglomerated;Total Imports;Quantity;Uganda;SADC
Mar 2020;5640;7108 - Gold (including gold plated with platinum) unwrought or in semi-manufactured forms, or in powder form.;Total Imports;Net Weight(Kg);Uganda;SADC
Mar 2020;5640;71081300 - Gold (including gold plated with platinum) unwrought or in semi-manufactured forms, or in powder form.- Non-monetary:-- Other semi-manufactured forms;Total Imports;Net Weight(Kg);Uganda;SADC
Jan 2022;5650;7108 - Gold (including gold plated with platinum) unwrought or in semi-manufactured forms, or in powder form.;Total Imports;Net Weight(Kg);Rwanda;SADC
Jan 2022;5650;71081200 - Gold (including gold plated with platinum) unwrought or in semi-manufactured forms, or in powder form.- Non-monetary:-- Other unwrought forms;Total Imports;Net Weight(Kg);Rwanda;SADC
Aug 2021;5660;7108 - Gold (including gold plated with platinum) unwrought or in semi-manufactured forms, or in powder form.;Total Imports;Net Weight(Kg);Rwanda;SADC
Aug 2021;5660;71081200 - Gold (including gold plated with platinum) unwrought or in semi-manufactured forms, or in powder form.- Non-monetary:-- Other unwrought forms;Total Imports;Net Weight(Kg);Rwanda;SADC
Jul 2023;5750;7108 - Gold (including gold plated with platinum) unwrought or in semi-manufactured forms, or in powder form.;Total Imports;Net Weight(Kg);Rwanda;SADC
Jan 2025;5750;7108 - Gold (including gold plated with platinum) unwrought or in semi-manufactured forms, or in powder form.;Total Imports;Net Weight(Kg);Rwanda;SADC
Jul 2023;5750;71081200 - Gold (including gold plated with platinum) unwrought or in semi-manufactured forms, or in powder form.- Non-monetary:-- Other unwrought forms;Total Imports;Net Weight(Kg);Rwanda;SADC
Jan 2025;5750;71081200 - Gold (including gold plated with platinum) unwrought or in semi-manufactured forms, or in powder form.- Non-monetary:-- Other unwrought forms;Total Imports;Net Weight(Kg);Rwanda;SADC
Nov 2021;5760;7108 - Gold (including gold plated with platinum) unwrought or in semi-manufactured forms, or in powder form.;Total Imports;Net Weight(Kg);Rwanda;SADC
Nov 2021;5760;71081200 - Gold (including gold plated with platinum) unwrought or in semi-manufactured forms, or in powder form.- Non-monetary:-- Other unwrought forms;Total Imports;Net Weight(Kg);Rwanda;SADC
May 2023;5800;2504 - Natural graphite.;Total Imports;Net Weight(Kg);Uganda;European Union All Countries
Apr 2022;5800;7108 - Gold (including gold plated with platinum) unwrought or in semi-manufactured forms, or in powder form.;Total Imports;Quantity;Kenya;SADC
Apr 2022;5856;7108 - Gold (including gold plated with platinum) unwrought or in semi-manufactured forms, or in powder form.;Total Exports;Quantity;DR Congo;ASEAN
Jun 2023;5900;7108 - Gold (including gold plated with platinum) unwrought or in semi-manufactured forms, or in powder form.;Total Imports;Net Weight(Kg);Rwanda;SADC
Jun 2023;5900;71081200 - Gold (including gold plated with platinum) unwrought or in semi-manufactured forms, or in powder form.- Non-monetary:-- Other unwrought forms;Total Imports;Net Weight(Kg);Rwanda;SADC
Jun 2024;6060;26 - Ores, slag and ash.;Total Imports;CIF Value (US$);United Republic of Tanzania;SADC
Jun 2024;6060;2603 - Copper ores and concentrates.;Total Imports;CIF Value (US$);United Republic of Tanzania;SADC
Sep 2021;6060;7108 - Gold (including gold plated with platinum) unwrought or in semi-manufactured forms, or in powder form.;Total Imports;Net Weight(Kg);Rwanda;SADC
Sep 2021;6060;71081200 - Gold (including gold plated with platinum) unwrought or in semi-manufactured forms, or in powder form.- Non-monetary:-- Other unwrought forms;Total Imports;Net Weight(Kg);Rwanda;SADC
May 2023;6150;7108 - Gold (including gold plated with platinum) unwrought or in semi-manufactured forms, or in powder form.;Total Imports;Net Weight(Kg);Rwanda;SADC
May 2023;6150;71081200 - Gold (including gold plated with platinum) unwrought or in semi-manufactured forms, or in powder form.- Non-monetary:-- Other unwrought forms;Total Imports;Net Weight(Kg);Rwanda;SADC
Aug 2022;6170;7108 - Gold (including gold plated with platinum) unwrought or in semi-manufactured forms, or in powder form.;Total Imports;Net Weight(Kg);Rwanda;SADC
Aug 2022;6170;71081200 - Gold (including gold plated with platinum) unwrought or in semi-manufactured forms, or in powder form.- Non-monetary:-- Other unwrought forms;Total Imports;Net Weight(Kg);Rwanda;SADC
Jan 2024;6260;7108 - Gold (including gold plated with platinum) unwrought or in semi-manufactured forms, or in powder form.;Total Imports;Net Weight(Kg);Uganda;SADC
Jan 2024;6260;71081200 - Gold (including gold plated with platinum) unwrought or in semi-manufactured forms, or in powder form.- Non-monetary:-- Other unwrought forms;Total Imports;Net Weight(Kg);Uganda;SADC
May 2025;6262;2603 - Copper ores and concentrates.;Total Imports;CIF Value (US$);United Republic of Tanzania;SADC
May 2022;6320;7108 - Gold (including gold plated with platinum) unwrought or in semi-manufactured forms, or in powder form.;Total Imports;Net Weight(Kg);Rwanda;SADC
May 2022;6320;71081200 - Gold (including gold plated with platinum) unwrought or in semi-manufactured forms, or in powder form.- Non-monetary:-- Other unwrought forms;Total Imports;Net Weight(Kg);Rwanda;SADC
May 2020;6470;71081300 - Gold (including gold plated with platinum) unwrought or in semi-manufactured forms, or in powder form.- Non-monetary:-- Other semi-manufactured forms;Total Imports;Net Weight(Kg);Uganda;SADC
Apr 2023;6570;2609 - Tin ores and concentrates.;Total Exports;Net Weight(Kg);DR Congo;SADC
Apr 2024;6700;7108 - Gold (including gold plated with platinum) unwrought or in semi-manufactured forms, or in powder form.;Total Imports;Quantity;Kenya;European Union All Countries
Apr 2024;6700;71081300 - Gold (including gold plated with platinum) unwrought or in semi-manufactured forms, or in powder form.- Non-monetary:-- Other semi-manufactured forms;Total Imports;Quantity;Kenya;European Union All Countries
Oct 2023;6750;26 - Ores, slag and ash.;Total Imports;Quantity;Uganda;European Union All Countries
Sep 2020;6760;7108 - Gold (including gold plated with platinum) unwrought or in semi-manufactured forms, or in powder form.;Total Exports;Net Weight(Kg);Uganda;ASEAN
Oct 2020;6760;7108 - Gold (including gold plated with platinum) unwrought or in semi-manufactured forms, or in powder form.;Total Exports;Net Weight(Kg);Uganda;ASEAN
Sep 2020;6760;71081200 - Gold (including gold plated with platinum) unwrought or in semi-manufactured forms, or in powder form.- Non-monetary:-- Other unwrought forms;Total Exports;Net Weight(Kg);Uganda;ASEAN
Oct 2020;6760;71081200 - Gold (including gold plated with platinum) unwrought or in semi-manufactured forms, or in powder form.- Non-monetary:-- Other unwrought forms;Total Exports;Net Weight(Kg);Uganda;ASEAN
Oct 2023;6800;7108 - Gold (including gold plated with platinum) unwrought or in semi-manufactured forms, or in powder form.;Total Imports;Net Weight(Kg);Rwanda;SADC
Oct 2023;6800;71081200 - Gold (including gold plated with platinum) unwrought or in semi-manufactured forms, or in powder form.- Non-monetary:-- Other unwrought forms;Total Imports;Net Weight(Kg);Rwanda;SADC
Sep 2023;6860;7108 - Gold (including gold plated with platinum) unwrought or in semi-manufactured forms, or in powder form.;Total Imports;Quantity;Uganda;SADC
Sep 2020;6980;7108 - Gold (including gold plated with platinum) unwrought or in semi-manufactured forms, or in powder form.;Total Imports;Quantity;Kenya;SADC
Sep 2020;6980;71081200 - Gold (including gold plated with platinum) unwrought or in semi-manufactured forms, or in powder form.- Non-monetary:-- Other unwrought forms;Total Imports;Quantity;Kenya;SADC
Sep 2025;7000;2609 - Tin ores and concentrates.;Total Imports;Net Weight(Kg);DR Congo;SADC
Mar 2023;7006;7108 - Gold (including gold plated with platinum) unwrought or in semi-manufactured forms, or in powder form.;Total Exports;Quantity;DR Congo;SADC
Mar 2023;7006;71081200 - Gold (including gold plated with platinum) unwrought or in semi-manufactured forms, or in powder form.- Non-monetary:-- Other unwrought forms;Total Exports;Quantity;DR Congo;SADC
Sep 2025;7125;2607 - Lead ores and concentrates.;Total Exports;Net Weight(Kg);Kenya;SADC
Sep 2025;7125;2607 - Lead ores and concentrates.;Total Exports;Quantity;Kenya;SADC
Jun 2022;7300;7108 - Gold (including gold plated with platinum) unwrought or in semi-manufactured forms, or in powder form.;Total Imports;Net Weight(Kg);Rwanda;SADC
Jun 2022;7300;71081200 - Gold (including gold plated with platinum) unwrought or in semi-manufactured forms, or in powder form.- Non-monetary:-- Other unwrought forms;Total Imports;Net Weight(Kg);Rwanda;SADC
Jan 2023;7310;7108 - Gold (including gold plated with platinum) unwrought or in semi-manufactured forms, or in powder form.;Total Imports;Net Weight(Kg);Rwanda;SADC
Jan 2023;7310;71081200 - Gold (including gold plated with platinum) unwrought or in semi-manufactured forms, or in powder form.- Non-monetary:-- Other unwrought forms;Total Imports;Net Weight(Kg);Rwanda;SADC
Feb 2022;7416;7108 - Gold (including gold plated with platinum) unwrought or in semi-manufactured forms, or in powder form.;Total Exports;Quantity;DR Congo;European Union All Countries
Jun 2021;7490;7106 - Silver (including silver plated with gold or platinum), unwrought or in semi-manufactured forms, or in powder form.;Total Imports;CIF Value (US$);United Republic of Tanzania;European Union All Countries
Jun 2021;7490;71069200 - Silver (including silver plated with gold or platinum), unwrought or in semi-manufactured forms, or in powder form.- Other:-- Semi-manufactured;Total Imports;CIF Value (US$);United Republic of Tanzania;European Union All Countries
May 2021;7578;26 - Ores, slag and ash.;Total Exports;Net Weight(Kg);United Republic of Tanzania;SADC
May 2021;7578;26 - Ores, slag and ash.;Total Exports;Quantity;United Republic of Tanzania;SADC
Apr 2024;7700;26 - Ores, slag and ash.;Total Exports;Net Weight(Kg);DR Congo;SADC
Apr 2024;7700;2603 - Copper ores and concentrates.;Total Exports;Net Weight(Kg);DR Congo;SADC
Sep 2022;7860;7108 - Gold (including gold plated with platinum) unwrought or in semi-manufactured forms, or in powder form.;Total Imports;Net Weight(Kg);Rwanda;SADC
Sep 2022;7860;71081200 - Gold (including gold plated with platinum) unwrought or in semi-manufactured forms, or in powder form.- Non-monetary:-- Other unwrought forms;Total Imports;Net Weight(Kg);Rwanda;SADC
Dec 2021;7862;26 - Ores, slag and ash.;Total Exports;Net Weight(Kg);United Republic of Tanzania;SADC
Dec 2021;7862;2604 - Nickel ores and concentrates.;Total Exports;Net Weight(Kg);United Republic of Tanzania;SADC
Dec 2021;7862;26 - Ores, slag and ash.;Total Exports;Quantity;United Republic of Tanzania;SADC
Dec 2021;7862;2604 - Nickel ores and concentrates.;Total Exports;Quantity;United Republic of Tanzania;SADC
Nov 2023;7913;7108 - Gold (including gold plated with platinum) unwrought or in semi-manufactured forms, or in powder form.;Total Exports;Quantity;DR Congo;European Union All Countries
Nov 2023;7913;71081200 - Gold (including gold plated with platinum) unwrought or in semi-manufactured forms, or in powder form.- Non-monetary:-- Other unwrought forms;Total Exports;Quantity;DR Congo;European Union All Countries
Sep 2023;8000;7108 - Gold (including gold plated with platinum) unwrought or in semi-manufactured forms, or in powder form.;Total Imports;Net Weight(Kg);Rwanda;SADC
Jan 2024;8000;7108 - Gold (including gold plated with platinum) unwrought or in semi-manufactured forms, or in powder form.;Total Imports;Net Weight(Kg);Rwanda;SADC
Sep 2023;8000;71081200 - Gold (including gold plated with platinum) unwrought or in semi-manufactured forms, or in powder form.- Non-monetary:-- Other unwrought forms;Total Imports;Net Weight(Kg);Rwanda;SADC
Jan 2024;8000;71081200 - Gold (including gold plated with platinum) unwrought or in semi-manufactured forms, or in powder form.- Non-monetary:-- Other unwrought forms;Total Imports;Net Weight(Kg);Rwanda;SADC
Aug 2023;8060;7108 - Gold (including gold plated with platinum) unwrought or in semi-manufactured forms, or in powder form.;Total Imports;Net Weight(Kg);Rwanda;SADC
Aug 2023;8060;71081200 - Gold (including gold plated with platinum) unwrought or in semi-manufactured forms, or in powder form.- Non-monetary:-- Other unwrought forms;Total Imports;Net Weight(Kg);Rwanda;SADC
Dec 2023;8120;7108 - Gold (including gold plated with platinum) unwrought or in semi-manufactured forms, or in powder form.;Total Imports;Quantity;Uganda;SADC
Dec 2023;8120;71081200 - Gold (including gold plated with platinum) unwrought or in semi-manufactured forms, or in powder form.- Non-monetary:-- Other unwrought forms;Total Imports;Quantity;Uganda;SADC
Mar 2025;8180;7108 - Gold (including gold plated with platinum) unwrought or in semi-manufactured forms, or in powder form.;Total Imports;Net Weight(Kg);Rwanda;SADC
Mar 2025;8180;71081200 - Gold (including gold plated with platinum) unwrought or in semi-manufactured forms, or in powder form.- Non-monetary:-- Other unwrought forms;Total Imports;Net Weight(Kg);Rwanda;SADC
May 2020;8190;26 - Ores, slag and ash.;Total Exports;Net Weight(Kg);United Republic of Tanzania;SADC
May 2020;8190;2616 - Precious metal ores and concentrates.;Total Exports;Net Weight(Kg);United Republic of Tanzania;SADC
May 2020;8190;26 - Ores, slag and ash.;Total Exports;Quantity;United Republic of Tanzania;SADC
May 2020;8190;2616 - Precious metal ores and concentrates.;Total Exports;Quantity;United Republic of Tanzania;SADC
May 2020;8260;7108 - Gold (including gold plated with platinum) unwrought or in semi-manufactured forms, or in powder form.;Total Imports;Net Weight(Kg);Uganda;SADC
Apr 2021;8390;71081200 - Gold (including gold plated with platinum) unwrought or in semi-manufactured forms, or in powder form.- Non-monetary:-- Other unwrought forms;Total Imports;Net Weight(Kg);Uganda;SADC
Dec 2022;8400;2606 - Aluminium ores and concentrates.;Total Imports;Net Weight(Kg);Kenya;SADC
Dec 2022;8400;2606 - Aluminium ores and concentrates.;Total Imports;Quantity;Kenya;SADC
Sep 2020;8480;7108 - Gold (including gold plated with platinum) unwrought or in semi-manufactured forms, or in powder form.;Total Imports;Net Weight(Kg);Rwanda;SADC
Sep 2020;8480;71081200 - Gold (including gold plated with platinum) unwrought or in semi-manufactured forms, or in powder form.- Non-monetary:-- Other unwrought forms;Total Imports;Net Weight(Kg);Rwanda;SADC
Dec 2021;8520;7108 - Gold (including gold plated with platinum) unwrought or in semi-manufactured forms, or in powder form.;Total Imports;Net Weight(Kg);Rwanda;SADC
Dec 2021;8520;71081200 - Gold (including gold plated with platinum) unwrought or in semi-manufactured forms, or in powder form.- Non-monetary:-- Other unwrought forms;Total Imports;Net Weight(Kg);Rwanda;SADC
Feb 2023;8850;7108 - Gold (including gold plated with platinum) unwrought or in semi-manufactured forms, or in powder form.;Total Imports;Net Weight(Kg);Rwanda;SADC
Feb 2023;8850;71081200 - Gold (including gold plated with platinum) unwrought or in semi-manufactured forms, or in powder form.- Non-monetary:-- Other unwrought forms;Total Imports;Net Weight(Kg);Rwanda;SADC
Jun 2024;8860;26 - Ores, slag and ash.;Total Imports;Net Weight(Kg);United Republic of Tanzania;SADC
Jun 2024;8860;2603 - Copper ores and concentrates.;Total Imports;Net Weight(Kg);United Republic of Tanzania;SADC
Jun 2024;8860;26 - Ores, slag and ash.;Total Imports;Quantity;United Republic of Tanzania;SADC
Jun 2024;8860;2603 - Copper ores and concentrates.;Total Imports;Quantity;United Republic of Tanzania;SADC
Jun 2020;8977;71081200 - Gold (including gold plated with platinum) unwrought or in semi-manufactured forms, or in powder form.- Non-monetary:-- Other unwrought forms;Total Imports;Net Weight(Kg);Uganda;SADC
Sep 2023;9000;26 - Ores, slag and ash.;Total Imports;Net Weight(Kg);United Republic of Tanzania;European Union All Countries
Sep 2023;9000;26 - Ores, slag and ash.;Total Imports;Quantity;United Republic of Tanzania;European Union All Countries
May 2023;9000;71081200 - Gold (including gold plated with platinum) unwrought or in semi-manufactured forms, or in powder form.- Non-monetary:-- Other unwrought forms;Total Imports;Quantity;Uganda;SADC
Dec 2023;9150;7108 - Gold (including gold plated with platinum) unwrought or in semi-manufactured forms, or in powder form.;Total Imports;Net Weight(Kg);Rwanda;SADC
Dec 2023;9150;71081200 - Gold (including gold plated with platinum) unwrought or in semi-manufactured forms, or in powder form.- Non-monetary:-- Other unwrought forms;Total Imports;Net Weight(Kg);Rwanda;SADC
Aug 2020;9200;2504 - Natural graphite.;Total Imports;Net Weight(Kg);United Republic of Tanzania;European Union All Countries
Jun 2023;9200;2504 - Natural graphite.;Total Imports;Net Weight(Kg);Kenya;European Union All Countries
Aug 2020;9200;2504 - Natural graphite.;Total Imports;Quantity;United Republic of Tanzania;European Union All Countries
Jun 2023;9200;2504 - Natural graphite.;Total Imports;Quantity;Kenya;European Union All Countries
Jan 2020;9215;26 - Ores, slag and ash.;Total Exports;Net Weight(Kg);United Republic of Tanzania;SADC
Jan 2020;9215;2616 - Precious metal ores and concentrates.;Total Exports;Net Weight(Kg);United Republic of Tanzania;SADC
Jan 2020;9215;26 - Ores, slag and ash.;Total Exports;Quantity;United Republic of Tanzania;SADC
Jan 2020;9215;2616 - Precious metal ores and concentrates.;Total Exports;Quantity;United Republic of Tanzania;SADC
Apr 2021;9240;26 - Ores, slag and ash.;Total Exports;Net Weight(Kg);United Republic of Tanzania;SADC
Apr 2021;9240;2609 - Tin ores and concentrates.;Total Exports;Net Weight(Kg);United Republic of Tanzania;SADC
Apr 2021;9240;26 - Ores, slag and ash.;Total Exports;Quantity;United Republic of Tanzania;SADC
Apr 2021;9240;2609 - Tin ores and concentrates.;Total Exports;Quantity;United Republic of Tanzania;SADC
Jan 2020;9280;71081300 - Gold (including gold plated with platinum) unwrought or in semi-manufactured forms, or in powder form.- Non-monetary:-- Other semi-manufactured forms;Total Imports;Net Weight(Kg);Uganda;SADC
Dec 2023;9317;2504 - Natural graphite.;Total Exports;Net Weight(Kg);United Republic of Tanzania;ASEAN
Dec 2023;9317;2504 - Natural graphite.;Total Exports;Quantity;United Republic of Tanzania;ASEAN
May 2025;9340;2603 - Copper ores and concentrates.;Total Imports;Net Weight(Kg);United Republic of Tanzania;SADC
May 2025;9340;2603 - Copper ores and concentrates.;Total Imports;Quantity;United Republic of Tanzania;SADC
Nov 2023;9400;7108 - Gold (including gold plated with platinum) unwrought or in semi-manufactured forms, or in powder form.;Total Imports;Net Weight(Kg);Rwanda;SADC
Nov 2023;9400;71081200 - Gold (including gold plated with platinum) unwrought or in semi-manufactured forms, or in powder form.- Non-monetary:-- Other unwrought forms;Total Imports;Net Weight(Kg);Rwanda;SADC
Feb 2023;9480;7108 - Gold (including gold plated with platinum) unwrought or in semi-manufactured forms, or in powder form.;Total Imports;Quantity;Uganda;SADC
Feb 2023;9480;71081200 - Gold (including gold plated with platinum) unwrought or in semi-manufactured forms, or in powder form.- Non-monetary:-- Other unwrought forms;Total Imports;Quantity;Uganda;SADC
Mar 2023;9490;7108 - Gold (including gold plated with platinum) unwrought or in semi-manufactured forms, or in powder form.;Total Imports;Net Weight(Kg);Rwanda;SADC
Mar 2023;9490;71081200 - Gold (including gold plated with platinum) unwrought or in semi-manufactured forms, or in powder form.- Non-monetary:-- Other unwrought forms;Total Imports;Net Weight(Kg);Rwanda;SADC
Apr 2023;9757;71081200 - Gold (including gold plated with platinum) unwrought or in semi-manufactured forms, or in powder form.- Non-monetary:-- Other unwrought forms;Total Imports;Net Weight(Kg);Uganda;SADC
Apr 2024;9984;7108 - Gold (including gold plated with platinum) unwrought or in semi-manufactured forms, or in powder form.;Total Exports;Net Weight(Kg);United Republic of Tanzania;European Union All Countries
Apr 2024;9984;71081200 - Gold (including gold plated with platinum) unwrought or in semi-manufactured forms, or in powder form.- Non-monetary:-- Other unwrought forms;Total Exports;Net Weight(Kg);United Republic of Tanzania;European Union All Countries
Apr 2024;9984;7108 - Gold (including gold plated with platinum) unwrought or in semi-manufactured forms, or in powder form.;Total Exports;Quantity;United Republic of Tanzania;European Union All Countries
Apr 2024;9984;71081200 - Gold (including gold plated with platinum) unwrought or in semi-manufactured forms, or in powder form.- Non-monetary:-- Other unwrought forms;Total Exports;Quantity;United Republic of Tanzania;European Union All Countries
Nov 2020;10000;2504 - Natural graphite.;Total Imports;Net Weight(Kg);Kenya;European Union All Countries
Oct 2021;10000;2504 - Natural graphite.;Total Imports;Net Weight(Kg);Kenya;European Union All Countries
Oct 2023;10000;26 - Ores, slag and ash.;Total Exports;Net Weight(Kg);DR Congo;SADC
Apr 2021;10000;26 - Ores, slag and ash.;Total Exports;Net Weight(Kg);Rwanda;SADC
Sep 2025;10000;26 - Ores, slag and ash.;Total Imports;Net Weight(Kg);Kenya;SADC
Jul 2024;10000;7108 - Gold (including gold plated with platinum) unwrought or in semi-manufactured forms, or in powder form.;Total Imports;Net Weight(Kg);Rwanda;SADC
Jul 2024;10000;71081200 - Gold (including gold plated with platinum) unwrought or in semi-manufactured forms, or in powder form.- Non-monetary:-- Other unwrought forms;Total Imports;Net Weight(Kg);Rwanda;SADC
Nov 2020;10000;2504 - Natural graphite.;Total Imports;Quantity;Kenya;European Union All Countries
Oct 2021;10000;2504 - Natural graphite.;Total Imports;Quantity;Kenya;European Union All Countries
Apr 2021;10000;26 - Ores, slag and ash.;Total Exports;Quantity;Rwanda;SADC
Sep 2025;10000;26 - Ores, slag and ash.;Total Imports;Quantity;Kenya;SADC
Oct 2023;10000;2603 - Copper ores and concentrates.;Total Exports;Quantity;DR Congo;SADC
Oct 2023;10000;2609 - Tin ores and concentrates.;Total Exports;Quantity;DR Congo;SADC
Sep 2021;10000;7106 - Silver (including silver plated with gold or platinum), unwrought or in semi-manufactured forms, or in powder form.;Total Imports;Quantity;Kenya;European Union All Countries
Jun 2024;10000;7106 - Silver (including silver plated with gold or platinum), unwrought or in semi-manufactured forms, or in powder form.;Total Imports;Quantity;Kenya;European Union All Countries
Sep 2021;10000;71069200 - Silver (including silver plated with gold or platinum), unwrought or in semi-manufactured forms, or in powder form.- Other:-- Semi-manufactured;Total Imports;Quantity;Kenya;European Union All Countries
Jun 2024;10000;71069200 - Silver (including silver plated with gold or platinum), unwrought or in semi-manufactured forms, or in powder form.- Other:-- Semi-manufactured;Total Imports;Quantity;Kenya;European Union All Countries
Dec 2020;10000;7108 - Gold (including gold plated with platinum) unwrought or in semi-manufactured forms, or in powder form.;Total Exports;Quantity;Kenya;European Union All Countries
Dec 2021;10000;7108 - Gold (including gold plated with platinum) unwrought or in semi-manufactured forms, or in powder form.;Total Exports;Quantity;Kenya;European Union All Countries
Sep 2022;10000;7108 - Gold (including gold plated with platinum) unwrought or in semi-manufactured forms, or in powder form.;Total Exports;Quantity;Kenya;European Union All Countries
Dec 2022;10000;7108 - Gold (including gold plated with platinum) unwrought or in semi-manufactured forms, or in powder form.;Total Exports;Quantity;Kenya;European Union All Countries
Jun 2021;10000;7108 - Gold (including gold plated with platinum) unwrought or in semi-manufactured forms, or in powder form.;Total Imports;Quantity;Kenya;European Union All Countries
Mar 2022;10000;7108 - Gold (including gold plated with platinum) unwrought or in semi-manufactured forms, or in powder form.;Total Imports;Quantity;Kenya;ASEAN
Dec 2020;10000;71081200 - Gold (including gold plated with platinum) unwrought or in semi-manufactured forms, or in powder form.- Non-monetary:-- Other unwrought forms;Total Exports;Quantity;Kenya;European Union All Countries
Dec 2021;10000;71081200 - Gold (including gold plated with platinum) unwrought or in semi-manufactured forms, or in powder form.- Non-monetary:-- Other unwrought forms;Total Exports;Quantity;Kenya;European Union All Countries
Sep 2022;10000;71081200 - Gold (including gold plated with platinum) unwrought or in semi-manufactured forms, or in powder form.- Non-monetary:-- Other unwrought forms;Total Exports;Quantity;Kenya;European Union All Countries
Dec 2022;10000;71081200 - Gold (including gold plated with platinum) unwrought or in semi-manufactured forms, or in powder form.- Non-monetary:-- Other unwrought forms;Total Exports;Quantity;Kenya;European Union All Countries
Jun 2021;10000;71081300 - Gold (including gold plated with platinum) unwrought or in semi-manufactured forms, or in powder form.- Non-monetary:-- Other semi-manufactured forms;Total Imports;Quantity;Kenya;European Union All Countries
Mar 2022;10000;71081300 - Gold (including gold plated with platinum) unwrought or in semi-manufactured forms, or in powder form.- Non-monetary:-- Other semi-manufactured forms;Total Imports;Quantity;Kenya;ASEAN
Jun 2021;10000;7110 - Platinum, unwrought or in semi-manufactured forms, or in powder form.;Total Imports;Quantity;Kenya;European Union All Countries
Aug 2021;10000;7110 - Platinum, unwrought or in semi-manufactured forms, or in powder form.;Total Imports;Quantity;Kenya;European Union All Countries
Mar 2025;10000;7110 - Platinum, unwrought or in semi-manufactured forms, or in powder form.;Total Imports;Quantity;Kenya;European Union All Countries
May 2024;10001;7108 - Gold (including gold plated with platinum) unwrought or in semi-manufactured forms, or in powder form.;Total Exports;Net Weight(Kg);United Republic of Tanzania;European Union All Countries
May 2024;10001;71081200 - Gold (including gold plated with platinum) unwrought or in semi-manufactured forms, or in powder form.- Non-monetary:-- Other unwrought forms;Total Exports;Net Weight(Kg);United Republic of Tanzania;European Union All Countries
May 2024;10001;7108 - Gold (including gold plated with platinum) unwrought or in semi-manufactured forms, or in powder form.;Total Exports;Quantity;United Republic of Tanzania;European Union All Countries
May 2024;10001;71081200 - Gold (including gold plated with platinum) unwrought or in semi-manufactured forms, or in powder form.- Non-monetary:-- Other unwrought forms;Total Exports;Quantity;United Republic of Tanzania;European Union All Countries
Dec 2022;10040;2603 - Copper ores and concentrates.;Total Imports;CIF Value (US$);United Republic of Tanzania;SADC
Feb 2024;10200;26 - Ores, slag and ash.;Total Exports;Net Weight(Kg);DR Congo;SADC
Feb 2024;10200;2603 - Copper ores and concentrates.;Total Exports;Net Weight(Kg);DR Congo;SADC
Oct 2023;10382;71081300 - Gold (including gold plated with platinum) unwrought or in semi-manufactured forms, or in powder form.- Non-monetary:-- Other semi-manufactured forms;Total Imports;Net Weight(Kg);Uganda;SADC
Sep 2024;10530;2504 - Natural graphite.;Total Imports;Net Weight(Kg);Kenya;European Union All Countries
Sep 2024;10530;2504 - Natural graphite.;Total Imports;Quantity;Kenya;European Union All Countries
Oct 2022;10783;7108 - Gold (including gold plated with platinum) unwrought or in semi-manufactured forms, or in powder form.;Total Exports;FOB Value (US$);United Republic of Tanzania;European Union All Countries
Oct 2022;10783;71081200 - Gold (including gold plated with platinum) unwrought or in semi-manufactured forms, or in powder form.- Non-monetary:-- Other unwrought forms;Total Exports;FOB Value (US$);United Republic of Tanzania;European Union All Countries
Jan 2024;10881;26 - Ores, slag and ash.;Total Imports;CIF Value (US$);Uganda;SADC
Jan 2024;10881;2603 - Copper ores and concentrates.;Total Imports;CIF Value (US$);Uganda;SADC
Feb 2020;10881;7106 - Silver (including silver plated with gold or platinum), unwrought or in semi-manufactured forms, or in powder form.;Total Exports;FOB Value (US$);Uganda;SADC
Feb 2020;10881;71069200 - Silver (including silver plated with gold or platinum), unwrought or in semi-manufactured forms, or in powder form.- Other:-- Semi-manufactured;Total Exports;FOB Value (US$);Uganda;SADC
Jan 2022;10920;7108 - Gold (including gold plated with platinum) unwrought or in semi-manufactured forms, or in powder form.;Total Exports;Quantity;United Republic of Tanzania;SADC
Jan 2022;10920;71081200 - Gold (including gold plated with platinum) unwrought or in semi-manufactured forms, or in powder form.- Non-monetary:-- Other unwrought forms;Total Exports;Quantity;United Republic of Tanzania;SADC
Mar 2023;11179;7108 - Gold (including gold plated with platinum) unwrought or in semi-manufactured forms, or in powder form.;Total Exports;Net Weight(Kg);United Republic of Tanzania;European Union All Countries
Mar 2023;11179;71081300 - Gold (including gold plated with platinum) unwrought or in semi-manufactured forms, or in powder form.- Non-monetary:-- Other semi-manufactured forms;Total Exports;Net Weight(Kg);United Republic of Tanzania;European Union All Countries
Mar 2023;11179;7108 - Gold (including gold plated with platinum) unwrought or in semi-manufactured forms, or in powder form.;Total Exports;Quantity;United Republic of Tanzania;European Union All Countries
Mar 2023;11179;71081300 - Gold (including gold plated with platinum) unwrought or in semi-manufactured forms, or in powder form.- Non-monetary:-- Other semi-manufactured forms;Total Exports;Quantity;United Republic of Tanzania;European Union All Countries
May 2023;11400;7108 - Gold (including gold plated with platinum) unwrought or in semi-manufactured forms, or in powder form.;Total Imports;Quantity;Uganda;SADC
Aug 2020;11430;71081300 - Gold (including gold plated with platinum) unwrought or in semi-manufactured forms, or in powder form.- Non-monetary:-- Other semi-manufactured forms;Total Imports;Net Weight(Kg);Uganda;SADC
Jul 2020;11587;71081200 - Gold (including gold plated with platinum) unwrought or in semi-manufactured forms, or in powder form.- Non-monetary:-- Other unwrought forms;Total Imports;Net Weight(Kg);Uganda;SADC
Jun 2022;11600;7108 - Gold (including gold plated with platinum) unwrought or in semi-manufactured forms, or in powder form.;Total Exports;Net Weight(Kg);Rwanda;SADC
Jun 2022;11600;71081300 - Gold (including gold plated with platinum) unwrought or in semi-manufactured forms, or in powder form.- Non-monetary:-- Other semi-manufactured forms;Total Exports;Net Weight(Kg);Rwanda;SADC
Jun 2022;11600;7108 - Gold (including gold plated with platinum) unwrought or in semi-manufactured forms, or in powder form.;Total Exports;Quantity;Rwanda;SADC
Jun 2022;11600;71081300 - Gold (including gold plated with platinum) unwrought or in semi-manufactured forms, or in powder form.- Non-monetary:-- Other semi-manufactured forms;Total Exports;Quantity;Rwanda;SADC
Jul 2021;11878;26 - Ores, slag and ash.;Total Imports;CIF Value (US$);Uganda;SADC
Jul 2021;11878;2603 - Copper ores and concentrates.;Total Imports;CIF Value (US$);Uganda;SADC
Mar 2023;12011;7108 - Gold (including gold plated with platinum) unwrought or in semi-manufactured forms, or in powder form.;Total Exports;Net Weight(Kg);United Republic of Tanzania;ASEAN
Mar 2023;12011;71081200 - Gold (including gold plated with platinum) unwrought or in semi-manufactured forms, or in powder form.- Non-monetary:-- Other unwrought forms;Total Exports;Net Weight(Kg);United Republic of Tanzania;ASEAN
Mar 2023;12011;7108 - Gold (including gold plated with platinum) unwrought or in semi-manufactured forms, or in powder form.;Total Exports;Quantity;United Republic of Tanzania;ASEAN
Mar 2023;12011;71081200 - Gold (including gold plated with platinum) unwrought or in semi-manufactured forms, or in powder form.- Non-monetary:-- Other unwrought forms;Total Exports;Quantity;United Republic of Tanzania;ASEAN
Oct 2025;12300;26 - Ores, slag and ash.;Total Imports;Quantity;DR Congo;ASEAN
Jul 2023;12316;7108 - Gold (including gold plated with platinum) unwrought or in semi-manufactured forms, or in powder form.;Total Exports;Quantity;DR Congo;ASEAN
May 2021;12438;2616 - Precious metal ores and concentrates.;Total Exports;Net Weight(Kg);United Republic of Tanzania;European Union All Countries
May 2021;12438;2616 - Precious metal ores and concentrates.;Total Exports;Quantity;United Republic of Tanzania;European Union All Countries
Oct 2020;12490;71081300 - Gold (including gold plated with platinum) unwrought or in semi-manufactured forms, or in powder form.- Non-monetary:-- Other semi-manufactured forms;Total Imports;Net Weight(Kg);Uganda;SADC
Mar 2021;13022;7108 - Gold (including gold plated with platinum) unwrought or in semi-manufactured forms, or in powder form.;Total Exports;Quantity;DR Congo;ASEAN
Mar 2021;13022;71081200 - Gold (including gold plated with platinum) unwrought or in semi-manufactured forms, or in powder form.- Non-monetary:-- Other unwrought forms;Total Exports;Quantity;DR Congo;ASEAN
Feb 2020;13170;7108 - Gold (including gold plated with platinum) unwrought or in semi-manufactured forms, or in powder form.;Total Imports;Net Weight(Kg);Uganda;SADC
Feb 2020;13170;71081300 - Gold (including gold plated with platinum) unwrought or in semi-manufactured forms, or in powder form.- Non-monetary:-- Other semi-manufactured forms;Total Imports;Net Weight(Kg);Uganda;SADC
May 2021;13420;2504 - Natural graphite.;Total Imports;Net Weight(Kg);Uganda;SADC
May 2021;13420;2504 - Natural graphite.;Re-imports;Net Weight(Kg);Uganda;SADC
Jun 2020;13420;71081300 - Gold (including gold plated with platinum) unwrought or in semi-manufactured forms, or in powder form.- Non-monetary:-- Other semi-manufactured forms;Total Imports;Net Weight(Kg);Uganda;SADC
Feb 2020;13700;7106 - Silver (including silver plated with gold or platinum), unwrought or in semi-manufactured forms, or in powder form.;Total Exports;Net Weight(Kg);Kenya;SADC
Feb 2020;13700;71069100 - Silver (including silver plated with gold or platinum), unwrought or in semi-manufactured forms, or in powder form.- Other:-- Unwrought;Total Exports;Net Weight(Kg);Kenya;SADC
Dec 2021;14110;26 - Ores, slag and ash.;Total Imports;Net Weight(Kg);DR Congo;European Union All Countries
Dec 2021;14110;2616 - Precious metal ores and concentrates.;Total Imports;Net Weight(Kg);DR Congo;European Union All Countries
Apr 2023;14332;26 - Ores, slag and ash.;Total Imports;CIF Value (US$);Uganda;SADC
Apr 2023;14332;2601 - Iron ores and concentrates, including roasted iron pyrites.;Total Imports;CIF Value (US$);Uganda;SADC
Apr 2023;14332;26011100 - Iron ores and concentrates, including roasted iron pyrites. - Iron ores and concentrates, other than roasted iron pyrites: -- Non-agglomerated;Total Imports;CIF Value (US$);Uganda;SADC
Dec 2021;14350;26 - Ores, slag and ash.;Total Imports;Net Weight(Kg);Uganda;SADC
Mar 2025;14526;7108 - Gold (including gold plated with platinum) unwrought or in semi-manufactured forms, or in powder form.;Total Exports;Net Weight(Kg);United Republic of Tanzania;ASEAN
Mar 2025;14526;71081200 - Gold (including gold plated with platinum) unwrought or in semi-manufactured forms, or in powder form.- Non-monetary:-- Other unwrought forms;Total Exports;Net Weight(Kg);United Republic of Tanzania;ASEAN
Mar 2025;14526;7108 - Gold (including gold plated with platinum) unwrought or in semi-manufactured forms, or in powder form.;Total Exports;Quantity;United Republic of Tanzania;ASEAN
Mar 2025;14526;71081200 - Gold (including gold plated with platinum) unwrought or in semi-manufactured forms, or in powder form.- Non-monetary:-- Other unwrought forms;Total Exports;Quantity;United Republic of Tanzania;ASEAN
Feb 2023;15000;26 - Ores, slag and ash.;Total Imports;Net Weight(Kg);Uganda;SADC
Mar 2025;15270;7108 - Gold (including gold plated with platinum) unwrought or in semi-manufactured forms, or in powder form.;Total Exports;Net Weight(Kg);DR Congo;SADC
Mar 2025;15270;71081200 - Gold (including gold plated with platinum) unwrought or in semi-manufactured forms, or in powder form.- Non-monetary:-- Other unwrought forms;Total Exports;Net Weight(Kg);DR Congo;SADC
Mar 2022;15640;7110 - Platinum, unwrought or in semi-manufactured forms, or in powder form.;Total Imports;CIF Value (US$);United Republic of Tanzania;SADC
Aug 2023;15680;26 - Ores, slag and ash.;Total Exports;Net Weight(Kg);Uganda;European Union All Countries
Aug 2023;15680;2606 - Aluminium ores and concentrates.;Total Exports;Net Weight(Kg);Uganda;European Union All Countries
Aug 2023;15680;26 - Ores, slag and ash.;Total Exports;Quantity;Uganda;European Union All Countries
Aug 2023;15680;2606 - Aluminium ores and concentrates.;Total Exports;Quantity;Uganda;European Union All Countries
Dec 2021;15725;7108 - Gold (including gold plated with platinum) unwrought or in semi-manufactured forms, or in powder form.;Total Exports;Net Weight(Kg);United Republic of Tanzania;SADC
Dec 2021;15725;71081200 - Gold (including gold plated with platinum) unwrought or in semi-manufactured forms, or in powder form.- Non-monetary:-- Other unwrought forms;Total Exports;Net Weight(Kg);United Republic of Tanzania;SADC
Dec 2021;15725;7108 - Gold (including gold plated with platinum) unwrought or in semi-manufactured forms, or in powder form.;Total Exports;Quantity;United Republic of Tanzania;SADC
Dec 2021;15725;71081200 - Gold (including gold plated with platinum) unwrought or in semi-manufactured forms, or in powder form.- Non-monetary:-- Other unwrought forms;Total Exports;Quantity;United Republic of Tanzania;SADC
Mar 2023;16000;2616 - Precious metal ores and concentrates.;Total Exports;FOB Value (US$);United Republic of Tanzania;ASEAN
Mar 2021;16160;7108 - Gold (including gold plated with platinum) unwrought or in semi-manufactured forms, or in powder form.;Total Imports;Net Weight(Kg);Uganda;SADC
Mar 2021;16160;71081300 - Gold (including gold plated with platinum) unwrought or in semi-manufactured forms, or in powder form.- Non-monetary:-- Other semi-manufactured forms;Total Imports;Net Weight(Kg);Uganda;SADC
Jun 2021;16420;71081300 - Gold (including gold plated with platinum) unwrought or in semi-manufactured forms, or in powder form.- Non-monetary:-- Other semi-manufactured forms;Total Imports;Net Weight(Kg);Uganda;SADC
Sep 2020;16490;71081300 - Gold (including gold plated with platinum) unwrought or in semi-manufactured forms, or in powder form.- Non-monetary:-- Other semi-manufactured forms;Total Imports;Net Weight(Kg);Uganda;SADC
Jan 2020;16667;26 - Ores, slag and ash.;Total Exports;FOB Value (US$);United Republic of Tanzania;SADC
Jan 2020;16667;2616 - Precious metal ores and concentrates.;Total Exports;FOB Value (US$);United Republic of Tanzania;SADC
Nov 2020;16700;71081300 - Gold (including gold plated with platinum) unwrought or in semi-manufactured forms, or in powder form.- Non-monetary:-- Other semi-manufactured forms;Total Imports;Net Weight(Kg);Uganda;SADC
Feb 2020;16730;26 - Ores, slag and ash.;Total Imports;Net Weight(Kg);United Republic of Tanzania;SADC
Feb 2020;16730;26 - Ores, slag and ash.;Total Imports;Quantity;United Republic of Tanzania;SADC
Feb 2021;16740;7108 - Gold (including gold plated with platinum) unwrought or in semi-manufactured forms, or in powder form.;Total Imports;Net Weight(Kg);Uganda;SADC
Feb 2021;16740;71081300 - Gold (including gold plated with platinum) unwrought or in semi-manufactured forms, or in powder form.- Non-monetary:-- Other semi-manufactured forms;Total Imports;Net Weight(Kg);Uganda;SADC
Feb 2021;16740;7108 - Gold (including gold plated with platinum) unwrought or in semi-manufactured forms, or in powder form.;Total Imports;Quantity;Uganda;SADC
Feb 2021;16740;71081300 - Gold (including gold plated with platinum) unwrought or in semi-manufactured forms, or in powder form.- Non-monetary:-- Other semi-manufactured forms;Total Imports;Quantity;Uganda;SADC
Jan 2025;17065;26 - Ores, slag and ash.;Total Exports;Net Weight(Kg);United Republic of Tanzania;SADC
Jan 2025;17065;2603 - Copper ores and concentrates.;Total Exports;Net Weight(Kg);United Republic of Tanzania;SADC
Jan 2025;17065;26 - Ores, slag and ash.;Total Exports;Quantity;United Republic of Tanzania;SADC
Jan 2025;17065;2603 - Copper ores and concentrates.;Total Exports;Quantity;United Republic of Tanzania;SADC
May 2025;17350;7108 - Gold (including gold plated with platinum) unwrought or in semi-manufactured forms, or in powder form.;Total Exports;Net Weight(Kg);DR Congo;SADC
May 2025;17350;71081200 - Gold (including gold plated with platinum) unwrought or in semi-manufactured forms, or in powder form.- Non-monetary:-- Other unwrought forms;Total Exports;Net Weight(Kg);DR Congo;SADC
Jul 2023;17520;2504 - Natural graphite.;Total Exports;Net Weight(Kg);Rwanda;SADC
Jul 2023;17520;2504 - Natural graphite.;Total Exports;Quantity;Rwanda;SADC
Feb 2025;18100;7108 - Gold (including gold plated with platinum) unwrought or in semi-manufactured forms, or in powder form.;Total Exports;Net Weight(Kg);DR Congo;SADC
Feb 2025;18100;71081200 - Gold (including gold plated with platinum) unwrought or in semi-manufactured forms, or in powder form.- Non-monetary:-- Other unwrought forms;Total Exports;Net Weight(Kg);DR Congo;SADC
Jul 2020;18200;71081300 - Gold (including gold plated with platinum) unwrought or in semi-manufactured forms, or in powder form.- Non-monetary:-- Other semi-manufactured forms;Total Imports;Net Weight(Kg);Uganda;SADC
Nov 2024;18280;7108 - Gold (including gold plated with platinum) unwrought or in semi-manufactured forms, or in powder form.;Total Imports;Net Weight(Kg);Uganda;SADC
Nov 2024;18280;71081200 - Gold (including gold plated with platinum) unwrought or in semi-manufactured forms, or in powder form.- Non-monetary:-- Other unwrought forms;Total Imports;Net Weight(Kg);Uganda;SADC
Jan 2023;18570;2609 - Tin ores and concentrates.;Total Exports;Net Weight(Kg);DR Congo;SADC
May 2021;18870;71081300 - Gold (including gold plated with platinum) unwrought or in semi-manufactured forms, or in powder form.- Non-monetary:-- Other semi-manufactured forms;Total Imports;Net Weight(Kg);Uganda;SADC
Oct 2020;18980;7106 - Silver (including silver plated with gold or platinum), unwrought or in semi-manufactured forms, or in powder form.;Total Exports;Net Weight(Kg);Kenya;SADC
Oct 2020;18980;71069100 - Silver (including silver plated with gold or platinum), unwrought or in semi-manufactured forms, or in powder form.- Other:-- Unwrought;Total Exports;Net Weight(Kg);Kenya;SADC
Feb 2021;19000;2504 - Natural graphite.;Total Imports;Net Weight(Kg);Uganda;European Union All Countries
Feb 2021;19000;2504 - Natural graphite.;Total Imports;Quantity;Uganda;European Union All Countries
Sep 2024;19000;7106 - Silver (including silver plated with gold or platinum), unwrought or in semi-manufactured forms, or in powder form.;Total Exports;Quantity;Uganda;European Union All Countries
Sep 2024;19000;71069100 - Silver (including silver plated with gold or platinum), unwrought or in semi-manufactured forms, or in powder form.- Other:-- Unwrought;Total Exports;Quantity;Uganda;European Union All Countries
May 2025;19000;7108 - Gold (including gold plated with platinum) unwrought or in semi-manufactured forms, or in powder form.;Total Imports;Quantity;Kenya;European Union All Countries
May 2025;19000;71081300 - Gold (including gold plated with platinum) unwrought or in semi-manufactured forms, or in powder form.- Non-monetary:-- Other semi-manufactured forms;Total Imports;Quantity;Kenya;European Union All Countries
Jan 2021;19340;7108 - Gold (including gold plated with platinum) unwrought or in semi-manufactured forms, or in powder form.;Total Imports;Net Weight(Kg);Uganda;SADC
Jan 2021;19340;71081300 - Gold (including gold plated with platinum) unwrought or in semi-manufactured forms, or in powder form.- Non-monetary:-- Other semi-manufactured forms;Total Imports;Net Weight(Kg);Uganda;SADC
Jan 2021;19340;7108 - Gold (including gold plated with platinum) unwrought or in semi-manufactured forms, or in powder form.;Total Imports;Quantity;Uganda;SADC
Jan 2021;19340;71081300 - Gold (including gold plated with platinum) unwrought or in semi-manufactured forms, or in powder form.- Non-monetary:-- Other semi-manufactured forms;Total Imports;Quantity;Uganda;SADC
Feb 2025;19500;7106 - Silver (including silver plated with gold or platinum), unwrought or in semi-manufactured forms, or in powder form.;Total Exports;Quantity;Uganda;European Union All Countries
Feb 2025;19500;71069100 - Silver (including silver plated with gold or platinum), unwrought or in semi-manufactured forms, or in powder form.- Other:-- Unwrought;Total Exports;Quantity;Uganda;European Union All Countries
Apr 2025;19690;7108 - Gold (including gold plated with platinum) unwrought or in semi-manufactured forms, or in powder form.;Total Exports;Net Weight(Kg);DR Congo;SADC
Apr 2025;19690;71081200 - Gold (including gold plated with platinum) unwrought or in semi-manufactured forms, or in powder form.- Non-monetary:-- Other unwrought forms;Total Exports;Net Weight(Kg);DR Congo;SADC
Jun 2025;19910;7108 - Gold (including gold plated with platinum) unwrought or in semi-manufactured forms, or in powder form.;Total Exports;Net Weight(Kg);DR Congo;SADC
Jun 2025;19910;71081200 - Gold (including gold plated with platinum) unwrought or in semi-manufactured forms, or in powder form.- Non-monetary:-- Other unwrought forms;Total Exports;Net Weight(Kg);DR Congo;SADC
Sep 2022;20000;26 - Ores, slag and ash.;Total Imports;Net Weight(Kg);Uganda;SADC
Feb 2025;20000;26 - Ores, slag and ash.;Total Imports;Net Weight(Kg);Uganda;SADC
Oct 2020;20000;2603 - Copper ores and concentrates.;Total Exports;Net Weight(Kg);United Republic of Tanzania;SADC
Aug 2025;20000;7106 - Silver (including silver plated with gold or platinum), unwrought or in semi-manufactured forms, or in powder form.;Total Exports;Net Weight(Kg);United Republic of Tanzania;SADC
Aug 2025;20000;71061000 - Silver (including silver plated with gold or platinum), unwrought or in semi-manufactured forms, or in powder form.- Powder;Total Exports;Net Weight(Kg);United Republic of Tanzania;SADC
Oct 2023;20000;26 - Ores, slag and ash.;Total Exports;Quantity;DR Congo;SADC
Feb 2025;20000;26 - Ores, slag and ash.;Total Imports;Quantity;Uganda;SADC
Oct 2020;20000;2603 - Copper ores and concentrates.;Total Exports;Quantity;United Republic of Tanzania;SADC
Aug 2025;20000;7106 - Silver (including silver plated with gold or platinum), unwrought or in semi-manufactured forms, or in powder form.;Total Exports;Quantity;United Republic of Tanzania;SADC
Aug 2025;20000;71061000 - Silver (including silver plated with gold or platinum), unwrought or in semi-manufactured forms, or in powder form.- Powder;Total Exports;Quantity;United Republic of Tanzania;SADC
Feb 2025;20402;2603 - Copper ores and concentrates.;Total Imports;CIF Value (US$);United Republic of Tanzania;SADC
Aug 2025;20590;2603 - Copper ores and concentrates.;Total Imports;Quantity;DR Congo;European Union All Countries
Jul 2022;20955;26 - Ores, slag and ash.;Total Exports;Net Weight(Kg);United Republic of Tanzania;SADC
Jul 2022;20955;26 - Ores, slag and ash.;Total Exports;Quantity;United Republic of Tanzania;SADC
Jun 2024;21000;7108 - Gold (including gold plated with platinum) unwrought or in semi-manufactured forms, or in powder form.;Total Imports;Quantity;Kenya;European Union All Countries
Jun 2024;21000;71081300 - Gold (including gold plated with platinum) unwrought or in semi-manufactured forms, or in powder form.- Non-monetary:-- Other semi-manufactured forms;Total Imports;Quantity;Kenya;European Union All Countries
Apr 2024;21451;2609 - Tin ores and concentrates.;Total Exports;Net Weight(Kg);Rwanda;SADC
Jul 2025;21500;2609 - Tin ores and concentrates.;Total Imports;Net Weight(Kg);DR Congo;European Union All Countries
Apr 2024;21501;26 - Ores, slag and ash.;Total Exports;Net Weight(Kg);Rwanda;SADC
Jan 2020;21527;7108 - Gold (including gold plated with platinum) unwrought or in semi-manufactured forms, or in powder form.;Total Imports;Net Weight(Kg);Rwanda;SADC
Jan 2020;21527;71081200 - Gold (including gold plated with platinum) unwrought or in semi-manufactured forms, or in powder form.- Non-monetary:-- Other unwrought forms;Total Imports;Net Weight(Kg);Rwanda;SADC
Sep 2023;21567;71081200 - Gold (including gold plated with platinum) unwrought or in semi-manufactured forms, or in powder form.- Non-monetary:-- Other unwrought forms;Total Imports;Net Weight(Kg);Uganda;SADC
Oct 2024;22320;7108 - Gold (including gold plated with platinum) unwrought or in semi-manufactured forms, or in powder form.;Total Imports;Net Weight(Kg);Uganda;SADC
Oct 2024;22320;71081200 - Gold (including gold plated with platinum) unwrought or in semi-manufactured forms, or in powder form.- Non-monetary:-- Other unwrought forms;Total Imports;Net Weight(Kg);Uganda;SADC
Jan 2025;22330;7108 - Gold (including gold plated with platinum) unwrought or in semi-manufactured forms, or in powder form.;Total Exports;Net Weight(Kg);DR Congo;SADC
Jan 2025;22330;71081200 - Gold (including gold plated with platinum) unwrought or in semi-manufactured forms, or in powder form.- Non-monetary:-- Other unwrought forms;Total Exports;Net Weight(Kg);DR Congo;SADC
Feb 2023;22657;7108 - Gold (including gold plated with platinum) unwrought or in semi-manufactured forms, or in powder form.;Total Imports;Net Weight(Kg);Uganda;SADC
Feb 2023;22657;71081200 - Gold (including gold plated with platinum) unwrought or in semi-manufactured forms, or in powder form.- Non-monetary:-- Other unwrought forms;Total Imports;Net Weight(Kg);Uganda;SADC
Mar 2020;22750;7106 - Silver (including silver plated with gold or platinum), unwrought or in semi-manufactured forms, or in powder form.;Total Exports;Net Weight(Kg);Kenya;SADC
Mar 2020;22750;71069100 - Silver (including silver plated with gold or platinum), unwrought or in semi-manufactured forms, or in powder form.- Other:-- Unwrought;Total Exports;Net Weight(Kg);Kenya;SADC
Jul 2024;22870;26 - Ores, slag and ash.;Total Exports;Net Weight(Kg);DR Congo;SADC
Jul 2024;22870;2603 - Copper ores and concentrates.;Total Exports;Net Weight(Kg);DR Congo;SADC
Jul 2025;22900;2603 - Copper ores and concentrates.;Total Imports;Quantity;DR Congo;SADC
Dec 2022;22939;26 - Ores, slag and ash.;Total Exports;FOB Value (US$);United Republic of Tanzania;SADC
Dec 2022;22939;2604 - Nickel ores and concentrates.;Total Exports;FOB Value (US$);United Republic of Tanzania;SADC
Jun 2023;22980;26 - Ores, slag and ash.;Total Exports;Net Weight(Kg);DR Congo;European Union All Countries
Dec 2020;23190;71081300 - Gold (including gold plated with platinum) unwrought or in semi-manufactured forms, or in powder form.- Non-monetary:-- Other semi-manufactured forms;Total Imports;Net Weight(Kg);Uganda;SADC
Jul 2025;23300;26 - Ores, slag and ash.;Total Imports;Quantity;DR Congo;SADC
Aug 2021;23546;7108 - Gold (including gold plated with platinum) unwrought or in semi-manufactured forms, or in powder form.;Total Exports;Quantity;DR Congo;ASEAN
Aug 2021;23546;71081200 - Gold (including gold plated with platinum) unwrought or in semi-manufactured forms, or in powder form.- Non-monetary:-- Other unwrought forms;Total Exports;Quantity;DR Congo;ASEAN
Feb 2022;23700;26 - Ores, slag and ash.;Total Exports;Net Weight(Kg);DR Congo;European Union All Countries
Dec 2024;24450;7108 - Gold (including gold plated with platinum) unwrought or in semi-manufactured forms, or in powder form.;Total Imports;Net Weight(Kg);Uganda;SADC
Dec 2024;24450;71081200 - Gold (including gold plated with platinum) unwrought or in semi-manufactured forms, or in powder form.- Non-monetary:-- Other unwrought forms;Total Imports;Net Weight(Kg);Uganda;SADC
Sep 2022;25123;71081200 - Gold (including gold plated with platinum) unwrought or in semi-manufactured forms, or in powder form.- Non-monetary:-- Other unwrought forms;Total Imports;Net Weight(Kg);Uganda;SADC
Sep 2021;25180;2504 - Natural graphite.;Total Imports;Net Weight(Kg);United Republic of Tanzania;European Union All Countries
Sep 2021;25180;2504 - Natural graphite.;Total Imports;Quantity;United Republic of Tanzania;European Union All Countries
Aug 2023;25560;2609 - Tin ores and concentrates.;Total Exports;Net Weight(Kg);DR Congo;European Union All Countries
Sep 2022;25723;7108 - Gold (including gold plated with platinum) unwrought or in semi-manufactured forms, or in powder form.;Total Imports;Net Weight(Kg);Uganda;SADC
Jun 2023;26050;2603 - Copper ores and concentrates.;Total Exports;Net Weight(Kg);DR Congo;SADC
Feb 2025;26290;2603 - Copper ores and concentrates.;Total Imports;Net Weight(Kg);United Republic of Tanzania;SADC
Feb 2025;26290;2603 - Copper ores and concentrates.;Total Imports;Quantity;United Republic of Tanzania;SADC
Jun 2023;26540;26 - Ores, slag and ash.;Total Exports;Net Weight(Kg);DR Congo;SADC
Aug 2023;26590;26 - Ores, slag and ash.;Total Exports;Net Weight(Kg);DR Congo;European Union All Countries
Apr 2024;26730;7106 - Silver (including silver plated with gold or platinum), unwrought or in semi-manufactured forms, or in powder form.;Total Exports;FOB Value (US$);United Republic of Tanzania;European Union All Countries
Apr 2024;26730;71069100 - Silver (including silver plated with gold or platinum), unwrought or in semi-manufactured forms, or in powder form.- Other:-- Unwrought;Total Exports;FOB Value (US$);United Republic of Tanzania;European Union All Countries
Mar 2023;26800;7108 - Gold (including gold plated with platinum) unwrought or in semi-manufactured forms, or in powder form.;Total Imports;Quantity;Uganda;SADC
Mar 2023;26800;71081300 - Gold (including gold plated with platinum) unwrought or in semi-manufactured forms, or in powder form.- Non-monetary:-- Other semi-manufactured forms;Total Imports;Quantity;Uganda;SADC
Jul 2024;27301;7108 - Gold (including gold plated with platinum) unwrought or in semi-manufactured forms, or in powder form.;Total Exports;Net Weight(Kg);Kenya;SADC
Jul 2024;27301;71081300 - Gold (including gold plated with platinum) unwrought or in semi-manufactured forms, or in powder form.- Non-monetary:-- Other semi-manufactured forms;Total Exports;Net Weight(Kg);Kenya;SADC
Dec 2022;28884;71081200 - Gold (including gold plated with platinum) unwrought or in semi-manufactured forms, or in powder form.- Non-monetary:-- Other unwrought forms;Total Imports;Net Weight(Kg);Uganda;SADC
May 2022;29000;2604 - Nickel ores and concentrates.;Total Exports;FOB Value (US$);United Republic of Tanzania;SADC
Nov 2020;29030;7108 - Gold (including gold plated with platinum) unwrought or in semi-manufactured forms, or in powder form.;Total Exports;Net Weight(Kg);Kenya;SADC
Nov 2020;29030;71081300 - Gold (including gold plated with platinum) unwrought or in semi-manufactured forms, or in powder form.- Non-monetary:-- Other semi-manufactured forms;Total Exports;Net Weight(Kg);Kenya;SADC
Feb 2024;29250;7108 - Gold (including gold plated with platinum) unwrought or in semi-manufactured forms, or in powder form.;Total Imports;Net Weight(Kg);Uganda;SADC
Feb 2024;29250;71081200 - Gold (including gold plated with platinum) unwrought or in semi-manufactured forms, or in powder form.- Non-monetary:-- Other unwrought forms;Total Imports;Net Weight(Kg);Uganda;SADC
Dec 2022;29484;7108 - Gold (including gold plated with platinum) unwrought or in semi-manufactured forms, or in powder form.;Total Imports;Net Weight(Kg);Uganda;SADC
Jul 2020;29787;7108 - Gold (including gold plated with platinum) unwrought or in semi-manufactured forms, or in powder form.;Total Imports;Net Weight(Kg);Uganda;SADC
Nov 2021;29925;2504 - Natural graphite.;Total Imports;CIF Value (US$);Uganda;European Union All Countries
Jun 2025;30000;7106 - Silver (including silver plated with gold or platinum), unwrought or in semi-manufactured forms, or in powder form.;Total Imports;Quantity;Kenya;European Union All Countries
Jun 2025;30000;71069200 - Silver (including silver plated with gold or platinum), unwrought or in semi-manufactured forms, or in powder form.- Other:-- Semi-manufactured;Total Imports;Quantity;Kenya;European Union All Countries
Sep 2022;30317;7108 - Gold (including gold plated with platinum) unwrought or in semi-manufactured forms, or in powder form.;Total Exports;Quantity;DR Congo;European Union All Countries
Sep 2022;30317;71081200 - Gold (including gold plated with platinum) unwrought or in semi-manufactured forms, or in powder form.- Non-monetary:-- Other unwrought forms;Total Exports;Quantity;DR Congo;European Union All Countries
Jan 2021;30530;7111 - Base metals, silver or gold,clad with platinum, not further worked than semi-manufactured.;Total Imports;CIF Value (US$);United Republic of Tanzania;SADC
Feb 2023;31128;7108 - Gold (including gold plated with platinum) unwrought or in semi-manufactured forms, or in powder form.;Total Exports;Net Weight(Kg);United Republic of Tanzania;ASEAN
Feb 2023;31128;71081200 - Gold (including gold plated with platinum) unwrought or in semi-manufactured forms, or in powder form.- Non-monetary:-- Other unwrought forms;Total Exports;Net Weight(Kg);United Republic of Tanzania;ASEAN
Feb 2023;31128;7108 - Gold (including gold plated with platinum) unwrought or in semi-manufactured forms, or in powder form.;Total Exports;Quantity;United Republic of Tanzania;ASEAN
Feb 2023;31128;71081200 - Gold (including gold plated with platinum) unwrought or in semi-manufactured forms, or in powder form.- Non-monetary:-- Other unwrought forms;Total Exports;Quantity;United Republic of Tanzania;ASEAN
Jun 2022;31226;7108 - Gold (including gold plated with platinum) unwrought or in semi-manufactured forms, or in powder form.;Total Exports;Quantity;DR Congo;ASEAN
Feb 2021;31350;26 - Ores, slag and ash.;Total Imports;CIF Value (US$);United Republic of Tanzania;SADC
Jan 2022;31409;26 - Ores, slag and ash.;Total Exports;Net Weight(Kg);United Republic of Tanzania;European Union All Countries
Jan 2022;31409;2603 - Copper ores and concentrates.;Total Exports;Net Weight(Kg);United Republic of Tanzania;European Union All Countries
Jun 2023;31993;7108 - Gold (including gold plated with platinum) unwrought or in semi-manufactured forms, or in powder form.;Total Imports;Net Weight(Kg);Uganda;SADC
Nov 2022;32000;26 - Ores, slag and ash.;Total Imports;Net Weight(Kg);DR Congo;SADC
Apr 2021;32230;7108 - Gold (including gold plated with platinum) unwrought or in semi-manufactured forms, or in powder form.;Total Exports;Net Weight(Kg);Kenya;SADC
Apr 2021;32230;71081300 - Gold (including gold plated with platinum) unwrought or in semi-manufactured forms, or in powder form.- Non-monetary:-- Other semi-manufactured forms;Total Exports;Net Weight(Kg);Kenya;SADC
May 2023;32509;2504 - Natural graphite.;Total Imports;CIF Value (US$);Uganda;European Union All Countries
Sep 2022;32900;26 - Ores, slag and ash.;Total Exports;Net Weight(Kg);Uganda;SADC
Sep 2022;32900;26 - Ores, slag and ash.;Total Exports;Quantity;Uganda;SADC
Sep 2020;33770;7111 - Base metals, silver or gold,clad with platinum, not further worked than semi-manufactured.;Total Exports;Net Weight(Kg);Kenya;SADC
Sep 2024;34500;26 - Ores, slag and ash.;Total Imports;CIF Value (US$);DR Congo;SADC
May 2022;34751;7108 - Gold (including gold plated with platinum) unwrought or in semi-manufactured forms, or in powder form.;Total Exports;Net Weight(Kg);United Republic of Tanzania;SADC
May 2022;34751;71081200 - Gold (including gold plated with platinum) unwrought or in semi-manufactured forms, or in powder form.- Non-monetary:-- Other unwrought forms;Total Exports;Net Weight(Kg);United Republic of Tanzania;SADC
May 2022;34751;7108 - Gold (including gold plated with platinum) unwrought or in semi-manufactured forms, or in powder form.;Total Exports;Quantity;United Republic of Tanzania;SADC
May 2022;34751;71081200 - Gold (including gold plated with platinum) unwrought or in semi-manufactured forms, or in powder form.- Non-monetary:-- Other unwrought forms;Total Exports;Quantity;United Republic of Tanzania;SADC
Jul 2020;35000;2609 - Tin ores and concentrates.;Total Exports;Net Weight(Kg);DR Congo;SADC
Jan 2021;35040;7106 - Silver (including silver plated with gold or platinum), unwrought or in semi-manufactured forms, or in powder form.;Total Exports;Net Weight(Kg);Kenya;SADC
Jan 2021;35040;71069100 - Silver (including silver plated with gold or platinum), unwrought or in semi-manufactured forms, or in powder form.- Other:-- Unwrought;Total Exports;Net Weight(Kg);Kenya;SADC
May 2022;35174;26 - Ores, slag and ash.;Total Imports;CIF Value (US$);United Republic of Tanzania;European Union All Countries
Oct 2021;35534;26 - Ores, slag and ash.;Total Imports;CIF Value (US$);Uganda;SADC
Apr 2025;35770;26 - Ores, slag and ash.;Total Imports;Net Weight(Kg);Uganda;SADC
Apr 2025;35770;2601 - Iron ores and concentrates, including roasted iron pyrites.;Total Imports;Net Weight(Kg);Uganda;SADC
Apr 2025;35770;26011100 - Iron ores and concentrates, including roasted iron pyrites. - Iron ores and concentrates, other than roasted iron pyrites: -- Non-agglomerated;Total Imports;Net Weight(Kg);Uganda;SADC
Apr 2025;35770;26 - Ores, slag and ash.;Total Imports;Quantity;Uganda;SADC
Apr 2025;35770;2601 - Iron ores and concentrates, including roasted iron pyrites.;Total Imports;Quantity;Uganda;SADC
Apr 2025;35770;26011100 - Iron ores and concentrates, including roasted iron pyrites. - Iron ores and concentrates, other than roasted iron pyrites: -- Non-agglomerated;Total Imports;Quantity;Uganda;SADC
Sep 2025;36151;7108 - Gold (including gold plated with platinum) unwrought or in semi-manufactured forms, or in powder form.;Total Imports;CIF Value (US$);United Republic of Tanzania;ASEAN
Sep 2025;36151;71081200 - Gold (including gold plated with platinum) unwrought or in semi-manufactured forms, or in powder form.- Non-monetary:-- Other unwrought forms;Total Imports;CIF Value (US$);United Republic of Tanzania;ASEAN
Jul 2020;36417;2616 - Precious metal ores and concentrates.;Total Exports;Net Weight(Kg);United Republic of Tanzania;SADC
Jul 2020;36417;2616 - Precious metal ores and concentrates.;Total Exports;Quantity;United Republic of Tanzania;SADC
Jul 2020;36717;26 - Ores, slag and ash.;Total Exports;Net Weight(Kg);United Republic of Tanzania;SADC
Jul 2020;36717;26 - Ores, slag and ash.;Total Exports;Quantity;United Republic of Tanzania;SADC
Aug 2020;37200;2504 - Natural graphite.;Total Imports;CIF Value (US$);United Republic of Tanzania;European Union All Countries
May 2024;37500;26 - Ores, slag and ash.;Total Exports;FOB Value (US$);United Republic of Tanzania;ASEAN
May 2024;37500;2608 - Zinc ores and concentrates.;Total Exports;FOB Value (US$);United Republic of Tanzania;ASEAN
Mar 2024;37500;26 - Ores, slag and ash.;Total Imports;Net Weight(Kg);DR Congo;SADC
Jul 2020;38000;7106 - Silver (including silver plated with gold or platinum), unwrought or in semi-manufactured forms, or in powder form.;Total Exports;Net Weight(Kg);Kenya;SADC
Jul 2020;38000;71069100 - Silver (including silver plated with gold or platinum), unwrought or in semi-manufactured forms, or in powder form.- Other:-- Unwrought;Total Exports;Net Weight(Kg);Kenya;SADC
Nov 2023;39860;26 - Ores, slag and ash.;Total Imports;Net Weight(Kg);DR Congo;European Union All Countries
Dec 2020;40000;26 - Ores, slag and ash.;Total Imports;Net Weight(Kg);Kenya;SADC
Dec 2020;40000;26 - Ores, slag and ash.;Total Imports;Quantity;Kenya;SADC
Dec 2021;40000;7106 - Silver (including silver plated with gold or platinum), unwrought or in semi-manufactured forms, or in powder form.;Total Imports;Quantity;Kenya;European Union All Countries
Dec 2021;40000;71069200 - Silver (including silver plated with gold or platinum), unwrought or in semi-manufactured forms, or in powder form.- Other:-- Semi-manufactured;Total Imports;Quantity;Kenya;European Union All Countries
May 2023;40250;26 - Ores, slag and ash.;Total Imports;CIF Value (US$);United Republic of Tanzania;SADC
Nov 2023;40397;7110 - Platinum, unwrought or in semi-manufactured forms, or in powder form.;Total Imports;CIF Value (US$);United Republic of Tanzania;European Union All Countries
Sep 2025;40494;26 - Ores, slag and ash.;Total Exports;Quantity;DR Congo;ASEAN
Jun 2021;40670;71081200 - Gold (including gold plated with platinum) unwrought or in semi-manufactured forms, or in powder form.- Non-monetary:-- Other unwrought forms;Total Imports;Net Weight(Kg);Uganda;SADC
Nov 2023;41463;71081300 - Gold (including gold plated with platinum) unwrought or in semi-manufactured forms, or in powder form.- Non-monetary:-- Other semi-manufactured forms;Total Imports;Net Weight(Kg);Uganda;SADC
Aug 2021;42200;7108 - Gold (including gold plated with platinum) unwrought or in semi-manufactured forms, or in powder form.;Total Exports;Net Weight(Kg);Kenya;SADC
Aug 2021;42200;71081300 - Gold (including gold plated with platinum) unwrought or in semi-manufactured forms, or in powder form.- Non-monetary:-- Other semi-manufactured forms;Total Exports;Net Weight(Kg);Kenya;SADC
Aug 2021;42200;7108 - Gold (including gold plated with platinum) unwrought or in semi-manufactured forms, or in powder form.;Total Exports;Quantity;Kenya;SADC
Aug 2021;42200;71081300 - Gold (including gold plated with platinum) unwrought or in semi-manufactured forms, or in powder form.- Non-monetary:-- Other semi-manufactured forms;Total Exports;Quantity;Kenya;SADC
Jul 2023;43193;71081200 - Gold (including gold plated with platinum) unwrought or in semi-manufactured forms, or in powder form.- Non-monetary:-- Other unwrought forms;Total Imports;Net Weight(Kg);Uganda;SADC
Jan 2025;43846;26 - Ores, slag and ash.;Total Exports;FOB Value (US$);United Republic of Tanzania;SADC
Jan 2025;43846;2603 - Copper ores and concentrates.;Total Exports;FOB Value (US$);United Republic of Tanzania;SADC
Mar 2020;45500;26 - Ores, slag and ash.;Total Imports;Net Weight(Kg);DR Congo;European Union All Countries
Oct 2021;46077;7108 - Gold (including gold plated with platinum) unwrought or in semi-manufactured forms, or in powder form.;Total Exports;Net Weight(Kg);Kenya;SADC
Oct 2021;46077;71081300 - Gold (including gold plated with platinum) unwrought or in semi-manufactured forms, or in powder form.- Non-monetary:-- Other semi-manufactured forms;Total Exports;Net Weight(Kg);Kenya;SADC
Dec 2023;46100;7108 - Gold (including gold plated with platinum) unwrought or in semi-manufactured forms, or in powder form.;Total Exports;Quantity;Uganda;European Union All Countries
Dec 2023;46100;71081300 - Gold (including gold plated with platinum) unwrought or in semi-manufactured forms, or in powder form.- Non-monetary:-- Other semi-manufactured forms;Total Exports;Quantity;Uganda;European Union All Countries
Oct 2023;46620;71081200 - Gold (including gold plated with platinum) unwrought or in semi-manufactured forms, or in powder form.- Non-monetary:-- Other unwrought forms;Total Imports;Quantity;Uganda;SADC
Oct 2023;46720;7108 - Gold (including gold plated with platinum) unwrought or in semi-manufactured forms, or in powder form.;Total Imports;Quantity;Uganda;SADC
Oct 2021;47590;2603 - Copper ores and concentrates.;Total Exports;Net Weight(Kg);DR Congo;SADC
Nov 2022;47975;2603 - Copper ores and concentrates.;Total Imports;CIF Value (US$);United Republic of Tanzania;SADC
Apr 2020;49200;26 - Ores, slag and ash.;Total Imports;Net Weight(Kg);DR Congo;European Union All Countries
Sep 2025;50000;7108 - Gold (including gold plated with platinum) unwrought or in semi-manufactured forms, or in powder form.;Total Exports;Quantity;Uganda;European Union All Countries
Apr 2024;50000;71081200 - Gold (including gold plated with platinum) unwrought or in semi-manufactured forms, or in powder form.- Non-monetary:-- Other unwrought forms;Total Exports;Quantity;Kenya;SADC
Sep 2025;50000;71081300 - Gold (including gold plated with platinum) unwrought or in semi-manufactured forms, or in powder form.- Non-monetary:-- Other semi-manufactured forms;Total Exports;Quantity;Uganda;European Union All Countries
Jul 2024;50100;26 - Ores, slag and ash.;Total Imports;Net Weight(Kg);Kenya;SADC
Jul 2024;50100;26 - Ores, slag and ash.;Total Imports;Quantity;Kenya;SADC
Oct 2024;50297;2603 - Copper ores and concentrates.;Total Exports;Net Weight(Kg);DR Congo;SADC
Oct 2024;50500;26 - Ores, slag and ash.;Total Imports;Net Weight(Kg);Uganda;SADC
Nov 2024;50500;26 - Ores, slag and ash.;Total Imports;Net Weight(Kg);Uganda;SADC
Oct 2024;50500;26 - Ores, slag and ash.;Total Imports;Quantity;Uganda;SADC
Nov 2024;50500;26 - Ores, slag and ash.;Total Imports;Quantity;Uganda;SADC
Oct 2025;50514;2616 - Precious metal ores and concentrates.;Total Imports;Net Weight(Kg);United Republic of Tanzania;SADC
Oct 2025;50514;2616 - Precious metal ores and concentrates.;Total Imports;Quantity;United Republic of Tanzania;SADC
Aug 2023;51850;71081200 - Gold (including gold plated with platinum) unwrought or in semi-manufactured forms, or in powder form.- Non-monetary:-- Other unwrought forms;Total Imports;Quantity;Uganda;SADC
Feb 2021;52081;2504 - Natural graphite.;Total Imports;CIF Value (US$);Uganda;European Union All Countries
Oct 2024;55597;26 - Ores, slag and ash.;Total Exports;Net Weight(Kg);DR Congo;SADC
Oct 2020;55860;26 - Ores, slag and ash.;Total Imports;Quantity;Rwanda;SADC
Oct 2020;55860;2609 - Tin ores and concentrates.;Total Imports;Quantity;Rwanda;SADC
Oct 2025;55954;2603 - Copper ores and concentrates.;Total Imports;CIF Value (US$);United Republic of Tanzania;SADC
Mar 2023;56206;7106 - Silver (including silver plated with gold or platinum), unwrought or in semi-manufactured forms, or in powder form.;Total Imports;CIF Value (US$);United Republic of Tanzania;SADC
Mar 2023;56206;71069100 - Silver (including silver plated with gold or platinum), unwrought or in semi-manufactured forms, or in powder form.- Other:-- Unwrought;Total Imports;CIF Value (US$);United Republic of Tanzania;SADC
Jun 2021;57090;7108 - Gold (including gold plated with platinum) unwrought or in semi-manufactured forms, or in powder form.;Total Imports;Net Weight(Kg);Uganda;SADC
Aug 2023;57160;7108 - Gold (including gold plated with platinum) unwrought or in semi-manufactured forms, or in powder form.;Total Imports;Quantity;Uganda;SADC
Nov 2021;57370;26 - Ores, slag and ash.;Total Imports;CIF Value (US$);United Republic of Tanzania;SADC
May 2024;57599;26 - Ores, slag and ash.;Total Imports;CIF Value (US$);Uganda;European Union All Countries
May 2024;57599;2607 - Lead ores and concentrates.;Total Imports;CIF Value (US$);Uganda;European Union All Countries
Oct 2022;57950;7108 - Gold (including gold plated with platinum) unwrought or in semi-manufactured forms, or in powder form.;Total Imports;Quantity;Uganda;SADC
Oct 2022;57950;71081300 - Gold (including gold plated with platinum) unwrought or in semi-manufactured forms, or in powder form.- Non-monetary:-- Other semi-manufactured forms;Total Imports;Quantity;Uganda;SADC
Sep 2025;58210;2603 - Copper ores and concentrates.;Total Imports;Net Weight(Kg);DR Congo;European Union All Countries
Sep 2022;58500;2504 - Natural graphite.;Total Imports;Net Weight(Kg);Rwanda;European Union All Countries
Sep 2022;58500;2504 - Natural graphite.;Total Imports;Quantity;Rwanda;European Union All Countries
Sep 2025;59570;26 - Ores, slag and ash.;Total Imports;Net Weight(Kg);DR Congo;European Union All Countries
Apr 2020;60000;26 - Ores, slag and ash.;Total Exports;Net Weight(Kg);DR Congo;ASEAN
Dec 2022;60000;26 - Ores, slag and ash.;Total Imports;Net Weight(Kg);DR Congo;SADC
Mar 2023;60000;26 - Ores, slag and ash.;Total Imports;Net Weight(Kg);DR Congo;SADC
Jul 2021;60090;26 - Ores, slag and ash.;Total Imports;CIF Value (US$);United Republic of Tanzania;SADC
Sep 2022;60375;7108 - Gold (including gold plated with platinum) unwrought or in semi-manufactured forms, or in powder form.;Total Exports;FOB Value (US$);United Republic of Tanzania;ASEAN
Sep 2022;60375;71081200 - Gold (including gold plated with platinum) unwrought or in semi-manufactured forms, or in powder form.- Non-monetary:-- Other unwrought forms;Total Exports;FOB Value (US$);United Republic of Tanzania;ASEAN
Jul 2023;63368;71081200 - Gold (including gold plated with platinum) unwrought or in semi-manufactured forms, or in powder form.- Non-monetary:-- Other unwrought forms;Total Imports;Quantity;Uganda;SADC
Jul 2023;63408;7108 - Gold (including gold plated with platinum) unwrought or in semi-manufactured forms, or in powder form.;Total Imports;Quantity;Uganda;SADC
Sep 2022;63960;71081300 - Gold (including gold plated with platinum) unwrought or in semi-manufactured forms, or in powder form.- Non-monetary:-- Other semi-manufactured forms;Total Imports;Quantity;Uganda;SADC
Nov 2022;64560;71081300 - Gold (including gold plated with platinum) unwrought or in semi-manufactured forms, or in powder form.- Non-monetary:-- Other semi-manufactured forms;Total Imports;Quantity;Uganda;SADC
Jan 2020;65170;71081200 - Gold (including gold plated with platinum) unwrought or in semi-manufactured forms, or in powder form.- Non-monetary:-- Other unwrought forms;Total Imports;Quantity;Uganda;SADC
Sep 2024;66010;2603 - Copper ores and concentrates.;Total Exports;Net Weight(Kg);DR Congo;SADC
Feb 2022;66210;26 - Ores, slag and ash.;Total Imports;CIF Value (US$);United Republic of Tanzania;SADC
May 2023;66616;71081200 - Gold (including gold plated with platinum) unwrought or in semi-manufactured forms, or in powder form.- Non-monetary:-- Other unwrought forms;Total Imports;Net Weight(Kg);Uganda;SADC
Aug 2022;66700;71081300 - Gold (including gold plated with platinum) unwrought or in semi-manufactured forms, or in powder form.- Non-monetary:-- Other semi-manufactured forms;Total Imports;Quantity;Uganda;SADC
Aug 2023;66767;26 - Ores, slag and ash.;Total Exports;FOB Value (US$);Uganda;European Union All Countries
Aug 2023;66767;2606 - Aluminium ores and concentrates.;Total Exports;FOB Value (US$);Uganda;European Union All Countries
Sep 2024;67140;26 - Ores, slag and ash.;Total Exports;Net Weight(Kg);DR Congo;SADC
Apr 2021;70000;26 - Ores, slag and ash.;Total Exports;FOB Value (US$);United Republic of Tanzania;ASEAN
Sep 2023;70000;26 - Ores, slag and ash.;Total Exports;FOB Value (US$);United Republic of Tanzania;ASEAN
Sep 2023;70000;2603 - Copper ores and concentrates.;Total Exports;FOB Value (US$);United Republic of Tanzania;ASEAN
Nov 2024;70000;26 - Ores, slag and ash.;Total Imports;Net Weight(Kg);DR Congo;SADC
Nov 2022;70300;71081200 - Gold (including gold plated with platinum) unwrought or in semi-manufactured forms, or in powder form.- Non-monetary:-- Other unwrought forms;Total Imports;Quantity;Uganda;SADC
Mar 2021;70460;26 - Ores, slag and ash.;Total Imports;CIF Value (US$);United Republic of Tanzania;SADC
Mar 2021;70460;2601 - Iron ores and concentrates, including roasted iron pyrites.;Total Imports;CIF Value (US$);United Republic of Tanzania;SADC
Mar 2021;70460;26011100 - Iron ores and concentrates, including roasted iron pyrites. - Iron ores and concentrates, other than roasted iron pyrites: -- Non-agglomerated;Total Imports;CIF Value (US$);United Republic of Tanzania;SADC
Jul 2022;70490;7106 - Silver (including silver plated with gold or platinum), unwrought or in semi-manufactured forms, or in powder form.;Total Imports;Net Weight(Kg);DR Congo;European Union All Countries
Jul 2022;70490;71069100 - Silver (including silver plated with gold or platinum), unwrought or in semi-manufactured forms, or in powder form.- Other:-- Unwrought;Total Imports;Net Weight(Kg);DR Congo;European Union All Countries
Jul 2022;70490;7106 - Silver (including silver plated with gold or platinum), unwrought or in semi-manufactured forms, or in powder form.;Total Imports;Quantity;DR Congo;European Union All Countries
Jul 2022;70490;71069100 - Silver (including silver plated with gold or platinum), unwrought or in semi-manufactured forms, or in powder form.- Other:-- Unwrought;Total Imports;Quantity;DR Congo;European Union All Countries
Jun 2022;72020;7108 - Gold (including gold plated with platinum) unwrought or in semi-manufactured forms, or in powder form.;Total Imports;Quantity;Uganda;SADC
Jun 2022;72020;71081300 - Gold (including gold plated with platinum) unwrought or in semi-manufactured forms, or in powder form.- Non-monetary:-- Other semi-manufactured forms;Total Imports;Quantity;Uganda;SADC
Jul 2022;72700;7108 - Gold (including gold plated with platinum) unwrought or in semi-manufactured forms, or in powder form.;Total Imports;Quantity;Uganda;SADC
Jul 2022;72700;71081300 - Gold (including gold plated with platinum) unwrought or in semi-manufactured forms, or in powder form.- Non-monetary:-- Other semi-manufactured forms;Total Imports;Quantity;Uganda;SADC
Nov 2020;72891;71081200 - Gold (including gold plated with platinum) unwrought or in semi-manufactured forms, or in powder form.- Non-monetary:-- Other unwrought forms;Total Imports;Net Weight(Kg);Uganda;SADC
Apr 2023;75657;71081300 - Gold (including gold plated with platinum) unwrought or in semi-manufactured forms, or in powder form.- Non-monetary:-- Other semi-manufactured forms;Total Imports;Net Weight(Kg);Uganda;SADC
Apr 2023;75680;71081300 - Gold (including gold plated with platinum) unwrought or in semi-manufactured forms, or in powder form.- Non-monetary:-- Other semi-manufactured forms;Total Imports;Quantity;Uganda;SADC
Mar 2024;76522;2504 - Natural graphite.;Total Exports;Net Weight(Kg);United Republic of Tanzania;SADC
Mar 2024;76522;2504 - Natural graphite.;Total Exports;Quantity;United Republic of Tanzania;SADC
Aug 2023;77238;7108 - Gold (including gold plated with platinum) unwrought or in semi-manufactured forms, or in powder form.;Total Exports;FOB Value (US$);United Republic of Tanzania;European Union All Countries
Aug 2023;77238;71081200 - Gold (including gold plated with platinum) unwrought or in semi-manufactured forms, or in powder form.- Non-monetary:-- Other unwrought forms;Total Exports;FOB Value (US$);United Republic of Tanzania;European Union All Countries
Apr 2023;77310;7108 - Gold (including gold plated with platinum) unwrought or in semi-manufactured forms, or in powder form.;Total Imports;Quantity;Uganda;SADC
Sep 2022;77769;26 - Ores, slag and ash.;Total Exports;FOB Value (US$);Uganda;SADC
Dec 2020;77937;71081200 - Gold (including gold plated with platinum) unwrought or in semi-manufactured forms, or in powder form.- Non-monetary:-- Other unwrought forms;Total Imports;Net Weight(Kg);Uganda;SADC
Jul 2020;78220;2504 - Natural graphite.;Total Imports;CIF Value (US$);United Republic of Tanzania;SADC
Dec 2024;80000;26 - Ores, slag and ash.;Total Imports;Net Weight(Kg);DR Congo;SADC
Jun 2024;80000;7110 - Platinum, unwrought or in semi-manufactured forms, or in powder form.;Total Imports;Quantity;Kenya;SADC
Jan 2020;80510;7108 - Gold (including gold plated with platinum) unwrought or in semi-manufactured forms, or in powder form.;Total Exports;Net Weight(Kg);Kenya;SADC
Jan 2020;80510;71081300 - Gold (including gold plated with platinum) unwrought or in semi-manufactured forms, or in powder form.- Non-monetary:-- Other semi-manufactured forms;Total Exports;Net Weight(Kg);Kenya;SADC
May 2022;81000;2603 - Copper ores and concentrates.;Total Exports;FOB Value (US$);United Republic of Tanzania;SADC
May 2025;83000;26 - Ores, slag and ash.;Total Imports;Net Weight(Kg);Uganda;SADC
May 2025;83000;26 - Ores, slag and ash.;Total Imports;Quantity;Uganda;SADC
Dec 2022;83739;7108 - Gold (including gold plated with platinum) unwrought or in semi-manufactured forms, or in powder form.;Total Exports;Quantity;DR Congo;European Union All Countries
Dec 2022;83739;71081200 - Gold (including gold plated with platinum) unwrought or in semi-manufactured forms, or in powder form.- Non-monetary:-- Other unwrought forms;Total Exports;Quantity;DR Congo;European Union All Countries
Apr 2025;85005;7108 - Gold (including gold plated with platinum) unwrought or in semi-manufactured forms, or in powder form.;Total Exports;Net Weight(Kg);United Republic of Tanzania;ASEAN
Apr 2025;85005;71081200 - Gold (including gold plated with platinum) unwrought or in semi-manufactured forms, or in powder form.- Non-monetary:-- Other unwrought forms;Total Exports;Net Weight(Kg);United Republic of Tanzania;ASEAN
Apr 2025;85005;7108 - Gold (including gold plated with platinum) unwrought or in semi-manufactured forms, or in powder form.;Total Exports;Quantity;United Republic of Tanzania;ASEAN
Apr 2025;85005;71081200 - Gold (including gold plated with platinum) unwrought or in semi-manufactured forms, or in powder form.- Non-monetary:-- Other unwrought forms;Total Exports;Quantity;United Republic of Tanzania;ASEAN
Apr 2023;85414;7108 - Gold (including gold plated with platinum) unwrought or in semi-manufactured forms, or in powder form.;Total Imports;Net Weight(Kg);Uganda;SADC
Oct 2023;85535;7108 - Gold (including gold plated with platinum) unwrought or in semi-manufactured forms, or in powder form.;Total Exports;Quantity;DR Congo;European Union All Countries
Jan 2021;85700;7108 - Gold (including gold plated with platinum) unwrought or in semi-manufactured forms, or in powder form.;Total Exports;Net Weight(Kg);Kenya;SADC
Jan 2021;85700;71081300 - Gold (including gold plated with platinum) unwrought or in semi-manufactured forms, or in powder form.- Non-monetary:-- Other semi-manufactured forms;Total Exports;Net Weight(Kg);Kenya;SADC
May 2022;91115;7108 - Gold (including gold plated with platinum) unwrought or in semi-manufactured forms, or in powder form.;Total Exports;Quantity;DR Congo;European Union All Countries
May 2022;91115;71081200 - Gold (including gold plated with platinum) unwrought or in semi-manufactured forms, or in powder form.- Non-monetary:-- Other unwrought forms;Total Exports;Quantity;DR Congo;European Union All Countries
Mar 2021;91160;7108 - Gold (including gold plated with platinum) unwrought or in semi-manufactured forms, or in powder form.;Total Exports;Net Weight(Kg);DR Congo;ASEAN
Mar 2021;91160;71081200 - Gold (including gold plated with platinum) unwrought or in semi-manufactured forms, or in powder form.- Non-monetary:-- Other unwrought forms;Total Exports;Net Weight(Kg);DR Congo;ASEAN
May 2025;91873;7106 - Silver (including silver plated with gold or platinum), unwrought or in semi-manufactured forms, or in powder form.;Total Exports;Net Weight(Kg);United Republic of Tanzania;ASEAN
May 2025;91873;71069100 - Silver (including silver plated with gold or platinum), unwrought or in semi-manufactured forms, or in powder form.- Other:-- Unwrought;Total Exports;Net Weight(Kg);United Republic of Tanzania;ASEAN
May 2025;91873;7106 - Silver (including silver plated with gold or platinum), unwrought or in semi-manufactured forms, or in powder form.;Total Exports;Quantity;United Republic of Tanzania;ASEAN
May 2025;91873;71069100 - Silver (including silver plated with gold or platinum), unwrought or in semi-manufactured forms, or in powder form.- Other:-- Unwrought;Total Exports;Quantity;United Republic of Tanzania;ASEAN
Jun 2023;92670;71081300 - Gold (including gold plated with platinum) unwrought or in semi-manufactured forms, or in powder form.- Non-monetary:-- Other semi-manufactured forms;Total Imports;Quantity;Uganda;SADC
Jan 2020;93451;7108 - Gold (including gold plated with platinum) unwrought or in semi-manufactured forms, or in powder form.;Total Imports;Net Weight(Kg);Uganda;SADC
Dec 2020;94590;7108 - Gold (including gold plated with platinum) unwrought or in semi-manufactured forms, or in powder form.;Total Exports;Net Weight(Kg);Kenya;SADC
Dec 2020;94590;71081300 - Gold (including gold plated with platinum) unwrought or in semi-manufactured forms, or in powder form.- Non-monetary:-- Other semi-manufactured forms;Total Exports;Net Weight(Kg);Kenya;SADC
Jun 2023;94968;71081200 - Gold (including gold plated with platinum) unwrought or in semi-manufactured forms, or in powder form.- Non-monetary:-- Other unwrought forms;Total Imports;Net Weight(Kg);Uganda;SADC
Jun 2023;95910;7108 - Gold (including gold plated with platinum) unwrought or in semi-manufactured forms, or in powder form.;Total Imports;Quantity;Uganda;SADC
Dec 2021;95970;2601 - Iron ores and concentrates, including roasted iron pyrites.;Total Imports;CIF Value (US$);United Republic of Tanzania;SADC
Dec 2021;95970;26011100 - Iron ores and concentrates, including roasted iron pyrites. - Iron ores and concentrates, other than roasted iron pyrites: -- Non-agglomerated;Total Imports;CIF Value (US$);United Republic of Tanzania;SADC
May 2022;96000;2609 - Tin ores and concentrates.;Total Exports;Net Weight(Kg);United Republic of Tanzania;SADC
May 2022;96000;2609 - Tin ores and concentrates.;Total Exports;Quantity;United Republic of Tanzania;SADC
Sep 2025;97160;2603 - Copper ores and concentrates.;Total Imports;Net Weight(Kg);DR Congo;SADC
Feb 2023;98400;26 - Ores, slag and ash.;Total Imports;CIF Value (US$);Uganda;SADC
Jul 2025;98980;26011100 - Iron ores and concentrates, including roasted iron pyrites. - Iron ores and concentrates, other than roasted iron pyrites: -- Non-agglomerated;Total Imports;CIF Value (US$);United Republic of Tanzania;SADC
Aug 2024;99798;26 - Ores, slag and ash.;Total Exports;FOB Value (US$);DR Congo;European Union All Countries
Aug 2024;99798;2603 - Copper ores and concentrates.;Total Exports;FOB Value (US$);DR Congo;European Union All Countries
Nov 2024;99998;26 - Ores, slag and ash.;Total Exports;FOB Value (US$);DR Congo;SADC
Mar 2023;99998;2601 - Iron ores and concentrates, including roasted iron pyrites.;Total Exports;FOB Value (US$);DR Congo;SADC
Mar 2023;99998;26011200 - Iron ores and concentrates, including roasted iron pyrites. - Iron ores and concentrates, other than roasted iron pyrites: -- Agglomerated;Total Exports;FOB Value (US$);DR Congo;SADC
Mar 2024;99999;26 - Ores, slag and ash.;Total Exports;FOB Value (US$);DR Congo;European Union All Countries
Mar 2024;99999;2603 - Copper ores and concentrates.;Total Exports;FOB Value (US$);DR Congo;European Union All Countries
Apr 2025;99999;2603 - Copper ores and concentrates.;Total Exports;FOB Value (US$);DR Congo;European Union All Countries
Jun 2021;100000;26 - Ores, slag and ash.;Total Exports;Net Weight(Kg);DR Congo;ASEAN
Jun 2023;100000;26 - Ores, slag and ash.;Total Imports;Net Weight(Kg);DR Congo;SADC
May 2025;100000;26 - Ores, slag and ash.;Total Imports;Net Weight(Kg);DR Congo;SADC
Feb 2024;100001;26 - Ores, slag and ash.;Total Exports;FOB Value (US$);DR Congo;European Union All Countries
Feb 2024;100001;2603 - Copper ores and concentrates.;Total Exports;FOB Value (US$);DR Congo;European Union All Countries
Jun 2024;100229;26 - Ores, slag and ash.;Total Exports;FOB Value (US$);DR Congo;European Union All Countries
Jun 2024;100229;2603 - Copper ores and concentrates.;Total Exports;FOB Value (US$);DR Congo;European Union All Countries
Feb 2021;100610;26 - Ores, slag and ash.;Total Exports;Net Weight(Kg);Rwanda;European Union All Countries
Feb 2021;100610;26 - Ores, slag and ash.;Total Exports;Quantity;Rwanda;European Union All Countries
Sep 2021;103220;2603 - Copper ores and concentrates.;Total Exports;Net Weight(Kg);DR Congo;SADC
Aug 2025;105000;26 - Ores, slag and ash.;Total Exports;Net Weight(Kg);United Republic of Tanzania;European Union All Countries
Aug 2025;105000;2609 - Tin ores and concentrates.;Total Exports;Net Weight(Kg);United Republic of Tanzania;European Union All Countries
Aug 2025;105000;26 - Ores, slag and ash.;Total Exports;Quantity;United Republic of Tanzania;European Union All Countries
Aug 2025;105000;2609 - Tin ores and concentrates.;Total Exports;Quantity;United Republic of Tanzania;European Union All Countries
Sep 2020;107341;71081200 - Gold (including gold plated with platinum) unwrought or in semi-manufactured forms, or in powder form.- Non-monetary:-- Other unwrought forms;Total Imports;Net Weight(Kg);Uganda;SADC
Jun 2020;108000;26 - Ores, slag and ash.;Total Imports;Net Weight(Kg);DR Congo;European Union All Countries
Mar 2024;108839;26 - Ores, slag and ash.;Total Exports;Net Weight(Kg);United Republic of Tanzania;SADC
Mar 2024;108839;2603 - Copper ores and concentrates.;Total Exports;Net Weight(Kg);United Republic of Tanzania;SADC
Mar 2024;108839;26 - Ores, slag and ash.;Total Exports;Quantity;United Republic of Tanzania;SADC
Mar 2024;108839;2603 - Copper ores and concentrates.;Total Exports;Quantity;United Republic of Tanzania;SADC
Sep 2020;110000;26 - Ores, slag and ash.;Total Exports;Net Weight(Kg);United Republic of Tanzania;ASEAN
Jun 2025;110000;26 - Ores, slag and ash.;Total Imports;Net Weight(Kg);DR Congo;SADC
Sep 2020;110000;26 - Ores, slag and ash.;Total Exports;Quantity;United Republic of Tanzania;ASEAN
Oct 2023;110001;2603 - Copper ores and concentrates.;Total Exports;FOB Value (US$);DR Congo;SADC
Oct 2023;110001;2609 - Tin ores and concentrates.;Total Exports;FOB Value (US$);DR Congo;SADC
Oct 2025;110360;2603 - Copper ores and concentrates.;Total Imports;Net Weight(Kg);DR Congo;ASEAN
Sep 2021;112070;26 - Ores, slag and ash.;Total Imports;CIF Value (US$);United Republic of Tanzania;SADC
Jul 2024;112300;26 - Ores, slag and ash.;Total Exports;Net Weight(Kg);DR Congo;ASEAN
Feb 2022;113362;7108 - Gold (including gold plated with platinum) unwrought or in semi-manufactured forms, or in powder form.;Total Exports;Net Weight(Kg);United Republic of Tanzania;SADC
Feb 2022;113362;71081200 - Gold (including gold plated with platinum) unwrought or in semi-manufactured forms, or in powder form.- Non-monetary:-- Other unwrought forms;Total Exports;Net Weight(Kg);United Republic of Tanzania;SADC
Feb 2022;113362;7108 - Gold (including gold plated with platinum) unwrought or in semi-manufactured forms, or in powder form.;Total Exports;Quantity;United Republic of Tanzania;SADC
Feb 2022;113362;71081200 - Gold (including gold plated with platinum) unwrought or in semi-manufactured forms, or in powder form.- Non-monetary:-- Other unwrought forms;Total Exports;Quantity;United Republic of Tanzania;SADC
Dec 2022;117742;26 - Ores, slag and ash.;Total Exports;FOB Value (US$);Uganda;European Union All Countries
Oct 2025;117790;2603 - Copper ores and concentrates.;Total Imports;Net Weight(Kg);DR Congo;SADC
Apr 2021;118640;71081300 - Gold (including gold plated with platinum) unwrought or in semi-manufactured forms, or in powder form.- Non-monetary:-- Other semi-manufactured forms;Total Imports;Net Weight(Kg);Uganda;SADC
Oct 2024;119951;2603 - Copper ores and concentrates.;Total Exports;FOB Value (US$);DR Congo;SADC
Mar 2025;120000;26 - Ores, slag and ash.;Total Imports;Net Weight(Kg);DR Congo;SADC
Jul 2025;120930;2609 - Tin ores and concentrates.;Total Imports;Net Weight(Kg);DR Congo;SADC
Oct 2023;123730;26 - Ores, slag and ash.;Total Imports;CIF Value (US$);Uganda;European Union All Countries
Aug 2025;126525;7108 - Gold (including gold plated with platinum) unwrought or in semi-manufactured forms, or in powder form.;Total Exports;FOB Value (US$);Uganda;SADC
Aug 2025;126525;71081200 - Gold (including gold plated with platinum) unwrought or in semi-manufactured forms, or in powder form.- Non-monetary:-- Other unwrought forms;Total Exports;FOB Value (US$);Uganda;SADC
Apr 2021;127030;7108 - Gold (including gold plated with platinum) unwrought or in semi-manufactured forms, or in powder form.;Total Imports;Net Weight(Kg);Uganda;SADC
Aug 2020;127775;71081200 - Gold (including gold plated with platinum) unwrought or in semi-manufactured forms, or in powder form.- Non-monetary:-- Other unwrought forms;Total Imports;Net Weight(Kg);Uganda;SADC
Oct 2021;128914;7108 - Gold (including gold plated with platinum) unwrought or in semi-manufactured forms, or in powder form.;Total Exports;FOB Value (US$);United Republic of Tanzania;ASEAN
Oct 2021;128914;71081200 - Gold (including gold plated with platinum) unwrought or in semi-manufactured forms, or in powder form.- Non-monetary:-- Other unwrought forms;Total Exports;FOB Value (US$);United Republic of Tanzania;ASEAN
Aug 2020;129973;7108 - Gold (including gold plated with platinum) unwrought or in semi-manufactured forms, or in powder form.;Total Imports;Net Weight(Kg);Rwanda;SADC
Aug 2020;129973;71081200 - Gold (including gold plated with platinum) unwrought or in semi-manufactured forms, or in powder form.- Non-monetary:-- Other unwrought forms;Total Imports;Net Weight(Kg);Rwanda;SADC
Apr 2025;130000;2504 - Natural graphite.;Total Exports;FOB Value (US$);United Republic of Tanzania;European Union All Countries
Oct 2025;130350;26 - Ores, slag and ash.;Total Imports;Net Weight(Kg);DR Congo;ASEAN
Mar 2023;132750;7106 - Silver (including silver plated with gold or platinum), unwrought or in semi-manufactured forms, or in powder form.;Total Exports;FOB Value (US$);United Republic of Tanzania;SADC
Mar 2023;132750;71061000 - Silver (including silver plated with gold or platinum), unwrought or in semi-manufactured forms, or in powder form.- Powder;Total Exports;FOB Value (US$);United Republic of Tanzania;SADC
Apr 2022;133638;7108 - Gold (including gold plated with platinum) unwrought or in semi-manufactured forms, or in powder form.;Total Exports;Net Weight(Kg);United Republic of Tanzania;SADC
Apr 2022;133638;71081200 - Gold (including gold plated with platinum) unwrought or in semi-manufactured forms, or in powder form.- Non-monetary:-- Other unwrought forms;Total Exports;Net Weight(Kg);United Republic of Tanzania;SADC
Apr 2022;133638;7108 - Gold (including gold plated with platinum) unwrought or in semi-manufactured forms, or in powder form.;Total Exports;Quantity;United Republic of Tanzania;SADC
Apr 2022;133638;71081200 - Gold (including gold plated with platinum) unwrought or in semi-manufactured forms, or in powder form.- Non-monetary:-- Other unwrought forms;Total Exports;Quantity;United Republic of Tanzania;SADC
Nov 2022;134860;7108 - Gold (including gold plated with platinum) unwrought or in semi-manufactured forms, or in powder form.;Total Imports;Quantity;Uganda;SADC
Jul 2023;135964;7108 - Gold (including gold plated with platinum) unwrought or in semi-manufactured forms, or in powder form.;Total Exports;Net Weight(Kg);United Republic of Tanzania;SADC
Jul 2023;135964;71081200 - Gold (including gold plated with platinum) unwrought or in semi-manufactured forms, or in powder form.- Non-monetary:-- Other unwrought forms;Total Exports;Net Weight(Kg);United Republic of Tanzania;SADC
Jul 2023;135964;7108 - Gold (including gold plated with platinum) unwrought or in semi-manufactured forms, or in powder form.;Total Exports;Quantity;United Republic of Tanzania;SADC
Jul 2023;135964;71081200 - Gold (including gold plated with platinum) unwrought or in semi-manufactured forms, or in powder form.- Non-monetary:-- Other unwrought forms;Total Exports;Quantity;United Republic of Tanzania;SADC
Oct 2020;135986;71081200 - Gold (including gold plated with platinum) unwrought or in semi-manufactured forms, or in powder form.- Non-monetary:-- Other unwrought forms;Total Imports;Net Weight(Kg);Uganda;SADC
Oct 2025;137720;2603 - Copper ores and concentrates.;Total Imports;Net Weight(Kg);DR Congo;European Union All Countries
Aug 2025;137980;26012000 - Iron ores and concentrates, including roasted iron pyrites. - Roasted iron pyrites;Total Imports;CIF Value (US$);United Republic of Tanzania;SADC
Jun 2025;138370;2601 - Iron ores and concentrates, including roasted iron pyrites.;Total Imports;CIF Value (US$);United Republic of Tanzania;SADC
Jun 2025;138370;26012000 - Iron ores and concentrates, including roasted iron pyrites. - Roasted iron pyrites;Total Imports;CIF Value (US$);United Republic of Tanzania;SADC
Feb 2020;141661;7108 - Gold (including gold plated with platinum) unwrought or in semi-manufactured forms, or in powder form.;Total Exports;Net Weight(Kg);United Republic of Tanzania;SADC
Feb 2020;141661;71081200 - Gold (including gold plated with platinum) unwrought or in semi-manufactured forms, or in powder form.- Non-monetary:-- Other unwrought forms;Total Exports;Net Weight(Kg);United Republic of Tanzania;SADC
Feb 2020;141661;7108 - Gold (including gold plated with platinum) unwrought or in semi-manufactured forms, or in powder form.;Total Exports;Quantity;United Republic of Tanzania;SADC
Feb 2020;141661;71081200 - Gold (including gold plated with platinum) unwrought or in semi-manufactured forms, or in powder form.- Non-monetary:-- Other unwrought forms;Total Exports;Quantity;United Republic of Tanzania;SADC
Jun 2020;143177;7108 - Gold (including gold plated with platinum) unwrought or in semi-manufactured forms, or in powder form.;Total Imports;Net Weight(Kg);Uganda;SADC
Apr 2021;144143;7108 - Gold (including gold plated with platinum) unwrought or in semi-manufactured forms, or in powder form.;Total Exports;Net Weight(Kg);United Republic of Tanzania;SADC
Apr 2021;144143;71081200 - Gold (including gold plated with platinum) unwrought or in semi-manufactured forms, or in powder form.- Non-monetary:-- Other unwrought forms;Total Exports;Net Weight(Kg);United Republic of Tanzania;SADC
Apr 2021;144143;7108 - Gold (including gold plated with platinum) unwrought or in semi-manufactured forms, or in powder form.;Total Exports;Quantity;United Republic of Tanzania;SADC
Apr 2021;144143;71081200 - Gold (including gold plated with platinum) unwrought or in semi-manufactured forms, or in powder form.- Non-monetary:-- Other unwrought forms;Total Exports;Quantity;United Republic of Tanzania;SADC
Mar 2021;144524;7108 - Gold (including gold plated with platinum) unwrought or in semi-manufactured forms, or in powder form.;Total Exports;Net Weight(Kg);United Republic of Tanzania;SADC
Mar 2021;144524;71081200 - Gold (including gold plated with platinum) unwrought or in semi-manufactured forms, or in powder form.- Non-monetary:-- Other unwrought forms;Total Exports;Net Weight(Kg);United Republic of Tanzania;SADC
Mar 2021;144524;7108 - Gold (including gold plated with platinum) unwrought or in semi-manufactured forms, or in powder form.;Total Exports;Quantity;United Republic of Tanzania;SADC
Mar 2021;144524;71081200 - Gold (including gold plated with platinum) unwrought or in semi-manufactured forms, or in powder form.- Non-monetary:-- Other unwrought forms;Total Exports;Quantity;United Republic of Tanzania;SADC
Mar 2024;147523;26 - Ores, slag and ash.;Total Exports;FOB Value (US$);United Republic of Tanzania;SADC
Mar 2024;147523;2603 - Copper ores and concentrates.;Total Exports;FOB Value (US$);United Republic of Tanzania;SADC
Sep 2021;147691;7108 - Gold (including gold plated with platinum) unwrought or in semi-manufactured forms, or in powder form.;Total Exports;Net Weight(Kg);United Republic of Tanzania;SADC
Sep 2021;147691;71081200 - Gold (including gold plated with platinum) unwrought or in semi-manufactured forms, or in powder form.- Non-monetary:-- Other unwrought forms;Total Exports;Net Weight(Kg);United Republic of Tanzania;SADC
Sep 2021;147691;7108 - Gold (including gold plated with platinum) unwrought or in semi-manufactured forms, or in powder form.;Total Exports;Quantity;United Republic of Tanzania;SADC
Sep 2021;147691;71081200 - Gold (including gold plated with platinum) unwrought or in semi-manufactured forms, or in powder form.- Non-monetary:-- Other unwrought forms;Total Exports;Quantity;United Republic of Tanzania;SADC
Jan 2021;148562;7108 - Gold (including gold plated with platinum) unwrought or in semi-manufactured forms, or in powder form.;Total Exports;Net Weight(Kg);United Republic of Tanzania;SADC
Jan 2021;148562;71081200 - Gold (including gold plated with platinum) unwrought or in semi-manufactured forms, or in powder form.- Non-monetary:-- Other unwrought forms;Total Exports;Net Weight(Kg);United Republic of Tanzania;SADC
Jan 2021;148562;7108 - Gold (including gold plated with platinum) unwrought or in semi-manufactured forms, or in powder form.;Total Exports;Quantity;United Republic of Tanzania;SADC
Jan 2021;148562;71081200 - Gold (including gold plated with platinum) unwrought or in semi-manufactured forms, or in powder form.- Non-monetary:-- Other unwrought forms;Total Exports;Quantity;United Republic of Tanzania;SADC
Aug 2023;149540;26 - Ores, slag and ash.;Total Exports;Quantity;Rwanda;European Union All Countries
Aug 2023;149545;26 - Ores, slag and ash.;Total Exports;Net Weight(Kg);Rwanda;European Union All Countries
Feb 2024;149700;26 - Ores, slag and ash.;Total Exports;Net Weight(Kg);Rwanda;SADC
Feb 2024;149700;26 - Ores, slag and ash.;Total Exports;Quantity;Rwanda;SADC
Jan 2024;150000;26 - Ores, slag and ash.;Total Exports;Net Weight(Kg);Rwanda;SADC
Nov 2021;150000;26 - Ores, slag and ash.;Total Imports;Net Weight(Kg);DR Congo;SADC
Jan 2024;150000;26 - Ores, slag and ash.;Total Exports;Quantity;Rwanda;SADC
Oct 2020;150005;26 - Ores, slag and ash.;Total Exports;FOB Value (US$);DR Congo;SADC
Oct 2020;150005;2603 - Copper ores and concentrates.;Total Exports;FOB Value (US$);DR Congo;SADC
Apr 2025;150130;26 - Ores, slag and ash.;Total Imports;CIF Value (US$);Uganda;SADC
Apr 2025;150130;2601 - Iron ores and concentrates, including roasted iron pyrites.;Total Imports;CIF Value (US$);Uganda;SADC
Apr 2025;150130;26011100 - Iron ores and concentrates, including roasted iron pyrites. - Iron ores and concentrates, other than roasted iron pyrites: -- Non-agglomerated;Total Imports;CIF Value (US$);Uganda;SADC
Apr 2022;151500;2607 - Lead ores and concentrates.;Total Imports;CIF Value (US$);United Republic of Tanzania;SADC
Jul 2023;155788;71081300 - Gold (including gold plated with platinum) unwrought or in semi-manufactured forms, or in powder form.- Non-monetary:-- Other semi-manufactured forms;Total Imports;Net Weight(Kg);Uganda;SADC
Sep 2020;155828;7108 - Gold (including gold plated with platinum) unwrought or in semi-manufactured forms, or in powder form.;Total Exports;Net Weight(Kg);United Republic of Tanzania;SADC
Sep 2020;155828;71081200 - Gold (including gold plated with platinum) unwrought or in semi-manufactured forms, or in powder form.- Non-monetary:-- Other unwrought forms;Total Exports;Net Weight(Kg);United Republic of Tanzania;SADC
Sep 2020;155828;7108 - Gold (including gold plated with platinum) unwrought or in semi-manufactured forms, or in powder form.;Total Exports;Quantity;United Republic of Tanzania;SADC
Sep 2020;155828;71081200 - Gold (including gold plated with platinum) unwrought or in semi-manufactured forms, or in powder form.- Non-monetary:-- Other unwrought forms;Total Exports;Quantity;United Republic of Tanzania;SADC
Aug 2020;156004;2603 - Copper ores and concentrates.;Total Exports;FOB Value (US$);DR Congo;European Union All Countries
Jan 2023;158880;26 - Ores, slag and ash.;Total Exports;Quantity;Rwanda;European Union All Countries
Jan 2023;158885;26 - Ores, slag and ash.;Total Exports;Net Weight(Kg);Rwanda;European Union All Countries
Jul 2020;160000;2504 - Natural graphite.;Total Imports;Net Weight(Kg);United Republic of Tanzania;SADC
Jul 2023;160000;26 - Ores, slag and ash.;Total Exports;Net Weight(Kg);Rwanda;SADC
Jul 2020;160000;2504 - Natural graphite.;Total Imports;Quantity;United Republic of Tanzania;SADC
Jul 2023;160000;26 - Ores, slag and ash.;Total Exports;Quantity;Rwanda;SADC
Oct 2024;168719;7108 - Gold (including gold plated with platinum) unwrought or in semi-manufactured forms, or in powder form.;Total Exports;Quantity;Uganda;ASEAN
Oct 2024;168719;71081300 - Gold (including gold plated with platinum) unwrought or in semi-manufactured forms, or in powder form.- Non-monetary:-- Other semi-manufactured forms;Total Exports;Quantity;Uganda;ASEAN
Jan 2025;169681;7108 - Gold (including gold plated with platinum) unwrought or in semi-manufactured forms, or in powder form.;Total Imports;Net Weight(Kg);Uganda;SADC
Jan 2025;169681;71081200 - Gold (including gold plated with platinum) unwrought or in semi-manufactured forms, or in powder form.- Non-monetary:-- Other unwrought forms;Total Imports;Net Weight(Kg);Uganda;SADC
Oct 2024;169951;26 - Ores, slag and ash.;Total Exports;FOB Value (US$);DR Congo;SADC
Dec 2022;170000;26 - Ores, slag and ash.;Total Exports;Net Weight(Kg);Uganda;European Union All Countries
Dec 2022;170000;26 - Ores, slag and ash.;Total Exports;Quantity;Uganda;European Union All Countries
Oct 2025;172890;26 - Ores, slag and ash.;Total Imports;Net Weight(Kg);DR Congo;European Union All Countries
Nov 2020;174216;7108 - Gold (including gold plated with platinum) unwrought or in semi-manufactured forms, or in powder form.;Total Exports;Net Weight(Kg);United Republic of Tanzania;SADC
Nov 2020;174216;71081200 - Gold (including gold plated with platinum) unwrought or in semi-manufactured forms, or in powder form.- Non-monetary:-- Other unwrought forms;Total Exports;Net Weight(Kg);United Republic of Tanzania;SADC
Nov 2020;174216;7108 - Gold (including gold plated with platinum) unwrought or in semi-manufactured forms, or in powder form.;Total Exports;Quantity;United Republic of Tanzania;SADC
Nov 2020;174216;71081200 - Gold (including gold plated with platinum) unwrought or in semi-manufactured forms, or in powder form.- Non-monetary:-- Other unwrought forms;Total Exports;Quantity;United Republic of Tanzania;SADC
Jul 2025;175620;2603 - Copper ores and concentrates.;Total Imports;Net Weight(Kg);DR Congo;European Union All Countries
Aug 2023;175668;7108 - Gold (including gold plated with platinum) unwrought or in semi-manufactured forms, or in powder form.;Total Exports;Net Weight(Kg);United Republic of Tanzania;SADC
Aug 2023;175668;71081200 - Gold (including gold plated with platinum) unwrought or in semi-manufactured forms, or in powder form.- Non-monetary:-- Other unwrought forms;Total Exports;Net Weight(Kg);United Republic of Tanzania;SADC
Aug 2023;175968;7108 - Gold (including gold plated with platinum) unwrought or in semi-manufactured forms, or in powder form.;Total Exports;Quantity;United Republic of Tanzania;SADC
Aug 2023;175968;71081200 - Gold (including gold plated with platinum) unwrought or in semi-manufactured forms, or in powder form.- Non-monetary:-- Other unwrought forms;Total Exports;Quantity;United Republic of Tanzania;SADC
Apr 2022;180000;26 - Ores, slag and ash.;Total Exports;Net Weight(Kg);Uganda;European Union All Countries
Jun 2022;180000;26 - Ores, slag and ash.;Total Exports;Net Weight(Kg);Uganda;European Union All Countries
Mar 2023;180000;7106 - Silver (including silver plated with gold or platinum), unwrought or in semi-manufactured forms, or in powder form.;Total Exports;Net Weight(Kg);United Republic of Tanzania;SADC
Mar 2023;180000;71061000 - Silver (including silver plated with gold or platinum), unwrought or in semi-manufactured forms, or in powder form.- Powder;Total Exports;Net Weight(Kg);United Republic of Tanzania;SADC
Apr 2022;180000;26 - Ores, slag and ash.;Total Exports;Quantity;Uganda;European Union All Countries
Jun 2022;180000;26 - Ores, slag and ash.;Total Exports;Quantity;Uganda;European Union All Countries
Mar 2023;180000;7106 - Silver (including silver plated with gold or platinum), unwrought or in semi-manufactured forms, or in powder form.;Total Exports;Quantity;United Republic of Tanzania;SADC
Mar 2023;180000;71061000 - Silver (including silver plated with gold or platinum), unwrought or in semi-manufactured forms, or in powder form.- Powder;Total Exports;Quantity;United Republic of Tanzania;SADC
Jan 2021;180010;26 - Ores, slag and ash.;Total Exports;Net Weight(Kg);Rwanda;European Union All Countries
Jan 2021;180010;26 - Ores, slag and ash.;Total Exports;Quantity;Rwanda;European Union All Countries
Feb 2023;182000;26 - Ores, slag and ash.;Total Exports;Net Weight(Kg);Uganda;European Union All Countries
May 2023;182000;26 - Ores, slag and ash.;Total Exports;Net Weight(Kg);Uganda;European Union All Countries
Jul 2023;182000;26 - Ores, slag and ash.;Total Exports;Net Weight(Kg);Uganda;European Union All Countries
Feb 2023;182000;26 - Ores, slag and ash.;Total Exports;Quantity;Uganda;European Union All Countries
May 2023;182000;26 - Ores, slag and ash.;Total Exports;Quantity;Uganda;European Union All Countries
Jul 2023;182000;26 - Ores, slag and ash.;Total Exports;Quantity;Uganda;European Union All Countries
Nov 2023;182440;26 - Ores, slag and ash.;Total Exports;Net Weight(Kg);Uganda;European Union All Countries
Apr 2025;184010;2614 - Titanium ores and concentrates.;Total Exports;FOB Value (US$);United Republic of Tanzania;ASEAN
Mar 2025;184860;2609 - Tin ores and concentrates.;Total Exports;Net Weight(Kg);Rwanda;ASEAN
Mar 2025;184860;2609 - Tin ores and concentrates.;Total Exports;Quantity;Rwanda;ASEAN
Aug 2022;185000;26 - Ores, slag and ash.;Total Exports;Net Weight(Kg);Uganda;European Union All Countries
Oct 2022;185000;26 - Ores, slag and ash.;Total Exports;Net Weight(Kg);Uganda;European Union All Countries
Aug 2022;185000;26 - Ores, slag and ash.;Total Exports;Quantity;Uganda;European Union All Countries
Oct 2022;185000;26 - Ores, slag and ash.;Total Exports;Quantity;Uganda;European Union All Countries
Jun 2024;185000;7106 - Silver (including silver plated with gold or platinum), unwrought or in semi-manufactured forms, or in powder form.;Total Exports;Quantity;Uganda;European Union All Countries
Jun 2024;185000;71069100 - Silver (including silver plated with gold or platinum), unwrought or in semi-manufactured forms, or in powder form.- Other:-- Unwrought;Total Exports;Quantity;Uganda;European Union All Countries
Feb 2025;185940;26012000 - Iron ores and concentrates, including roasted iron pyrites. - Roasted iron pyrites;Total Imports;CIF Value (US$);United Republic of Tanzania;SADC
Oct 2021;186330;26 - Ores, slag and ash.;Total Exports;Net Weight(Kg);Uganda;European Union All Countries
Oct 2021;186330;26 - Ores, slag and ash.;Total Exports;Quantity;Uganda;European Union All Countries
Nov 2023;186400;26 - Ores, slag and ash.;Total Exports;Quantity;Uganda;European Union All Countries
Sep 2025;186470;26 - Ores, slag and ash.;Total Imports;Net Weight(Kg);DR Congo;ASEAN
Dec 2023;189999;7108 - Gold (including gold plated with platinum) unwrought or in semi-manufactured forms, or in powder form.;Total Exports;Net Weight(Kg);United Republic of Tanzania;SADC
Dec 2023;189999;71081200 - Gold (including gold plated with platinum) unwrought or in semi-manufactured forms, or in powder form.- Non-monetary:-- Other unwrought forms;Total Exports;Net Weight(Kg);United Republic of Tanzania;SADC
Dec 2023;189999;7108 - Gold (including gold plated with platinum) unwrought or in semi-manufactured forms, or in powder form.;Total Exports;Quantity;United Republic of Tanzania;SADC
Dec 2023;189999;71081200 - Gold (including gold plated with platinum) unwrought or in semi-manufactured forms, or in powder form.- Non-monetary:-- Other unwrought forms;Total Exports;Quantity;United Republic of Tanzania;SADC
Dec 2021;190000;26 - Ores, slag and ash.;Total Exports;Net Weight(Kg);Uganda;European Union All Countries
Jan 2022;190000;26 - Ores, slag and ash.;Total Exports;Net Weight(Kg);Uganda;European Union All Countries
Feb 2022;190000;26 - Ores, slag and ash.;Total Exports;Net Weight(Kg);Uganda;European Union All Countries
Dec 2021;190000;26 - Ores, slag and ash.;Total Exports;Quantity;Uganda;European Union All Countries
Jan 2022;190000;26 - Ores, slag and ash.;Total Exports;Quantity;Uganda;European Union All Countries
Feb 2022;190000;26 - Ores, slag and ash.;Total Exports;Quantity;Uganda;European Union All Countries
Dec 2020;190040;26 - Ores, slag and ash.;Total Exports;Net Weight(Kg);Rwanda;European Union All Countries
Dec 2020;190040;26 - Ores, slag and ash.;Total Exports;Quantity;Rwanda;European Union All Countries
Mar 2020;190806;7108 - Gold (including gold plated with platinum) unwrought or in semi-manufactured forms, or in powder form.;Total Imports;Net Weight(Kg);Rwanda;SADC
Mar 2020;190806;71081200 - Gold (including gold plated with platinum) unwrought or in semi-manufactured forms, or in powder form.- Non-monetary:-- Other unwrought forms;Total Imports;Net Weight(Kg);Rwanda;SADC
Jan 2021;192000;26 - Ores, slag and ash.;Total Exports;Net Weight(Kg);DR Congo;ASEAN
Nov 2021;192000;26 - Ores, slag and ash.;Total Exports;Net Weight(Kg);DR Congo;ASEAN
Mar 2020;192000;2603 - Copper ores and concentrates.;Total Exports;Net Weight(Kg);DR Congo;European Union All Countries
Jan 2020;192000;2609 - Tin ores and concentrates.;Total Exports;Net Weight(Kg);DR Congo;European Union All Countries
Mar 2020;192000;2609 - Tin ores and concentrates.;Total Exports;Net Weight(Kg);DR Congo;European Union All Countries
Jan 2020;192050;2603 - Copper ores and concentrates.;Total Exports;Net Weight(Kg);DR Congo;European Union All Countries
Sep 2020;192660;2603 - Copper ores and concentrates.;Total Exports;Net Weight(Kg);DR Congo;European Union All Countries
May 2021;193695;7108 - Gold (including gold plated with platinum) unwrought or in semi-manufactured forms, or in powder form.;Total Imports;Net Weight(Kg);Uganda;SADC
May 2024;195000;7106 - Silver (including silver plated with gold or platinum), unwrought or in semi-manufactured forms, or in powder form.;Total Exports;Quantity;Uganda;European Union All Countries
May 2024;195000;71069100 - Silver (including silver plated with gold or platinum), unwrought or in semi-manufactured forms, or in powder form.- Other:-- Unwrought;Total Exports;Quantity;Uganda;European Union All Countries
Mar 2025;195940;26011200 - Iron ores and concentrates, including roasted iron pyrites. - Iron ores and concentrates, other than roasted iron pyrites: -- Agglomerated;Total Imports;CIF Value (US$);United Republic of Tanzania;SADC
Mar 2025;195940;26012000 - Iron ores and concentrates, including roasted iron pyrites. - Roasted iron pyrites;Total Imports;CIF Value (US$);United Republic of Tanzania;SADC
Aug 2020;196392;7108 - Gold (including gold plated with platinum) unwrought or in semi-manufactured forms, or in powder form.;Total Exports;Net Weight(Kg);United Republic of Tanzania;SADC
Aug 2020;196392;71081200 - Gold (including gold plated with platinum) unwrought or in semi-manufactured forms, or in powder form.- Non-monetary:-- Other unwrought forms;Total Exports;Net Weight(Kg);United Republic of Tanzania;SADC
Aug 2020;196392;7108 - Gold (including gold plated with platinum) unwrought or in semi-manufactured forms, or in powder form.;Total Exports;Quantity;United Republic of Tanzania;SADC
Aug 2020;196392;71081200 - Gold (including gold plated with platinum) unwrought or in semi-manufactured forms, or in powder form.- Non-monetary:-- Other unwrought forms;Total Exports;Quantity;United Republic of Tanzania;SADC
Sep 2021;198580;26 - Ores, slag and ash.;Total Exports;Net Weight(Kg);Uganda;European Union All Countries
Sep 2021;198580;26 - Ores, slag and ash.;Total Exports;Quantity;Uganda;European Union All Countries
Jul 2023;198981;7108 - Gold (including gold plated with platinum) unwrought or in semi-manufactured forms, or in powder form.;Total Imports;Net Weight(Kg);Uganda;SADC
May 2024;199764;26 - Ores, slag and ash.;Total Exports;FOB Value (US$);DR Congo;SADC
May 2024;199764;2603 - Copper ores and concentrates.;Total Exports;FOB Value (US$);DR Congo;SADC
Aug 2024;199931;26 - Ores, slag and ash.;Total Exports;FOB Value (US$);DR Congo;SADC
Aug 2024;199931;2603 - Copper ores and concentrates.;Total Exports;FOB Value (US$);DR Congo;SADC
Apr 2025;200000;2504 - Natural graphite.;Total Exports;Net Weight(Kg);United Republic of Tanzania;European Union All Countries
Sep 2023;200000;26 - Ores, slag and ash.;Total Imports;Net Weight(Kg);DR Congo;SADC
Dec 2022;200000;2603 - Copper ores and concentrates.;Total Imports;Net Weight(Kg);United Republic of Tanzania;SADC
Mar 2023;200000;2616 - Precious metal ores and concentrates.;Total Exports;Net Weight(Kg);United Republic of Tanzania;ASEAN
Apr 2025;200000;2504 - Natural graphite.;Total Exports;Quantity;United Republic of Tanzania;European Union All Countries
Dec 2022;200000;2603 - Copper ores and concentrates.;Total Imports;Quantity;United Republic of Tanzania;SADC
Mar 2023;200000;2616 - Precious metal ores and concentrates.;Total Exports;Quantity;United Republic of Tanzania;ASEAN
Nov 2020;200000;7106 - Silver (including silver plated with gold or platinum), unwrought or in semi-manufactured forms, or in powder form.;Total Imports;Quantity;Kenya;European Union All Countries
Apr 2022;200000;7106 - Silver (including silver plated with gold or platinum), unwrought or in semi-manufactured forms, or in powder form.;Total Imports;Quantity;Kenya;European Union All Countries
Nov 2020;200000;71069200 - Silver (including silver plated with gold or platinum), unwrought or in semi-manufactured forms, or in powder form.- Other:-- Semi-manufactured;Total Imports;Quantity;Kenya;European Union All Countries
Apr 2022;200000;71069200 - Silver (including silver plated with gold or platinum), unwrought or in semi-manufactured forms, or in powder form.- Other:-- Semi-manufactured;Total Imports;Quantity;Kenya;European Union All Countries
Jul 2025;203220;26 - Ores, slag and ash.;Total Imports;Net Weight(Kg);DR Congo;European Union All Countries
Sep 2023;203981;7108 - Gold (including gold plated with platinum) unwrought or in semi-manufactured forms, or in powder form.;Total Exports;Quantity;United Republic of Tanzania;SADC
Sep 2023;203981;71081200 - Gold (including gold plated with platinum) unwrought or in semi-manufactured forms, or in powder form.- Non-monetary:-- Other unwrought forms;Total Exports;Quantity;United Republic of Tanzania;SADC
Mar 2023;204000;26 - Ores, slag and ash.;Total Exports;Net Weight(Kg);Rwanda;SADC
Mar 2023;204000;26 - Ores, slag and ash.;Total Exports;Quantity;Rwanda;SADC
Oct 2020;204560;2609 - Tin ores and concentrates.;Total Exports;Net Weight(Kg);Rwanda;European Union All Countries
Oct 2020;204560;2609 - Tin ores and concentrates.;Total Exports;Quantity;Rwanda;European Union All Countries
Jul 2020;205717;7108 - Gold (including gold plated with platinum) unwrought or in semi-manufactured forms, or in powder form.;Total Exports;Net Weight(Kg);United Republic of Tanzania;SADC
Jul 2020;205717;71081200 - Gold (including gold plated with platinum) unwrought or in semi-manufactured forms, or in powder form.- Non-monetary:-- Other unwrought forms;Total Exports;Net Weight(Kg);United Republic of Tanzania;SADC
Jul 2020;205717;7108 - Gold (including gold plated with platinum) unwrought or in semi-manufactured forms, or in powder form.;Total Exports;Quantity;United Republic of Tanzania;SADC
Jul 2020;205717;71081200 - Gold (including gold plated with platinum) unwrought or in semi-manufactured forms, or in powder form.- Non-monetary:-- Other unwrought forms;Total Exports;Quantity;United Republic of Tanzania;SADC
Nov 2022;206096;7108 - Gold (including gold plated with platinum) unwrought or in semi-manufactured forms, or in powder form.;Total Exports;FOB Value (US$);United Republic of Tanzania;European Union All Countries
Nov 2022;206096;71081200 - Gold (including gold plated with platinum) unwrought or in semi-manufactured forms, or in powder form.- Non-monetary:-- Other unwrought forms;Total Exports;FOB Value (US$);United Republic of Tanzania;European Union All Countries
Aug 2025;206582;26 - Ores, slag and ash.;Total Imports;Quantity;DR Congo;European Union All Countries
Nov 2020;208600;2616 - Precious metal ores and concentrates.;Total Exports;Net Weight(Kg);United Republic of Tanzania;European Union All Countries
Nov 2020;208600;2616 - Precious metal ores and concentrates.;Total Exports;Quantity;United Republic of Tanzania;European Union All Countries
Sep 2022;209382;7108 - Gold (including gold plated with platinum) unwrought or in semi-manufactured forms, or in powder form.;Total Exports;Net Weight(Kg);United Republic of Tanzania;SADC
Sep 2022;209382;71081200 - Gold (including gold plated with platinum) unwrought or in semi-manufactured forms, or in powder form.- Non-monetary:-- Other unwrought forms;Total Exports;Net Weight(Kg);United Republic of Tanzania;SADC
Sep 2022;209382;7108 - Gold (including gold plated with platinum) unwrought or in semi-manufactured forms, or in powder form.;Total Exports;Quantity;United Republic of Tanzania;SADC
Sep 2022;209382;71081200 - Gold (including gold plated with platinum) unwrought or in semi-manufactured forms, or in powder form.- Non-monetary:-- Other unwrought forms;Total Exports;Quantity;United Republic of Tanzania;SADC
Jul 2025;210000;2609 - Tin ores and concentrates.;Total Exports;Net Weight(Kg);United Republic of Tanzania;European Union All Countries
Jul 2025;210000;2609 - Tin ores and concentrates.;Total Exports;Quantity;United Republic of Tanzania;European Union All Countries
Jul 2025;210500;26 - Ores, slag and ash.;Total Exports;Net Weight(Kg);United Republic of Tanzania;European Union All Countries
Jul 2025;210500;26 - Ores, slag and ash.;Total Exports;Quantity;United Republic of Tanzania;European Union All Countries
Sep 2023;212159;71081300 - Gold (including gold plated with platinum) unwrought or in semi-manufactured forms, or in powder form.- Non-monetary:-- Other semi-manufactured forms;Total Imports;Net Weight(Kg);Uganda;SADC
May 2020;213482;7108 - Gold (including gold plated with platinum) unwrought or in semi-manufactured forms, or in powder form.;Total Exports;Net Weight(Kg);United Republic of Tanzania;SADC
May 2020;213482;71081200 - Gold (including gold plated with platinum) unwrought or in semi-manufactured forms, or in powder form.- Non-monetary:-- Other unwrought forms;Total Exports;Net Weight(Kg);United Republic of Tanzania;SADC
May 2020;213482;7108 - Gold (including gold plated with platinum) unwrought or in semi-manufactured forms, or in powder form.;Total Exports;Quantity;United Republic of Tanzania;SADC
May 2020;213482;71081200 - Gold (including gold plated with platinum) unwrought or in semi-manufactured forms, or in powder form.- Non-monetary:-- Other unwrought forms;Total Exports;Quantity;United Republic of Tanzania;SADC
Oct 2023;215250;2601 - Iron ores and concentrates, including roasted iron pyrites.;Total Imports;CIF Value (US$);United Republic of Tanzania;SADC
Oct 2023;215250;26011100 - Iron ores and concentrates, including roasted iron pyrites. - Iron ores and concentrates, other than roasted iron pyrites: -- Non-agglomerated;Total Imports;CIF Value (US$);United Republic of Tanzania;SADC
May 2022;216590;2609 - Tin ores and concentrates.;Total Imports;Net Weight(Kg);DR Congo;SADC
Feb 2020;217000;2609 - Tin ores and concentrates.;Total Exports;Net Weight(Kg);Rwanda;European Union All Countries
Feb 2020;217000;2609 - Tin ores and concentrates.;Total Exports;Quantity;Rwanda;European Union All Countries
Jun 2024;217303;7108 - Gold (including gold plated with platinum) unwrought or in semi-manufactured forms, or in powder form.;Total Imports;Net Weight(Kg);Uganda;SADC
Jun 2024;217303;71081200 - Gold (including gold plated with platinum) unwrought or in semi-manufactured forms, or in powder form.- Non-monetary:-- Other unwrought forms;Total Imports;Net Weight(Kg);Uganda;SADC
Sep 2024;218262;7108 - Gold (including gold plated with platinum) unwrought or in semi-manufactured forms, or in powder form.;Total Imports;Net Weight(Kg);Uganda;SADC
Sep 2024;218262;71081200 - Gold (including gold plated with platinum) unwrought or in semi-manufactured forms, or in powder form.- Non-monetary:-- Other unwrought forms;Total Imports;Net Weight(Kg);Uganda;SADC
Jun 2020;219550;2609 - Tin ores and concentrates.;Total Exports;Net Weight(Kg);Rwanda;European Union All Countries
Jun 2020;219550;2609 - Tin ores and concentrates.;Total Exports;Quantity;Rwanda;European Union All Countries
Feb 2022;220000;26 - Ores, slag and ash.;Total Exports;Net Weight(Kg);Kenya;SADC
Feb 2022;220000;26 - Ores, slag and ash.;Total Exports;Quantity;Kenya;SADC
Oct 2023;220002;26 - Ores, slag and ash.;Total Exports;FOB Value (US$);DR Congo;SADC
Jan 2020;220620;2609 - Tin ores and concentrates.;Total Exports;Net Weight(Kg);Rwanda;European Union All Countries
Jan 2020;220620;2609 - Tin ores and concentrates.;Total Exports;Quantity;Rwanda;European Union All Countries
Jan 2020;220880;2603 - Copper ores and concentrates.;Total Exports;FOB Value (US$);DR Congo;European Union All Countries
Jul 2020;224000;2609 - Tin ores and concentrates.;Total Exports;Net Weight(Kg);Rwanda;European Union All Countries
Jul 2020;224000;2609 - Tin ores and concentrates.;Total Exports;Quantity;Rwanda;European Union All Countries
Jun 2023;224962;71081300 - Gold (including gold plated with platinum) unwrought or in semi-manufactured forms, or in powder form.- Non-monetary:-- Other semi-manufactured forms;Total Imports;Net Weight(Kg);Uganda;SADC
Sep 2022;227380;7108 - Gold (including gold plated with platinum) unwrought or in semi-manufactured forms, or in powder form.;Total Exports;Net Weight(Kg);DR Congo;European Union All Countries
Sep 2022;227380;71081200 - Gold (including gold plated with platinum) unwrought or in semi-manufactured forms, or in powder form.- Non-monetary:-- Other unwrought forms;Total Exports;Net Weight(Kg);DR Congo;European Union All Countries
Sep 2020;227800;2609 - Tin ores and concentrates.;Total Exports;Net Weight(Kg);Rwanda;European Union All Countries
Sep 2020;227800;2609 - Tin ores and concentrates.;Total Exports;Quantity;Rwanda;European Union All Countries
Aug 2024;228643;7108 - Gold (including gold plated with platinum) unwrought or in semi-manufactured forms, or in powder form.;Total Imports;Net Weight(Kg);Uganda;SADC
Aug 2024;228643;71081200 - Gold (including gold plated with platinum) unwrought or in semi-manufactured forms, or in powder form.- Non-monetary:-- Other unwrought forms;Total Imports;Net Weight(Kg);Uganda;SADC
Oct 2023;230000;26 - Ores, slag and ash.;Total Imports;Net Weight(Kg);DR Congo;SADC
Sep 2022;230108;26 - Ores, slag and ash.;Total Imports;Net Weight(Kg);Rwanda;SADC
Sep 2022;230108;2609 - Tin ores and concentrates.;Total Imports;Net Weight(Kg);Rwanda;SADC
Sep 2022;230110;26 - Ores, slag and ash.;Total Imports;Quantity;Rwanda;SADC
Sep 2022;230110;2609 - Tin ores and concentrates.;Total Imports;Quantity;Rwanda;SADC
Dec 2022;230141;7108 - Gold (including gold plated with platinum) unwrought or in semi-manufactured forms, or in powder form.;Total Exports;Net Weight(Kg);Kenya;SADC
Dec 2022;230141;71081300 - Gold (including gold plated with platinum) unwrought or in semi-manufactured forms, or in powder form.- Non-monetary:-- Other semi-manufactured forms;Total Exports;Net Weight(Kg);Kenya;SADC
Dec 2022;230141;7108 - Gold (including gold plated with platinum) unwrought or in semi-manufactured forms, or in powder form.;Total Exports;Quantity;Kenya;SADC
Dec 2022;230141;71081300 - Gold (including gold plated with platinum) unwrought or in semi-manufactured forms, or in powder form.- Non-monetary:-- Other semi-manufactured forms;Total Exports;Quantity;Kenya;SADC
Nov 2020;232010;2616 - Precious metal ores and concentrates.;Total Imports;CIF Value (US$);United Republic of Tanzania;SADC
Sep 2023;233726;7108 - Gold (including gold plated with platinum) unwrought or in semi-manufactured forms, or in powder form.;Total Imports;Net Weight(Kg);Uganda;SADC
Dec 2024;234000;2608 - Zinc ores and concentrates.;Total Exports;Net Weight(Kg);Kenya;ASEAN
Dec 2024;234000;2608 - Zinc ores and concentrates.;Total Exports;Quantity;Kenya;ASEAN
Aug 2020;234400;26 - Ores, slag and ash.;Total Exports;Net Weight(Kg);Rwanda;European Union All Countries
Aug 2020;234400;26 - Ores, slag and ash.;Total Exports;Quantity;Rwanda;European Union All Countries
Jul 2021;234912;26 - Ores, slag and ash.;Total Imports;Net Weight(Kg);Uganda;SADC
Jul 2021;234912;2603 - Copper ores and concentrates.;Total Imports;Net Weight(Kg);Uganda;SADC
Jul 2021;234912;26 - Ores, slag and ash.;Total Imports;Quantity;Uganda;SADC
Jul 2021;234912;2603 - Copper ores and concentrates.;Total Imports;Quantity;Uganda;SADC
Oct 2021;235000;26 - Ores, slag and ash.;Total Imports;Net Weight(Kg);Rwanda;SADC
Oct 2021;235000;2609 - Tin ores and concentrates.;Total Imports;Net Weight(Kg);Rwanda;SADC
Oct 2021;235000;26 - Ores, slag and ash.;Total Imports;Quantity;Rwanda;SADC
Oct 2021;235000;2609 - Tin ores and concentrates.;Total Imports;Quantity;Rwanda;SADC
Jan 2025;235700;7108 - Gold (including gold plated with platinum) unwrought or in semi-manufactured forms, or in powder form.;Total Exports;Quantity;Kenya;SADC
Jan 2025;235700;71081300 - Gold (including gold plated with platinum) unwrought or in semi-manufactured forms, or in powder form.- Non-monetary:-- Other semi-manufactured forms;Total Exports;Quantity;Kenya;SADC
Jan 2025;235702;7108 - Gold (including gold plated with platinum) unwrought or in semi-manufactured forms, or in powder form.;Total Exports;Net Weight(Kg);Kenya;SADC
Jan 2025;235702;71081300 - Gold (including gold plated with platinum) unwrought or in semi-manufactured forms, or in powder form.- Non-monetary:-- Other semi-manufactured forms;Total Exports;Net Weight(Kg);Kenya;SADC
Sep 2023;237381;7108 - Gold (including gold plated with platinum) unwrought or in semi-manufactured forms, or in powder form.;Total Exports;Net Weight(Kg);United Republic of Tanzania;SADC
Sep 2023;237381;71081200 - Gold (including gold plated with platinum) unwrought or in semi-manufactured forms, or in powder form.- Non-monetary:-- Other unwrought forms;Total Exports;Net Weight(Kg);United Republic of Tanzania;SADC
Nov 2020;239891;7108 - Gold (including gold plated with platinum) unwrought or in semi-manufactured forms, or in powder form.;Total Imports;Net Weight(Kg);Uganda;SADC
Jul 2021;240000;26 - Ores, slag and ash.;Total Imports;Net Weight(Kg);Kenya;European Union All Countries
Sep 2021;240000;26 - Ores, slag and ash.;Total Imports;Net Weight(Kg);Kenya;European Union All Countries
Jun 2024;240000;26 - Ores, slag and ash.;Total Imports;Net Weight(Kg);Kenya;European Union All Countries
Nov 2020;240000;26 - Ores, slag and ash.;Total Imports;Net Weight(Kg);Kenya;SADC
Aug 2025;240000;26 - Ores, slag and ash.;Total Imports;Net Weight(Kg);Uganda;ASEAN
Aug 2025;240000;2608 - Zinc ores and concentrates.;Total Imports;Net Weight(Kg);Uganda;ASEAN
Jul 2021;240000;2614 - Titanium ores and concentrates.;Total Imports;Net Weight(Kg);Kenya;European Union All Countries
Sep 2021;240000;2614 - Titanium ores and concentrates.;Total Imports;Net Weight(Kg);Kenya;European Union All Countries
Jun 2024;240000;2614 - Titanium ores and concentrates.;Total Imports;Net Weight(Kg);Kenya;European Union All Countries
Sep 2020;240000;2614 - Titanium ores and concentrates.;Total Imports;Net Weight(Kg);Kenya;SADC
Nov 2020;240000;2614 - Titanium ores and concentrates.;Total Imports;Net Weight(Kg);Kenya;SADC
May 2021;240000;2614 - Titanium ores and concentrates.;Total Imports;Net Weight(Kg);Kenya;SADC
Jul 2021;240000;26 - Ores, slag and ash.;Total Imports;Quantity;Kenya;European Union All Countries
Sep 2021;240000;26 - Ores, slag and ash.;Total Imports;Quantity;Kenya;European Union All Countries
Jun 2024;240000;26 - Ores, slag and ash.;Total Imports;Quantity;Kenya;European Union All Countries
Nov 2020;240000;26 - Ores, slag and ash.;Total Imports;Quantity;Kenya;SADC
Aug 2025;240000;26 - Ores, slag and ash.;Total Imports;Quantity;Uganda;ASEAN
Aug 2025;240000;2608 - Zinc ores and concentrates.;Total Imports;Quantity;Uganda;ASEAN
Jul 2021;240000;2614 - Titanium ores and concentrates.;Total Imports;Quantity;Kenya;European Union All Countries
Sep 2021;240000;2614 - Titanium ores and concentrates.;Total Imports;Quantity;Kenya;European Union All Countries
Jun 2024;240000;2614 - Titanium ores and concentrates.;Total Imports;Quantity;Kenya;European Union All Countries
Sep 2020;240000;2614 - Titanium ores and concentrates.;Total Imports;Quantity;Kenya;SADC
Nov 2020;240000;2614 - Titanium ores and concentrates.;Total Imports;Quantity;Kenya;SADC
May 2021;240000;2614 - Titanium ores and concentrates.;Total Imports;Quantity;Kenya;SADC
Aug 2020;240010;2614 - Titanium ores and concentrates.;Total Imports;Net Weight(Kg);Kenya;SADC
Aug 2020;240010;2614 - Titanium ores and concentrates.;Total Imports;Quantity;Kenya;SADC
Oct 2021;240720;2614 - Titanium ores and concentrates.;Total Imports;Net Weight(Kg);Kenya;European Union All Countries
Oct 2021;240720;2614 - Titanium ores and concentrates.;Total Imports;Quantity;Kenya;European Union All Countries
May 2020;241780;26 - Ores, slag and ash.;Total Exports;Net Weight(Kg);Rwanda;ASEAN
May 2020;241780;2609 - Tin ores and concentrates.;Total Exports;Net Weight(Kg);Rwanda;ASEAN
May 2020;241780;26 - Ores, slag and ash.;Total Exports;Quantity;Rwanda;ASEAN
May 2020;241780;2609 - Tin ores and concentrates.;Total Exports;Quantity;Rwanda;ASEAN
Aug 2020;242075;7108 - Gold (including gold plated with platinum) unwrought or in semi-manufactured forms, or in powder form.;Total Imports;Net Weight(Kg);Uganda;SADC
Jun 2021;242990;26 - Ores, slag and ash.;Total Imports;CIF Value (US$);United Republic of Tanzania;SADC
Apr 2021;244300;2609 - Tin ores and concentrates.;Total Exports;Net Weight(Kg);Rwanda;European Union All Countries
Apr 2021;244300;2609 - Tin ores and concentrates.;Total Exports;Quantity;Rwanda;European Union All Countries
Feb 2021;245350;7108 - Gold (including gold plated with platinum) unwrought or in semi-manufactured forms, or in powder form.;Total Exports;Net Weight(Kg);Kenya;SADC
Feb 2021;245350;71081300 - Gold (including gold plated with platinum) unwrought or in semi-manufactured forms, or in powder form.- Non-monetary:-- Other semi-manufactured forms;Total Exports;Net Weight(Kg);Kenya;SADC
Sep 2021;245700;2609 - Tin ores and concentrates.;Total Exports;Net Weight(Kg);Rwanda;European Union All Countries
Sep 2021;245700;2609 - Tin ores and concentrates.;Total Exports;Quantity;Rwanda;European Union All Countries
Jan 2024;245713;7108 - Gold (including gold plated with platinum) unwrought or in semi-manufactured forms, or in powder form.;Total Exports;Net Weight(Kg);United Republic of Tanzania;SADC
Jan 2024;245713;71081200 - Gold (including gold plated with platinum) unwrought or in semi-manufactured forms, or in powder form.- Non-monetary:-- Other unwrought forms;Total Exports;Net Weight(Kg);United Republic of Tanzania;SADC
Jan 2024;245713;7108 - Gold (including gold plated with platinum) unwrought or in semi-manufactured forms, or in powder form.;Total Exports;Quantity;United Republic of Tanzania;SADC
Jan 2024;245713;71081200 - Gold (including gold plated with platinum) unwrought or in semi-manufactured forms, or in powder form.- Non-monetary:-- Other unwrought forms;Total Exports;Quantity;United Republic of Tanzania;SADC
May 2020;246000;26 - Ores, slag and ash.;Total Exports;Net Weight(Kg);DR Congo;ASEAN
Jun 2023;246755;2609 - Tin ores and concentrates.;Total Exports;Net Weight(Kg);Rwanda;European Union All Countries
Jun 2023;246760;2609 - Tin ores and concentrates.;Total Exports;Quantity;Rwanda;European Union All Countries
Mar 2023;247342;26 - Ores, slag and ash.;Total Exports;Net Weight(Kg);Rwanda;European Union All Countries
Dec 2021;247860;2609 - Tin ores and concentrates.;Total Exports;Net Weight(Kg);Rwanda;European Union All Countries
Dec 2021;247860;2609 - Tin ores and concentrates.;Total Exports;Quantity;Rwanda;European Union All Countries
Oct 2024;249920;2608 - Zinc ores and concentrates.;Total Exports;Net Weight(Kg);Kenya;ASEAN
Oct 2024;249920;2608 - Zinc ores and concentrates.;Total Exports;Quantity;Kenya;ASEAN
Mar 2021;250000;26 - Ores, slag and ash.;Total Exports;Net Weight(Kg);DR Congo;ASEAN
Aug 2021;250000;26 - Ores, slag and ash.;Total Exports;Net Weight(Kg);DR Congo;ASEAN
Jul 2022;250000;26 - Ores, slag and ash.;Total Exports;Net Weight(Kg);DR Congo;ASEAN
Dec 2024;250000;26 - Ores, slag and ash.;Total Exports;Net Weight(Kg);United Republic of Tanzania;European Union All Countries
May 2024;250000;26 - Ores, slag and ash.;Total Exports;Net Weight(Kg);United Republic of Tanzania;ASEAN
Jun 2024;250000;26 - Ores, slag and ash.;Total Exports;Net Weight(Kg);Kenya;European Union All Countries
Apr 2022;250000;26 - Ores, slag and ash.;Total Exports;Net Weight(Kg);Kenya;SADC
Aug 2022;250000;26 - Ores, slag and ash.;Total Exports;Net Weight(Kg);Kenya;SADC
Sep 2022;250000;26 - Ores, slag and ash.;Total Exports;Net Weight(Kg);Kenya;SADC
Oct 2022;250000;26 - Ores, slag and ash.;Total Exports;Net Weight(Kg);Kenya;SADC
Nov 2022;250000;26 - Ores, slag and ash.;Total Exports;Net Weight(Kg);Kenya;SADC
Mar 2023;250000;26 - Ores, slag and ash.;Total Exports;Net Weight(Kg);Kenya;SADC
Feb 2024;250000;26 - Ores, slag and ash.;Total Exports;Net Weight(Kg);Kenya;SADC
Mar 2024;250000;26 - Ores, slag and ash.;Total Exports;Net Weight(Kg);Kenya;SADC
Apr 2024;250000;26 - Ores, slag and ash.;Total Exports;Net Weight(Kg);Kenya;SADC
May 2024;250000;26 - Ores, slag and ash.;Total Exports;Net Weight(Kg);Kenya;SADC
Oct 2024;250000;26 - Ores, slag and ash.;Total Exports;Net Weight(Kg);Kenya;SADC
Nov 2024;250000;26 - Ores, slag and ash.;Total Exports;Net Weight(Kg);Kenya;SADC
Feb 2025;250000;26 - Ores, slag and ash.;Total Exports;Net Weight(Kg);Kenya;SADC
Jul 2025;250000;26 - Ores, slag and ash.;Total Exports;Net Weight(Kg);Kenya;SADC
Aug 2025;250000;26 - Ores, slag and ash.;Total Exports;Net Weight(Kg);Kenya;SADC
Feb 2023;250000;26 - Ores, slag and ash.;Total Imports;Net Weight(Kg);United Republic of Tanzania;SADC
Sep 2023;250000;26 - Ores, slag and ash.;Total Imports;Net Weight(Kg);United Republic of Tanzania;SADC
May 2025;250000;26 - Ores, slag and ash.;Total Imports;Net Weight(Kg);Kenya;SADC
Sep 2021;250000;26 - Ores, slag and ash.;Total Imports;Net Weight(Kg);Rwanda;SADC
Jan 2022;250000;26 - Ores, slag and ash.;Total Imports;Net Weight(Kg);Rwanda;SADC
Aug 2022;250000;26 - Ores, slag and ash.;Total Imports;Net Weight(Kg);Rwanda;SADC
Jun 2023;250000;26 - Ores, slag and ash.;Total Imports;Net Weight(Kg);Rwanda;SADC
Feb 2023;250000;2601 - Iron ores and concentrates, including roasted iron pyrites.;Total Imports;Net Weight(Kg);United Republic of Tanzania;SADC
Sep 2023;250000;2601 - Iron ores and concentrates, including roasted iron pyrites.;Total Imports;Net Weight(Kg);United Republic of Tanzania;SADC
Feb 2023;250000;26011100 - Iron ores and concentrates, including roasted iron pyrites. - Iron ores and concentrates, other than roasted iron pyrites: -- Non-agglomerated;Total Imports;Net Weight(Kg);United Republic of Tanzania;SADC
Sep 2023;250000;26011100 - Iron ores and concentrates, including roasted iron pyrites. - Iron ores and concentrates, other than roasted iron pyrites: -- Non-agglomerated;Total Imports;Net Weight(Kg);United Republic of Tanzania;SADC
Apr 2021;250000;2603 - Copper ores and concentrates.;Total Exports;Net Weight(Kg);Kenya;SADC
May 2024;250000;2608 - Zinc ores and concentrates.;Total Exports;Net Weight(Kg);United Republic of Tanzania;ASEAN
Sep 2021;250000;2609 - Tin ores and concentrates.;Total Imports;Net Weight(Kg);Rwanda;SADC
Jan 2022;250000;2609 - Tin ores and concentrates.;Total Imports;Net Weight(Kg);Rwanda;SADC
Aug 2022;250000;2609 - Tin ores and concentrates.;Total Imports;Net Weight(Kg);Rwanda;SADC
Jun 2023;250000;2609 - Tin ores and concentrates.;Total Imports;Net Weight(Kg);Rwanda;SADC
Dec 2024;250000;26 - Ores, slag and ash.;Total Exports;Quantity;United Republic of Tanzania;European Union All Countries
May 2024;250000;26 - Ores, slag and ash.;Total Exports;Quantity;United Republic of Tanzania;ASEAN
Jun 2024;250000;26 - Ores, slag and ash.;Total Exports;Quantity;Kenya;European Union All Countries
Apr 2022;250000;26 - Ores, slag and ash.;Total Exports;Quantity;Kenya;SADC
Aug 2022;250000;26 - Ores, slag and ash.;Total Exports;Quantity;Kenya;SADC
Sep 2022;250000;26 - Ores, slag and ash.;Total Exports;Quantity;Kenya;SADC
Oct 2022;250000;26 - Ores, slag and ash.;Total Exports;Quantity;Kenya;SADC
Nov 2022;250000;26 - Ores, slag and ash.;Total Exports;Quantity;Kenya;SADC
Mar 2023;250000;26 - Ores, slag and ash.;Total Exports;Quantity;Kenya;SADC
Feb 2024;250000;26 - Ores, slag and ash.;Total Exports;Quantity;Kenya;SADC
Mar 2024;250000;26 - Ores, slag and ash.;Total Exports;Quantity;Kenya;SADC
Apr 2024;250000;26 - Ores, slag and ash.;Total Exports;Quantity;Kenya;SADC
May 2024;250000;26 - Ores, slag and ash.;Total Exports;Quantity;Kenya;SADC
Oct 2024;250000;26 - Ores, slag and ash.;Total Exports;Quantity;Kenya;SADC
Nov 2024;250000;26 - Ores, slag and ash.;Total Exports;Quantity;Kenya;SADC
Feb 2025;250000;26 - Ores, slag and ash.;Total Exports;Quantity;Kenya;SADC
Jul 2025;250000;26 - Ores, slag and ash.;Total Exports;Quantity;Kenya;SADC
Aug 2025;250000;26 - Ores, slag and ash.;Total Exports;Quantity;Kenya;SADC
Feb 2023;250000;26 - Ores, slag and ash.;Total Imports;Quantity;United Republic of Tanzania;SADC
Sep 2023;250000;26 - Ores, slag and ash.;Total Imports;Quantity;United Republic of Tanzania;SADC
May 2025;250000;26 - Ores, slag and ash.;Total Imports;Quantity;Kenya;SADC
Sep 2021;250000;26 - Ores, slag and ash.;Total Imports;Quantity;Rwanda;SADC
Jan 2022;250000;26 - Ores, slag and ash.;Total Imports;Quantity;Rwanda;SADC
Aug 2022;250000;26 - Ores, slag and ash.;Total Imports;Quantity;Rwanda;SADC
Jun 2023;250000;26 - Ores, slag and ash.;Total Imports;Quantity;Rwanda;SADC
Feb 2023;250000;2601 - Iron ores and concentrates, including roasted iron pyrites.;Total Imports;Quantity;United Republic of Tanzania;SADC
Sep 2023;250000;2601 - Iron ores and concentrates, including roasted iron pyrites.;Total Imports;Quantity;United Republic of Tanzania;SADC
Feb 2023;250000;26011100 - Iron ores and concentrates, including roasted iron pyrites. - Iron ores and concentrates, other than roasted iron pyrites: -- Non-agglomerated;Total Imports;Quantity;United Republic of Tanzania;SADC
Sep 2023;250000;26011100 - Iron ores and concentrates, including roasted iron pyrites. - Iron ores and concentrates, other than roasted iron pyrites: -- Non-agglomerated;Total Imports;Quantity;United Republic of Tanzania;SADC
Apr 2021;250000;2603 - Copper ores and concentrates.;Total Exports;Quantity;Kenya;SADC
May 2021;250000;2607 - Lead ores and concentrates.;Total Exports;Quantity;United Republic of Tanzania;European Union All Countries
May 2024;250000;2608 - Zinc ores and concentrates.;Total Exports;Quantity;United Republic of Tanzania;ASEAN
Sep 2021;250000;2609 - Tin ores and concentrates.;Total Imports;Quantity;Rwanda;SADC
Jan 2022;250000;2609 - Tin ores and concentrates.;Total Imports;Quantity;Rwanda;SADC
Aug 2022;250000;2609 - Tin ores and concentrates.;Total Imports;Quantity;Rwanda;SADC
Jun 2023;250000;2609 - Tin ores and concentrates.;Total Imports;Quantity;Rwanda;SADC
Nov 2021;250070;2609 - Tin ores and concentrates.;Total Exports;Net Weight(Kg);Rwanda;European Union All Countries
Nov 2021;250070;2609 - Tin ores and concentrates.;Total Exports;Quantity;Rwanda;European Union All Countries
Jun 2024;250200;26 - Ores, slag and ash.;Total Exports;Net Weight(Kg);Kenya;SADC
Jul 2021;250200;26 - Ores, slag and ash.;Total Exports;Net Weight(Kg);Rwanda;European Union All Countries
Jun 2024;250200;26 - Ores, slag and ash.;Total Exports;Quantity;Kenya;SADC
Jul 2021;250200;26 - Ores, slag and ash.;Total Exports;Quantity;Rwanda;European Union All Countries
Oct 2021;250250;2609 - Tin ores and concentrates.;Total Exports;Net Weight(Kg);Rwanda;European Union All Countries
Oct 2021;250250;2609 - Tin ores and concentrates.;Total Exports;Quantity;Rwanda;European Union All Countries
Feb 2022;250550;7108 - Gold (including gold plated with platinum) unwrought or in semi-manufactured forms, or in powder form.;Total Exports;Net Weight(Kg);DR Congo;European Union All Countries
Mar 2025;250560;26 - Ores, slag and ash.;Total Exports;Net Weight(Kg);Kenya;SADC
Mar 2025;250560;26 - Ores, slag and ash.;Total Exports;Quantity;Kenya;SADC
May 2022;251600;26 - Ores, slag and ash.;Total Exports;Net Weight(Kg);Rwanda;European Union All Countries
May 2022;251600;2609 - Tin ores and concentrates.;Total Exports;Net Weight(Kg);Rwanda;European Union All Countries
May 2022;251600;26 - Ores, slag and ash.;Total Exports;Quantity;Rwanda;European Union All Countries
May 2022;251600;2609 - Tin ores and concentrates.;Total Exports;Quantity;Rwanda;European Union All Countries
Oct 2023;251958;7108 - Gold (including gold plated with platinum) unwrought or in semi-manufactured forms, or in powder form.;Total Exports;Net Weight(Kg);United Republic of Tanzania;SADC
Oct 2023;251958;71081200 - Gold (including gold plated with platinum) unwrought or in semi-manufactured forms, or in powder form.- Non-monetary:-- Other unwrought forms;Total Exports;Net Weight(Kg);United Republic of Tanzania;SADC
Oct 2023;251958;7108 - Gold (including gold plated with platinum) unwrought or in semi-manufactured forms, or in powder form.;Total Exports;Quantity;United Republic of Tanzania;SADC
Oct 2023;251958;71081200 - Gold (including gold plated with platinum) unwrought or in semi-manufactured forms, or in powder form.- Non-monetary:-- Other unwrought forms;Total Exports;Quantity;United Republic of Tanzania;SADC
Jun 2020;252480;26 - Ores, slag and ash.;Total Imports;CIF Value (US$);United Republic of Tanzania;SADC
Oct 2023;253440;2609 - Tin ores and concentrates.;Total Exports;Quantity;Rwanda;European Union All Countries
Oct 2023;253445;2609 - Tin ores and concentrates.;Total Exports;Net Weight(Kg);Rwanda;European Union All Countries
Aug 2021;254000;7108 - Gold (including gold plated with platinum) unwrought or in semi-manufactured forms, or in powder form.;Total Exports;Net Weight(Kg);DR Congo;ASEAN
Aug 2021;254000;71081200 - Gold (including gold plated with platinum) unwrought or in semi-manufactured forms, or in powder form.- Non-monetary:-- Other unwrought forms;Total Exports;Net Weight(Kg);DR Congo;ASEAN
Jan 2024;254935;7108 - Gold (including gold plated with platinum) unwrought or in semi-manufactured forms, or in powder form.;Total Exports;Net Weight(Kg);Kenya;SADC
Jan 2024;254935;71081300 - Gold (including gold plated with platinum) unwrought or in semi-manufactured forms, or in powder form.- Non-monetary:-- Other semi-manufactured forms;Total Exports;Net Weight(Kg);Kenya;SADC
Jan 2024;254935;7108 - Gold (including gold plated with platinum) unwrought or in semi-manufactured forms, or in powder form.;Total Exports;Quantity;Kenya;SADC
Jan 2024;254935;71081300 - Gold (including gold plated with platinum) unwrought or in semi-manufactured forms, or in powder form.- Non-monetary:-- Other semi-manufactured forms;Total Exports;Quantity;Kenya;SADC
Nov 2021;255000;26 - Ores, slag and ash.;Total Imports;Net Weight(Kg);Rwanda;SADC
Nov 2021;255000;2609 - Tin ores and concentrates.;Total Imports;Net Weight(Kg);Rwanda;SADC
Nov 2021;255000;26 - Ores, slag and ash.;Total Imports;Quantity;Rwanda;SADC
Nov 2021;255000;2609 - Tin ores and concentrates.;Total Imports;Quantity;Rwanda;SADC
Feb 2025;255149;7108 - Gold (including gold plated with platinum) unwrought or in semi-manufactured forms, or in powder form.;Total Imports;Net Weight(Kg);Uganda;SADC
Feb 2025;255149;71081200 - Gold (including gold plated with platinum) unwrought or in semi-manufactured forms, or in powder form.- Non-monetary:-- Other unwrought forms;Total Imports;Net Weight(Kg);Uganda;SADC
Apr 2023;255255;2609 - Tin ores and concentrates.;Total Exports;Net Weight(Kg);Rwanda;European Union All Countries
Apr 2023;255260;2609 - Tin ores and concentrates.;Total Exports;Quantity;Rwanda;European Union All Countries
Mar 2023;255820;26 - Ores, slag and ash.;Total Exports;Quantity;Rwanda;European Union All Countries
May 2021;255990;26 - Ores, slag and ash.;Total Exports;Net Weight(Kg);DR Congo;ASEAN
Jun 2025;256700;26 - Ores, slag and ash.;Total Exports;Net Weight(Kg);Kenya;SADC
Jun 2025;256700;26 - Ores, slag and ash.;Total Exports;Quantity;Kenya;SADC
Nov 2023;256868;7108 - Gold (including gold plated with platinum) unwrought or in semi-manufactured forms, or in powder form.;Total Exports;Net Weight(Kg);United Republic of Tanzania;SADC
Nov 2023;256868;71081200 - Gold (including gold plated with platinum) unwrought or in semi-manufactured forms, or in powder form.- Non-monetary:-- Other unwrought forms;Total Exports;Net Weight(Kg);United Republic of Tanzania;SADC
Nov 2023;256868;7108 - Gold (including gold plated with platinum) unwrought or in semi-manufactured forms, or in powder form.;Total Exports;Quantity;United Republic of Tanzania;SADC
Nov 2023;256868;71081200 - Gold (including gold plated with platinum) unwrought or in semi-manufactured forms, or in powder form.- Non-monetary:-- Other unwrought forms;Total Exports;Quantity;United Republic of Tanzania;SADC
Sep 2025;257125;26 - Ores, slag and ash.;Total Exports;Net Weight(Kg);Kenya;SADC
Sep 2025;257125;26 - Ores, slag and ash.;Total Exports;Quantity;Kenya;SADC
Dec 2021;257710;2601 - Iron ores and concentrates, including roasted iron pyrites.;Total Imports;Net Weight(Kg);United Republic of Tanzania;SADC
Dec 2021;257710;26011100 - Iron ores and concentrates, including roasted iron pyrites. - Iron ores and concentrates, other than roasted iron pyrites: -- Non-agglomerated;Total Imports;Net Weight(Kg);United Republic of Tanzania;SADC
Dec 2021;257710;2601 - Iron ores and concentrates, including roasted iron pyrites.;Total Imports;Quantity;United Republic of Tanzania;SADC
Dec 2021;257710;26011100 - Iron ores and concentrates, including roasted iron pyrites. - Iron ores and concentrates, other than roasted iron pyrites: -- Non-agglomerated;Total Imports;Quantity;United Republic of Tanzania;SADC
Oct 2022;258000;26 - Ores, slag and ash.;Total Exports;Net Weight(Kg);DR Congo;ASEAN
May 2022;258440;2609 - Tin ores and concentrates.;Total Exports;Net Weight(Kg);United Republic of Tanzania;European Union All Countries
May 2022;258440;2609 - Tin ores and concentrates.;Total Exports;Quantity;United Republic of Tanzania;European Union All Countries
Mar 2021;258690;26 - Ores, slag and ash.;Total Imports;Net Weight(Kg);United Republic of Tanzania;SADC
Mar 2021;258690;2601 - Iron ores and concentrates, including roasted iron pyrites.;Total Imports;Net Weight(Kg);United Republic of Tanzania;SADC
Mar 2021;258690;26011100 - Iron ores and concentrates, including roasted iron pyrites. - Iron ores and concentrates, other than roasted iron pyrites: -- Non-agglomerated;Total Imports;Net Weight(Kg);United Republic of Tanzania;SADC
Mar 2021;258690;26 - Ores, slag and ash.;Total Imports;Quantity;United Republic of Tanzania;SADC
Mar 2021;258690;2601 - Iron ores and concentrates, including roasted iron pyrites.;Total Imports;Quantity;United Republic of Tanzania;SADC
Mar 2021;258690;26011100 - Iron ores and concentrates, including roasted iron pyrites. - Iron ores and concentrates, other than roasted iron pyrites: -- Non-agglomerated;Total Imports;Quantity;United Republic of Tanzania;SADC
Apr 2024;259997;7108 - Gold (including gold plated with platinum) unwrought or in semi-manufactured forms, or in powder form.;Total Imports;Net Weight(Kg);Uganda;SADC
Apr 2024;259997;71081200 - Gold (including gold plated with platinum) unwrought or in semi-manufactured forms, or in powder form.- Non-monetary:-- Other unwrought forms;Total Imports;Net Weight(Kg);Uganda;SADC
Aug 2021;260000;26 - Ores, slag and ash.;Total Imports;Net Weight(Kg);United Republic of Tanzania;SADC
Aug 2021;260000;26 - Ores, slag and ash.;Total Imports;Quantity;United Republic of Tanzania;SADC
Oct 2022;260000;7106 - Silver (including silver plated with gold or platinum), unwrought or in semi-manufactured forms, or in powder form.;Total Imports;Quantity;Kenya;European Union All Countries
Oct 2022;260000;71069200 - Silver (including silver plated with gold or platinum), unwrought or in semi-manufactured forms, or in powder form.- Other:-- Semi-manufactured;Total Imports;Quantity;Kenya;European Union All Countries
Apr 2020;260000;7108 - Gold (including gold plated with platinum) unwrought or in semi-manufactured forms, or in powder form.;Total Imports;Quantity;Rwanda;SADC
Apr 2020;260000;71081200 - Gold (including gold plated with platinum) unwrought or in semi-manufactured forms, or in powder form.- Non-monetary:-- Other unwrought forms;Total Imports;Quantity;Rwanda;SADC
Jun 2025;260600;2607 - Lead ores and concentrates.;Total Imports;Net Weight(Kg);Uganda;SADC
Jun 2025;260600;2607 - Lead ores and concentrates.;Total Imports;Quantity;Uganda;SADC
Oct 2020;260886;7108 - Gold (including gold plated with platinum) unwrought or in semi-manufactured forms, or in powder form.;Total Imports;Net Weight(Kg);Uganda;SADC
Nov 2020;263870;26 - Ores, slag and ash.;Total Imports;CIF Value (US$);United Republic of Tanzania;SADC
Aug 2023;264424;71081300 - Gold (including gold plated with platinum) unwrought or in semi-manufactured forms, or in powder form.- Non-monetary:-- Other semi-manufactured forms;Total Imports;Net Weight(Kg);Uganda;SADC
Jun 2024;264579;7108 - Gold (including gold plated with platinum) unwrought or in semi-manufactured forms, or in powder form.;Total Exports;Net Weight(Kg);Kenya;SADC
Jun 2024;264579;71081300 - Gold (including gold plated with platinum) unwrought or in semi-manufactured forms, or in powder form.- Non-monetary:-- Other semi-manufactured forms;Total Exports;Net Weight(Kg);Kenya;SADC
Jun 2024;264579;7108 - Gold (including gold plated with platinum) unwrought or in semi-manufactured forms, or in powder form.;Total Exports;Quantity;Kenya;SADC
Jun 2024;264579;71081300 - Gold (including gold plated with platinum) unwrought or in semi-manufactured forms, or in powder form.- Non-monetary:-- Other semi-manufactured forms;Total Exports;Quantity;Kenya;SADC
Mar 2025;267000;2608 - Zinc ores and concentrates.;Total Exports;Net Weight(Kg);Kenya;ASEAN
Mar 2025;267000;2608 - Zinc ores and concentrates.;Total Exports;Quantity;Kenya;ASEAN
Oct 2021;268570;26 - Ores, slag and ash.;Total Imports;CIF Value (US$);United Republic of Tanzania;SADC
Jan 2023;270000;26 - Ores, slag and ash.;Total Exports;Net Weight(Kg);Kenya;SADC
Aug 2023;270000;26 - Ores, slag and ash.;Total Exports;Net Weight(Kg);Kenya;SADC
Sep 2023;270000;26 - Ores, slag and ash.;Total Exports;Net Weight(Kg);Kenya;SADC
May 2022;270000;2603 - Copper ores and concentrates.;Total Exports;Net Weight(Kg);United Republic of Tanzania;SADC
Jan 2023;270000;26 - Ores, slag and ash.;Total Exports;Quantity;Kenya;SADC
Aug 2023;270000;26 - Ores, slag and ash.;Total Exports;Quantity;Kenya;SADC
Sep 2023;270000;26 - Ores, slag and ash.;Total Exports;Quantity;Kenya;SADC
May 2022;270000;2603 - Copper ores and concentrates.;Total Exports;Quantity;United Republic of Tanzania;SADC
Apr 2023;270130;26 - Ores, slag and ash.;Total Imports;Net Weight(Kg);United Republic of Tanzania;SADC
Apr 2023;270130;26 - Ores, slag and ash.;Total Imports;Quantity;United Republic of Tanzania;SADC
Feb 2022;271250;26 - Ores, slag and ash.;Total Imports;Net Weight(Kg);United Republic of Tanzania;SADC
Feb 2022;271250;26 - Ores, slag and ash.;Total Imports;Quantity;United Republic of Tanzania;SADC
Mar 2024;271828;7108 - Gold (including gold plated with platinum) unwrought or in semi-manufactured forms, or in powder form.;Total Exports;Net Weight(Kg);United Republic of Tanzania;SADC
Mar 2024;271828;71081200 - Gold (including gold plated with platinum) unwrought or in semi-manufactured forms, or in powder form.- Non-monetary:-- Other unwrought forms;Total Exports;Net Weight(Kg);United Republic of Tanzania;SADC
Mar 2024;271828;7108 - Gold (including gold plated with platinum) unwrought or in semi-manufactured forms, or in powder form.;Total Exports;Quantity;United Republic of Tanzania;SADC
Mar 2024;271828;71081200 - Gold (including gold plated with platinum) unwrought or in semi-manufactured forms, or in powder form.- Non-monetary:-- Other unwrought forms;Total Exports;Quantity;United Republic of Tanzania;SADC
Apr 2024;272000;26 - Ores, slag and ash.;Total Imports;Net Weight(Kg);DR Congo;European Union All Countries
Sep 2020;272241;7108 - Gold (including gold plated with platinum) unwrought or in semi-manufactured forms, or in powder form.;Total Imports;Net Weight(Kg);Uganda;SADC
Sep 2025;272345;7108 - Gold (including gold plated with platinum) unwrought or in semi-manufactured forms, or in powder form.;Total Imports;Net Weight(Kg);Uganda;SADC
Sep 2025;272345;71081200 - Gold (including gold plated with platinum) unwrought or in semi-manufactured forms, or in powder form.- Non-monetary:-- Other unwrought forms;Total Imports;Net Weight(Kg);Uganda;SADC
Feb 2024;272985;7108 - Gold (including gold plated with platinum) unwrought or in semi-manufactured forms, or in powder form.;Total Exports;Net Weight(Kg);Kenya;SADC
Feb 2024;272985;71081300 - Gold (including gold plated with platinum) unwrought or in semi-manufactured forms, or in powder form.- Non-monetary:-- Other semi-manufactured forms;Total Exports;Net Weight(Kg);Kenya;SADC
Feb 2024;272985;7108 - Gold (including gold plated with platinum) unwrought or in semi-manufactured forms, or in powder form.;Total Exports;Quantity;Kenya;SADC
Feb 2024;272985;71081300 - Gold (including gold plated with platinum) unwrought or in semi-manufactured forms, or in powder form.- Non-monetary:-- Other semi-manufactured forms;Total Exports;Quantity;Kenya;SADC
Jul 2024;273010;7108 - Gold (including gold plated with platinum) unwrought or in semi-manufactured forms, or in powder form.;Total Exports;Quantity;Kenya;SADC
Jul 2024;273010;71081300 - Gold (including gold plated with platinum) unwrought or in semi-manufactured forms, or in powder form.- Non-monetary:-- Other semi-manufactured forms;Total Exports;Quantity;Kenya;SADC
Feb 2024;274512;7108 - Gold (including gold plated with platinum) unwrought or in semi-manufactured forms, or in powder form.;Total Exports;Quantity;United Republic of Tanzania;SADC
Feb 2024;274512;71081200 - Gold (including gold plated with platinum) unwrought or in semi-manufactured forms, or in powder form.- Non-monetary:-- Other unwrought forms;Total Exports;Quantity;United Republic of Tanzania;SADC
Apr 2024;275000;26 - Ores, slag and ash.;Total Imports;Net Weight(Kg);Rwanda;SADC
Apr 2024;275000;2609 - Tin ores and concentrates.;Total Imports;Net Weight(Kg);Rwanda;SADC
Apr 2024;275000;26 - Ores, slag and ash.;Total Imports;Quantity;Rwanda;SADC
Apr 2024;275000;2609 - Tin ores and concentrates.;Total Imports;Quantity;Rwanda;SADC
Oct 2023;279712;71081200 - Gold (including gold plated with platinum) unwrought or in semi-manufactured forms, or in powder form.- Non-monetary:-- Other unwrought forms;Total Imports;Net Weight(Kg);Uganda;SADC
Jul 2025;280000;26 - Ores, slag and ash.;Total Imports;Net Weight(Kg);Kenya;ASEAN
Feb 2023;280000;2601 - Iron ores and concentrates, including roasted iron pyrites.;Total Imports;Net Weight(Kg);Kenya;SADC
Feb 2023;280000;26011100 - Iron ores and concentrates, including roasted iron pyrites. - Iron ores and concentrates, other than roasted iron pyrites: -- Non-agglomerated;Total Imports;Net Weight(Kg);Kenya;SADC
May 2024;280000;2614 - Titanium ores and concentrates.;Total Exports;Net Weight(Kg);Kenya;European Union All Countries
Jul 2025;280000;2614 - Titanium ores and concentrates.;Total Imports;Net Weight(Kg);Kenya;ASEAN
Jul 2025;280000;26 - Ores, slag and ash.;Total Imports;Quantity;Kenya;ASEAN
Feb 2023;280000;2601 - Iron ores and concentrates, including roasted iron pyrites.;Total Imports;Quantity;Kenya;SADC
Feb 2023;280000;26011100 - Iron ores and concentrates, including roasted iron pyrites. - Iron ores and concentrates, other than roasted iron pyrites: -- Non-agglomerated;Total Imports;Quantity;Kenya;SADC
May 2024;280000;2614 - Titanium ores and concentrates.;Total Exports;Quantity;Kenya;European Union All Countries
Jul 2025;280000;2614 - Titanium ores and concentrates.;Total Imports;Quantity;Kenya;ASEAN
Dec 2023;280200;26 - Ores, slag and ash.;Total Imports;Net Weight(Kg);United Republic of Tanzania;SADC
Dec 2023;280200;26 - Ores, slag and ash.;Total Imports;Quantity;United Republic of Tanzania;SADC
Oct 2025;280500;2603 - Copper ores and concentrates.;Total Imports;Net Weight(Kg);United Republic of Tanzania;SADC
Oct 2025;280500;2603 - Copper ores and concentrates.;Total Imports;Quantity;United Republic of Tanzania;SADC
Mar 2025;282375;26 - Ores, slag and ash.;Total Exports;Net Weight(Kg);DR Congo;European Union All Countries
May 2022;290000;2604 - Nickel ores and concentrates.;Total Exports;Net Weight(Kg);United Republic of Tanzania;SADC
May 2022;290000;2604 - Nickel ores and concentrates.;Total Exports;Quantity;United Republic of Tanzania;SADC
Oct 2023;290094;7108 - Gold (including gold plated with platinum) unwrought or in semi-manufactured forms, or in powder form.;Total Imports;Net Weight(Kg);Uganda;SADC
Oct 2021;291000;2609 - Tin ores and concentrates.;Total Exports;Net Weight(Kg);DR Congo;SADC
Dec 2024;291416;7108 - Gold (including gold plated with platinum) unwrought or in semi-manufactured forms, or in powder form.;Total Exports;Net Weight(Kg);Kenya;SADC
Dec 2024;291416;71081300 - Gold (including gold plated with platinum) unwrought or in semi-manufactured forms, or in powder form.- Non-monetary:-- Other semi-manufactured forms;Total Exports;Net Weight(Kg);Kenya;SADC
May 2024;291478;7108 - Gold (including gold plated with platinum) unwrought or in semi-manufactured forms, or in powder form.;Total Exports;Net Weight(Kg);Kenya;SADC
May 2024;291478;71081300 - Gold (including gold plated with platinum) unwrought or in semi-manufactured forms, or in powder form.- Non-monetary:-- Other semi-manufactured forms;Total Exports;Net Weight(Kg);Kenya;SADC
May 2025;292626;7108 - Gold (including gold plated with platinum) unwrought or in semi-manufactured forms, or in powder form.;Total Exports;Net Weight(Kg);Kenya;SADC
May 2025;292626;71081300 - Gold (including gold plated with platinum) unwrought or in semi-manufactured forms, or in powder form.- Non-monetary:-- Other semi-manufactured forms;Total Exports;Net Weight(Kg);Kenya;SADC
May 2025;292626;7108 - Gold (including gold plated with platinum) unwrought or in semi-manufactured forms, or in powder form.;Total Exports;Quantity;Kenya;SADC
May 2025;292626;71081300 - Gold (including gold plated with platinum) unwrought or in semi-manufactured forms, or in powder form.- Non-monetary:-- Other semi-manufactured forms;Total Exports;Quantity;Kenya;SADC
Sep 2025;293333;7108 - Gold (including gold plated with platinum) unwrought or in semi-manufactured forms, or in powder form.;Total Exports;Net Weight(Kg);Kenya;SADC
Sep 2025;293333;71081300 - Gold (including gold plated with platinum) unwrought or in semi-manufactured forms, or in powder form.- Non-monetary:-- Other semi-manufactured forms;Total Exports;Net Weight(Kg);Kenya;SADC
Sep 2025;293333;7108 - Gold (including gold plated with platinum) unwrought or in semi-manufactured forms, or in powder form.;Total Exports;Quantity;Kenya;SADC
Sep 2025;293333;71081300 - Gold (including gold plated with platinum) unwrought or in semi-manufactured forms, or in powder form.- Non-monetary:-- Other semi-manufactured forms;Total Exports;Quantity;Kenya;SADC
Apr 2025;293700;26 - Ores, slag and ash.;Total Imports;Net Weight(Kg);DR Congo;SADC
Jan 2025;293970;2601 - Iron ores and concentrates, including roasted iron pyrites.;Total Imports;CIF Value (US$);United Republic of Tanzania;SADC
Feb 2025;293970;26011200 - Iron ores and concentrates, including roasted iron pyrites. - Iron ores and concentrates, other than roasted iron pyrites: -- Agglomerated;Total Imports;CIF Value (US$);United Republic of Tanzania;SADC
Jan 2025;293970;26012000 - Iron ores and concentrates, including roasted iron pyrites. - Roasted iron pyrites;Total Imports;CIF Value (US$);United Republic of Tanzania;SADC
Apr 2025;294856;7108 - Gold (including gold plated with platinum) unwrought or in semi-manufactured forms, or in powder form.;Total Exports;Net Weight(Kg);Kenya;SADC
Apr 2025;294856;71081300 - Gold (including gold plated with platinum) unwrought or in semi-manufactured forms, or in powder form.- Non-monetary:-- Other semi-manufactured forms;Total Exports;Net Weight(Kg);Kenya;SADC
Apr 2025;294856;7108 - Gold (including gold plated with platinum) unwrought or in semi-manufactured forms, or in powder form.;Total Exports;Quantity;Kenya;SADC
Apr 2025;294856;71081300 - Gold (including gold plated with platinum) unwrought or in semi-manufactured forms, or in powder form.- Non-monetary:-- Other semi-manufactured forms;Total Exports;Quantity;Kenya;SADC
Sep 2021;295360;26 - Ores, slag and ash.;Total Exports;Net Weight(Kg);DR Congo;SADC
Jul 2025;297452;7108 - Gold (including gold plated with platinum) unwrought or in semi-manufactured forms, or in powder form.;Total Exports;Net Weight(Kg);Kenya;SADC
Jul 2025;297452;71081300 - Gold (including gold plated with platinum) unwrought or in semi-manufactured forms, or in powder form.- Non-monetary:-- Other semi-manufactured forms;Total Exports;Net Weight(Kg);Kenya;SADC
Jul 2025;297452;7108 - Gold (including gold plated with platinum) unwrought or in semi-manufactured forms, or in powder form.;Total Exports;Quantity;Kenya;SADC
Jul 2025;297452;71081300 - Gold (including gold plated with platinum) unwrought or in semi-manufactured forms, or in powder form.- Non-monetary:-- Other semi-manufactured forms;Total Exports;Quantity;Kenya;SADC
Sep 2024;300000;26 - Ores, slag and ash.;Total Imports;Net Weight(Kg);DR Congo;SADC
May 2023;300000;26 - Ores, slag and ash.;Total Imports;Net Weight(Kg);United Republic of Tanzania;SADC
Feb 2024;300000;2601 - Iron ores and concentrates, including roasted iron pyrites.;Total Imports;Net Weight(Kg);United Republic of Tanzania;SADC
Jun 2025;300000;2601 - Iron ores and concentrates, including roasted iron pyrites.;Total Imports;Net Weight(Kg);United Republic of Tanzania;SADC
Jun 2025;300000;2601 - Iron ores and concentrates, including roasted iron pyrites.;Total Imports;Net Weight(Kg);Kenya;SADC
Feb 2024;300000;26011100 - Iron ores and concentrates, including roasted iron pyrites. - Iron ores and concentrates, other than roasted iron pyrites: -- Non-agglomerated;Total Imports;Net Weight(Kg);United Republic of Tanzania;SADC
Jul 2025;300000;26011100 - Iron ores and concentrates, including roasted iron pyrites. - Iron ores and concentrates, other than roasted iron pyrites: -- Non-agglomerated;Total Imports;Net Weight(Kg);United Republic of Tanzania;SADC
Jun 2025;300000;26011100 - Iron ores and concentrates, including roasted iron pyrites. - Iron ores and concentrates, other than roasted iron pyrites: -- Non-agglomerated;Total Imports;Net Weight(Kg);Kenya;SADC
Jun 2025;300000;26012000 - Iron ores and concentrates, including roasted iron pyrites. - Roasted iron pyrites;Total Imports;Net Weight(Kg);United Republic of Tanzania;SADC
Aug 2025;300000;26012000 - Iron ores and concentrates, including roasted iron pyrites. - Roasted iron pyrites;Total Imports;Net Weight(Kg);United Republic of Tanzania;SADC
Nov 2022;300000;2603 - Copper ores and concentrates.;Total Imports;Net Weight(Kg);United Republic of Tanzania;SADC
Aug 2022;300000;2606 - Aluminium ores and concentrates.;Total Imports;Net Weight(Kg);Kenya;SADC
Jul 2024;300000;7106 - Silver (including silver plated with gold or platinum), unwrought or in semi-manufactured forms, or in powder form.;Total Exports;Net Weight(Kg);United Republic of Tanzania;SADC
Jul 2024;300000;71061000 - Silver (including silver plated with gold or platinum), unwrought or in semi-manufactured forms, or in powder form.- Powder;Total Exports;Net Weight(Kg);United Republic of Tanzania;SADC
May 2023;300000;26 - Ores, slag and ash.;Total Imports;Quantity;United Republic of Tanzania;SADC
Feb 2024;300000;2601 - Iron ores and concentrates, including roasted iron pyrites.;Total Imports;Quantity;United Republic of Tanzania;SADC
Jun 2025;300000;2601 - Iron ores and concentrates, including roasted iron pyrites.;Total Imports;Quantity;United Republic of Tanzania;SADC
Jun 2025;300000;2601 - Iron ores and concentrates, including roasted iron pyrites.;Total Imports;Quantity;Kenya;SADC
Feb 2024;300000;26011100 - Iron ores and concentrates, including roasted iron pyrites. - Iron ores and concentrates, other than roasted iron pyrites: -- Non-agglomerated;Total Imports;Quantity;United Republic of Tanzania;SADC
Jul 2025;300000;26011100 - Iron ores and concentrates, including roasted iron pyrites. - Iron ores and concentrates, other than roasted iron pyrites: -- Non-agglomerated;Total Imports;Quantity;United Republic of Tanzania;SADC
Jun 2025;300000;26011100 - Iron ores and concentrates, including roasted iron pyrites. - Iron ores and concentrates, other than roasted iron pyrites: -- Non-agglomerated;Total Imports;Quantity;Kenya;SADC
Jun 2025;300000;26012000 - Iron ores and concentrates, including roasted iron pyrites. - Roasted iron pyrites;Total Imports;Quantity;United Republic of Tanzania;SADC
Aug 2025;300000;26012000 - Iron ores and concentrates, including roasted iron pyrites. - Roasted iron pyrites;Total Imports;Quantity;United Republic of Tanzania;SADC
Nov 2022;300000;2603 - Copper ores and concentrates.;Total Imports;Quantity;United Republic of Tanzania;SADC
Aug 2022;300000;2606 - Aluminium ores and concentrates.;Total Imports;Quantity;Kenya;SADC
Jul 2024;300000;7106 - Silver (including silver plated with gold or platinum), unwrought or in semi-manufactured forms, or in powder form.;Total Exports;Quantity;United Republic of Tanzania;SADC
Jul 2024;300000;71061000 - Silver (including silver plated with gold or platinum), unwrought or in semi-manufactured forms, or in powder form.- Powder;Total Exports;Quantity;United Republic of Tanzania;SADC
May 2025;300376;7108 - Gold (including gold plated with platinum) unwrought or in semi-manufactured forms, or in powder form.;Total Imports;Net Weight(Kg);Uganda;SADC
May 2025;300376;71081200 - Gold (including gold plated with platinum) unwrought or in semi-manufactured forms, or in powder form.- Non-monetary:-- Other unwrought forms;Total Imports;Net Weight(Kg);Uganda;SADC
Jun 2024;300511;26 - Ores, slag and ash.;Total Exports;FOB Value (US$);DR Congo;SADC
Jun 2024;300511;2603 - Copper ores and concentrates.;Total Exports;FOB Value (US$);DR Congo;SADC
Apr 2024;300727;26 - Ores, slag and ash.;Total Exports;FOB Value (US$);DR Congo;European Union All Countries
Apr 2024;300727;2603 - Copper ores and concentrates.;Total Exports;FOB Value (US$);DR Congo;European Union All Countries
Sep 2024;300800;26 - Ores, slag and ash.;Total Imports;Net Weight(Kg);United Republic of Tanzania;SADC
Sep 2024;300800;26 - Ores, slag and ash.;Total Imports;Quantity;United Republic of Tanzania;SADC
Feb 2024;301200;26 - Ores, slag and ash.;Total Imports;Net Weight(Kg);United Republic of Tanzania;SADC
Feb 2024;301200;26 - Ores, slag and ash.;Total Imports;Quantity;United Republic of Tanzania;SADC
May 2025;301740;26012000 - Iron ores and concentrates, including roasted iron pyrites. - Roasted iron pyrites;Total Imports;CIF Value (US$);United Republic of Tanzania;SADC
Jun 2025;302138;7108 - Gold (including gold plated with platinum) unwrought or in semi-manufactured forms, or in powder form.;Total Imports;Net Weight(Kg);Uganda;SADC
Jun 2025;302138;71081200 - Gold (including gold plated with platinum) unwrought or in semi-manufactured forms, or in powder form.- Non-monetary:-- Other unwrought forms;Total Imports;Net Weight(Kg);Uganda;SADC
Nov 2024;302746;7108 - Gold (including gold plated with platinum) unwrought or in semi-manufactured forms, or in powder form.;Total Exports;Net Weight(Kg);Kenya;SADC
Nov 2024;302746;71081300 - Gold (including gold plated with platinum) unwrought or in semi-manufactured forms, or in powder form.- Non-monetary:-- Other semi-manufactured forms;Total Exports;Net Weight(Kg);Kenya;SADC
Nov 2024;302746;7108 - Gold (including gold plated with platinum) unwrought or in semi-manufactured forms, or in powder form.;Total Exports;Quantity;Kenya;SADC
Nov 2024;302746;71081300 - Gold (including gold plated with platinum) unwrought or in semi-manufactured forms, or in powder form.- Non-monetary:-- Other semi-manufactured forms;Total Exports;Quantity;Kenya;SADC
May 2025;305604;26 - Ores, slag and ash.;Total Exports;Net Weight(Kg);Kenya;SADC
May 2025;305604;26 - Ores, slag and ash.;Total Exports;Quantity;Kenya;SADC
Mar 2022;309428;26 - Ores, slag and ash.;Total Imports;Net Weight(Kg);Rwanda;SADC
Mar 2022;309428;2609 - Tin ores and concentrates.;Total Imports;Net Weight(Kg);Rwanda;SADC
Mar 2022;309430;26 - Ores, slag and ash.;Total Imports;Quantity;Rwanda;SADC
Mar 2022;309430;2609 - Tin ores and concentrates.;Total Imports;Quantity;Rwanda;SADC
Dec 2020;309837;7108 - Gold (including gold plated with platinum) unwrought or in semi-manufactured forms, or in powder form.;Total Imports;Net Weight(Kg);Uganda;SADC
Aug 2024;310000;7108 - Gold (including gold plated with platinum) unwrought or in semi-manufactured forms, or in powder form.;Total Exports;Quantity;Kenya;SADC
Aug 2024;310000;71081300 - Gold (including gold plated with platinum) unwrought or in semi-manufactured forms, or in powder form.- Non-monetary:-- Other semi-manufactured forms;Total Exports;Quantity;Kenya;SADC
Dec 2023;311297;7108 - Gold (including gold plated with platinum) unwrought or in semi-manufactured forms, or in powder form.;Total Imports;Net Weight(Kg);Uganda;SADC
Dec 2023;311297;71081200 - Gold (including gold plated with platinum) unwrought or in semi-manufactured forms, or in powder form.- Non-monetary:-- Other unwrought forms;Total Imports;Net Weight(Kg);Uganda;SADC
Jun 2022;313070;7108 - Gold (including gold plated with platinum) unwrought or in semi-manufactured forms, or in powder form.;Total Exports;Net Weight(Kg);DR Congo;ASEAN
Dec 2023;314435;7108 - Gold (including gold plated with platinum) unwrought or in semi-manufactured forms, or in powder form.;Total Exports;Net Weight(Kg);Kenya;SADC
Dec 2023;314435;71081300 - Gold (including gold plated with platinum) unwrought or in semi-manufactured forms, or in powder form.- Non-monetary:-- Other semi-manufactured forms;Total Exports;Net Weight(Kg);Kenya;SADC
Dec 2023;314435;7108 - Gold (including gold plated with platinum) unwrought or in semi-manufactured forms, or in powder form.;Total Exports;Quantity;Kenya;SADC
Dec 2023;314435;71081300 - Gold (including gold plated with platinum) unwrought or in semi-manufactured forms, or in powder form.- Non-monetary:-- Other semi-manufactured forms;Total Exports;Quantity;Kenya;SADC
Apr 2024;314460;26 - Ores, slag and ash.;Total Imports;CIF Value (US$);Uganda;SADC
Aug 2024;314666;7108 - Gold (including gold plated with platinum) unwrought or in semi-manufactured forms, or in powder form.;Total Exports;Net Weight(Kg);Kenya;SADC
Aug 2024;314666;71081300 - Gold (including gold plated with platinum) unwrought or in semi-manufactured forms, or in powder form.- Non-monetary:-- Other semi-manufactured forms;Total Exports;Net Weight(Kg);Kenya;SADC
May 2024;315732;7108 - Gold (including gold plated with platinum) unwrought or in semi-manufactured forms, or in powder form.;Total Imports;Net Weight(Kg);Uganda;SADC
May 2024;315732;71081200 - Gold (including gold plated with platinum) unwrought or in semi-manufactured forms, or in powder form.- Non-monetary:-- Other unwrought forms;Total Imports;Net Weight(Kg);Uganda;SADC
Aug 2023;316214;7108 - Gold (including gold plated with platinum) unwrought or in semi-manufactured forms, or in powder form.;Total Imports;Net Weight(Kg);Uganda;SADC
Sep 2023;317500;26 - Ores, slag and ash.;Total Exports;Net Weight(Kg);Rwanda;SADC
Sep 2023;317500;26 - Ores, slag and ash.;Total Exports;Quantity;Rwanda;SADC
Mar 2024;320600;26 - Ores, slag and ash.;Total Exports;Net Weight(Kg);Rwanda;SADC
Mar 2024;320600;26 - Ores, slag and ash.;Total Exports;Quantity;Rwanda;SADC
May 2022;328200;26 - Ores, slag and ash.;Total Imports;Net Weight(Kg);Rwanda;SADC
May 2022;328200;2609 - Tin ores and concentrates.;Total Imports;Net Weight(Kg);Rwanda;SADC
May 2022;328200;26 - Ores, slag and ash.;Total Imports;Quantity;Rwanda;SADC
May 2022;328200;2609 - Tin ores and concentrates.;Total Imports;Quantity;Rwanda;SADC
Apr 2024;330046;71081300 - Gold (including gold plated with platinum) unwrought or in semi-manufactured forms, or in powder form.- Non-monetary:-- Other semi-manufactured forms;Total Exports;Net Weight(Kg);Kenya;SADC
Apr 2024;330046;71081300 - Gold (including gold plated with platinum) unwrought or in semi-manufactured forms, or in powder form.- Non-monetary:-- Other semi-manufactured forms;Total Exports;Quantity;Kenya;SADC
Apr 2022;331000;26 - Ores, slag and ash.;Total Imports;Net Weight(Kg);Rwanda;SADC
Apr 2022;331000;2609 - Tin ores and concentrates.;Total Imports;Net Weight(Kg);Rwanda;SADC
Apr 2022;331000;26 - Ores, slag and ash.;Total Imports;Quantity;Rwanda;SADC
Apr 2022;331000;2609 - Tin ores and concentrates.;Total Imports;Quantity;Rwanda;SADC
Aug 2022;331822;71081200 - Gold (including gold plated with platinum) unwrought or in semi-manufactured forms, or in powder form.- Non-monetary:-- Other unwrought forms;Total Imports;Net Weight(Kg);Uganda;SADC
Aug 2022;332422;7108 - Gold (including gold plated with platinum) unwrought or in semi-manufactured forms, or in powder form.;Total Imports;Net Weight(Kg);Uganda;SADC
Feb 2025;339446;7108 - Gold (including gold plated with platinum) unwrought or in semi-manufactured forms, or in powder form.;Total Exports;Net Weight(Kg);Kenya;SADC
Feb 2025;339446;71081300 - Gold (including gold plated with platinum) unwrought or in semi-manufactured forms, or in powder form.- Non-monetary:-- Other semi-manufactured forms;Total Exports;Net Weight(Kg);Kenya;SADC
Feb 2025;339450;7108 - Gold (including gold plated with platinum) unwrought or in semi-manufactured forms, or in powder form.;Total Exports;Quantity;Kenya;SADC
Feb 2025;339450;71081300 - Gold (including gold plated with platinum) unwrought or in semi-manufactured forms, or in powder form.- Non-monetary:-- Other semi-manufactured forms;Total Exports;Quantity;Kenya;SADC
Feb 2024;339997;26 - Ores, slag and ash.;Total Exports;FOB Value (US$);DR Congo;SADC
Feb 2024;339997;2603 - Copper ores and concentrates.;Total Exports;FOB Value (US$);DR Congo;SADC
Apr 2024;340000;7106 - Silver (including silver plated with gold or platinum), unwrought or in semi-manufactured forms, or in powder form.;Total Exports;Quantity;Uganda;European Union All Countries
Apr 2024;340000;71069100 - Silver (including silver plated with gold or platinum), unwrought or in semi-manufactured forms, or in powder form.- Other:-- Unwrought;Total Exports;Quantity;Uganda;European Union All Countries
Jan 2022;340453;7108 - Gold (including gold plated with platinum) unwrought or in semi-manufactured forms, or in powder form.;Total Exports;Net Weight(Kg);Kenya;SADC
Jan 2022;340453;71081300 - Gold (including gold plated with platinum) unwrought or in semi-manufactured forms, or in powder form.- Non-monetary:-- Other semi-manufactured forms;Total Exports;Net Weight(Kg);Kenya;SADC
Jan 2022;340453;7108 - Gold (including gold plated with platinum) unwrought or in semi-manufactured forms, or in powder form.;Total Exports;Quantity;Kenya;SADC
Jan 2022;340453;71081300 - Gold (including gold plated with platinum) unwrought or in semi-manufactured forms, or in powder form.- Non-monetary:-- Other semi-manufactured forms;Total Exports;Quantity;Kenya;SADC
Apr 2025;340527;7108 - Gold (including gold plated with platinum) unwrought or in semi-manufactured forms, or in powder form.;Total Imports;Net Weight(Kg);Uganda;SADC
Apr 2025;340527;71081200 - Gold (including gold plated with platinum) unwrought or in semi-manufactured forms, or in powder form.- Non-monetary:-- Other unwrought forms;Total Imports;Net Weight(Kg);Uganda;SADC
Mar 2025;341256;7108 - Gold (including gold plated with platinum) unwrought or in semi-manufactured forms, or in powder form.;Total Exports;Net Weight(Kg);Kenya;SADC
Mar 2025;341256;71081300 - Gold (including gold plated with platinum) unwrought or in semi-manufactured forms, or in powder form.- Non-monetary:-- Other semi-manufactured forms;Total Exports;Net Weight(Kg);Kenya;SADC
Mar 2025;341260;7108 - Gold (including gold plated with platinum) unwrought or in semi-manufactured forms, or in powder form.;Total Exports;Quantity;Kenya;SADC
Mar 2025;341260;71081300 - Gold (including gold plated with platinum) unwrought or in semi-manufactured forms, or in powder form.- Non-monetary:-- Other semi-manufactured forms;Total Exports;Quantity;Kenya;SADC
Mar 2025;343197;7108 - Gold (including gold plated with platinum) unwrought or in semi-manufactured forms, or in powder form.;Total Imports;Net Weight(Kg);Uganda;SADC
Mar 2025;343197;71081200 - Gold (including gold plated with platinum) unwrought or in semi-manufactured forms, or in powder form.- Non-monetary:-- Other unwrought forms;Total Imports;Net Weight(Kg);Uganda;SADC
Jun 2022;345252;7108 - Gold (including gold plated with platinum) unwrought or in semi-manufactured forms, or in powder form.;Total Exports;Net Weight(Kg);Kenya;SADC
Jun 2022;345252;71081300 - Gold (including gold plated with platinum) unwrought or in semi-manufactured forms, or in powder form.- Non-monetary:-- Other semi-manufactured forms;Total Exports;Net Weight(Kg);Kenya;SADC
Jun 2022;345252;7108 - Gold (including gold plated with platinum) unwrought or in semi-manufactured forms, or in powder form.;Total Exports;Quantity;Kenya;SADC
Jun 2022;345252;71081300 - Gold (including gold plated with platinum) unwrought or in semi-manufactured forms, or in powder form.- Non-monetary:-- Other semi-manufactured forms;Total Exports;Quantity;Kenya;SADC
Jul 2021;346000;26 - Ores, slag and ash.;Total Exports;Net Weight(Kg);DR Congo;ASEAN
Feb 2023;349578;7108 - Gold (including gold plated with platinum) unwrought or in semi-manufactured forms, or in powder form.;Total Exports;Net Weight(Kg);Kenya;SADC
Feb 2023;349578;71081300 - Gold (including gold plated with platinum) unwrought or in semi-manufactured forms, or in powder form.- Non-monetary:-- Other semi-manufactured forms;Total Exports;Net Weight(Kg);Kenya;SADC
Feb 2023;349578;7108 - Gold (including gold plated with platinum) unwrought or in semi-manufactured forms, or in powder form.;Total Exports;Quantity;Kenya;SADC
Feb 2023;349578;71081300 - Gold (including gold plated with platinum) unwrought or in semi-manufactured forms, or in powder form.- Non-monetary:-- Other semi-manufactured forms;Total Exports;Quantity;Kenya;SADC
Mar 2023;349800;7108 - Gold (including gold plated with platinum) unwrought or in semi-manufactured forms, or in powder form.;Total Exports;Quantity;Kenya;SADC
Mar 2023;349800;71081300 - Gold (including gold plated with platinum) unwrought or in semi-manufactured forms, or in powder form.- Non-monetary:-- Other semi-manufactured forms;Total Exports;Quantity;Kenya;SADC
Mar 2024;350000;7108 - Gold (including gold plated with platinum) unwrought or in semi-manufactured forms, or in powder form.;Total Exports;Quantity;Kenya;SADC
Mar 2024;350000;71081300 - Gold (including gold plated with platinum) unwrought or in semi-manufactured forms, or in powder form.- Non-monetary:-- Other semi-manufactured forms;Total Exports;Quantity;Kenya;SADC
Jan 2023;352267;7108 - Gold (including gold plated with platinum) unwrought or in semi-manufactured forms, or in powder form.;Total Exports;Net Weight(Kg);Kenya;SADC
Jan 2023;352267;71081300 - Gold (including gold plated with platinum) unwrought or in semi-manufactured forms, or in powder form.- Non-monetary:-- Other semi-manufactured forms;Total Exports;Net Weight(Kg);Kenya;SADC
Jan 2023;352267;7108 - Gold (including gold plated with platinum) unwrought or in semi-manufactured forms, or in powder form.;Total Exports;Quantity;Kenya;SADC
Jan 2023;352267;71081300 - Gold (including gold plated with platinum) unwrought or in semi-manufactured forms, or in powder form.- Non-monetary:-- Other semi-manufactured forms;Total Exports;Quantity;Kenya;SADC
Mar 2024;353019;7108 - Gold (including gold plated with platinum) unwrought or in semi-manufactured forms, or in powder form.;Total Exports;Net Weight(Kg);Kenya;SADC
Mar 2024;353019;71081300 - Gold (including gold plated with platinum) unwrought or in semi-manufactured forms, or in powder form.- Non-monetary:-- Other semi-manufactured forms;Total Exports;Net Weight(Kg);Kenya;SADC
Nov 2020;353250;26 - Ores, slag and ash.;Total Exports;Quantity;Rwanda;European Union All Countries
Nov 2020;353255;26 - Ores, slag and ash.;Total Exports;Net Weight(Kg);Rwanda;European Union All Countries
Dec 2021;358000;26 - Ores, slag and ash.;Total Exports;Net Weight(Kg);DR Congo;ASEAN
Aug 2025;361542;7108 - Gold (including gold plated with platinum) unwrought or in semi-manufactured forms, or in powder form.;Total Imports;Net Weight(Kg);Uganda;SADC
Aug 2025;361542;71081200 - Gold (including gold plated with platinum) unwrought or in semi-manufactured forms, or in powder form.- Non-monetary:-- Other unwrought forms;Total Imports;Net Weight(Kg);Uganda;SADC
Nov 2023;364533;71081200 - Gold (including gold plated with platinum) unwrought or in semi-manufactured forms, or in powder form.- Non-monetary:-- Other unwrought forms;Total Imports;Net Weight(Kg);Uganda;SADC
Aug 2022;366613;7108 - Gold (including gold plated with platinum) unwrought or in semi-manufactured forms, or in powder form.;Total Exports;Net Weight(Kg);Kenya;SADC
Aug 2022;366613;71081300 - Gold (including gold plated with platinum) unwrought or in semi-manufactured forms, or in powder form.- Non-monetary:-- Other semi-manufactured forms;Total Exports;Net Weight(Kg);Kenya;SADC
Aug 2022;366613;7108 - Gold (including gold plated with platinum) unwrought or in semi-manufactured forms, or in powder form.;Total Exports;Quantity;Kenya;SADC
Aug 2022;366613;71081300 - Gold (including gold plated with platinum) unwrought or in semi-manufactured forms, or in powder form.- Non-monetary:-- Other semi-manufactured forms;Total Exports;Quantity;Kenya;SADC
Dec 2021;369260;26 - Ores, slag and ash.;Total Imports;Net Weight(Kg);United Republic of Tanzania;SADC
Dec 2021;369260;26 - Ores, slag and ash.;Total Imports;Quantity;United Republic of Tanzania;SADC
Apr 2023;370000;26 - Ores, slag and ash.;Total Imports;Net Weight(Kg);DR Congo;SADC
Jul 2023;376379;7108 - Gold (including gold plated with platinum) unwrought or in semi-manufactured forms, or in powder form.;Total Exports;Net Weight(Kg);Kenya;SADC
Jul 2023;376379;71081300 - Gold (including gold plated with platinum) unwrought or in semi-manufactured forms, or in powder form.- Non-monetary:-- Other semi-manufactured forms;Total Exports;Net Weight(Kg);Kenya;SADC
Jul 2023;376379;7108 - Gold (including gold plated with platinum) unwrought or in semi-manufactured forms, or in powder form.;Total Exports;Quantity;Kenya;SADC
Jul 2023;376379;71081300 - Gold (including gold plated with platinum) unwrought or in semi-manufactured forms, or in powder form.- Non-monetary:-- Other semi-manufactured forms;Total Exports;Quantity;Kenya;SADC
Sep 2021;378320;2504 - Natural graphite.;Total Imports;CIF Value (US$);United Republic of Tanzania;European Union All Countries
Oct 2023;379664;7108 - Gold (including gold plated with platinum) unwrought or in semi-manufactured forms, or in powder form.;Total Exports;Net Weight(Kg);Kenya;SADC
Oct 2023;379664;71081300 - Gold (including gold plated with platinum) unwrought or in semi-manufactured forms, or in powder form.- Non-monetary:-- Other semi-manufactured forms;Total Exports;Net Weight(Kg);Kenya;SADC
Oct 2023;379664;7108 - Gold (including gold plated with platinum) unwrought or in semi-manufactured forms, or in powder form.;Total Exports;Quantity;Kenya;SADC
Oct 2023;379664;71081300 - Gold (including gold plated with platinum) unwrought or in semi-manufactured forms, or in powder form.- Non-monetary:-- Other semi-manufactured forms;Total Exports;Quantity;Kenya;SADC
Apr 2024;380046;7108 - Gold (including gold plated with platinum) unwrought or in semi-manufactured forms, or in powder form.;Total Exports;Net Weight(Kg);Kenya;SADC
Apr 2024;380046;7108 - Gold (including gold plated with platinum) unwrought or in semi-manufactured forms, or in powder form.;Total Exports;Quantity;Kenya;SADC
Oct 2020;380245;26 - Ores, slag and ash.;Total Imports;Net Weight(Kg);Kenya;SADC
Oct 2020;380245;2614 - Titanium ores and concentrates.;Total Imports;Net Weight(Kg);Kenya;SADC
Oct 2020;380245;26 - Ores, slag and ash.;Total Imports;Quantity;Kenya;SADC
Oct 2020;380245;2614 - Titanium ores and concentrates.;Total Imports;Quantity;Kenya;SADC
Apr 2022;380640;7108 - Gold (including gold plated with platinum) unwrought or in semi-manufactured forms, or in powder form.;Total Exports;Net Weight(Kg);DR Congo;ASEAN
Mar 2023;383120;2609 - Tin ores and concentrates.;Total Exports;Net Weight(Kg);Rwanda;ASEAN
Dec 2020;384000;2603 - Copper ores and concentrates.;Total Exports;Net Weight(Kg);DR Congo;European Union All Countries
Sep 2021;384000;2603 - Copper ores and concentrates.;Total Exports;Net Weight(Kg);DR Congo;European Union All Countries
Jan 2021;384000;2609 - Tin ores and concentrates.;Total Exports;Net Weight(Kg);DR Congo;European Union All Countries
Nov 2021;384880;26 - Ores, slag and ash.;Total Exports;Net Weight(Kg);DR Congo;SADC
Mar 2020;385540;26 - Ores, slag and ash.;Total Exports;Quantity;Rwanda;European Union All Countries
Mar 2023;386620;2609 - Tin ores and concentrates.;Total Exports;Quantity;Rwanda;ASEAN
Sep 2025;388330;26 - Ores, slag and ash.;Total Exports;Net Weight(Kg);DR Congo;European Union All Countries
Sep 2025;388330;2603 - Copper ores and concentrates.;Total Exports;Net Weight(Kg);DR Congo;European Union All Countries
Nov 2024;391880;26 - Ores, slag and ash.;Total Imports;CIF Value (US$);United Republic of Tanzania;SADC
Nov 2024;391880;2601 - Iron ores and concentrates, including roasted iron pyrites.;Total Imports;CIF Value (US$);United Republic of Tanzania;SADC
Mar 2025;391880;2601 - Iron ores and concentrates, including roasted iron pyrites.;Total Imports;CIF Value (US$);United Republic of Tanzania;SADC
Nov 2024;391880;26012000 - Iron ores and concentrates, including roasted iron pyrites. - Roasted iron pyrites;Total Imports;CIF Value (US$);United Republic of Tanzania;SADC
Aug 2021;393210;26 - Ores, slag and ash.;Total Imports;CIF Value (US$);United Republic of Tanzania;SADC
Apr 2021;394300;26 - Ores, slag and ash.;Total Exports;Net Weight(Kg);Rwanda;European Union All Countries
Apr 2021;394300;26 - Ores, slag and ash.;Total Exports;Quantity;Rwanda;European Union All Countries
Aug 2020;394325;2609 - Tin ores and concentrates.;Total Exports;Net Weight(Kg);Rwanda;ASEAN
Aug 2020;394330;2609 - Tin ores and concentrates.;Total Exports;Quantity;Rwanda;ASEAN
Mar 2020;395540;26 - Ores, slag and ash.;Total Exports;Net Weight(Kg);Rwanda;European Union All Countries
May 2024;396735;26 - Ores, slag and ash.;Total Exports;FOB Value (US$);DR Congo;European Union All Countries
May 2024;396735;2603 - Copper ores and concentrates.;Total Exports;FOB Value (US$);DR Congo;European Union All Countries
Aug 2025;398266;7108 - Gold (including gold plated with platinum) unwrought or in semi-manufactured forms, or in powder form.;Total Exports;Net Weight(Kg);United Republic of Tanzania;European Union All Countries
Aug 2025;398266;71081200 - Gold (including gold plated with platinum) unwrought or in semi-manufactured forms, or in powder form.- Non-monetary:-- Other unwrought forms;Total Exports;Net Weight(Kg);United Republic of Tanzania;European Union All Countries
Aug 2025;398266;7108 - Gold (including gold plated with platinum) unwrought or in semi-manufactured forms, or in powder form.;Total Exports;Quantity;United Republic of Tanzania;European Union All Countries
Aug 2025;398266;71081200 - Gold (including gold plated with platinum) unwrought or in semi-manufactured forms, or in powder form.- Non-monetary:-- Other unwrought forms;Total Exports;Quantity;United Republic of Tanzania;European Union All Countries
Jul 2023;398890;26 - Ores, slag and ash.;Total Exports;Net Weight(Kg);Rwanda;European Union All Countries
Jul 2023;398890;26 - Ores, slag and ash.;Total Exports;Quantity;Rwanda;European Union All Countries
Oct 2021;400000;26 - Ores, slag and ash.;Total Exports;Net Weight(Kg);DR Congo;ASEAN
Oct 2024;400000;26 - Ores, slag and ash.;Total Imports;Net Weight(Kg);DR Congo;SADC
Mar 2025;400055;2603 - Copper ores and concentrates.;Total Exports;FOB Value (US$);DR Congo;European Union All Countries
Oct 2024;400135;26 - Ores, slag and ash.;Total Exports;FOB Value (US$);DR Congo;European Union All Countries
Oct 2024;400135;2603 - Copper ores and concentrates.;Total Exports;FOB Value (US$);DR Congo;European Union All Countries
Dec 2024;400395;7108 - Gold (including gold plated with platinum) unwrought or in semi-manufactured forms, or in powder form.;Total Exports;Net Weight(Kg);United Republic of Tanzania;ASEAN
Dec 2024;400395;71081200 - Gold (including gold plated with platinum) unwrought or in semi-manufactured forms, or in powder form.- Non-monetary:-- Other unwrought forms;Total Exports;Net Weight(Kg);United Republic of Tanzania;ASEAN
Dec 2024;400395;7108 - Gold (including gold plated with platinum) unwrought or in semi-manufactured forms, or in powder form.;Total Exports;Quantity;United Republic of Tanzania;ASEAN
Dec 2024;400395;71081200 - Gold (including gold plated with platinum) unwrought or in semi-manufactured forms, or in powder form.- Non-monetary:-- Other unwrought forms;Total Exports;Quantity;United Republic of Tanzania;ASEAN
Sep 2025;405190;71081200 - Gold (including gold plated with platinum) unwrought or in semi-manufactured forms, or in powder form.- Non-monetary:-- Other unwrought forms;Total Imports;Net Weight(Kg);DR Congo;European Union All Countries
Jan 2023;405640;26 - Ores, slag and ash.;Total Exports;Net Weight(Kg);Rwanda;ASEAN
Jan 2023;405640;2609 - Tin ores and concentrates.;Total Exports;Net Weight(Kg);Rwanda;ASEAN
Nov 2023;405996;7108 - Gold (including gold plated with platinum) unwrought or in semi-manufactured forms, or in powder form.;Total Imports;Net Weight(Kg);Uganda;SADC
Dec 2024;406672;7108 - Gold (including gold plated with platinum) unwrought or in semi-manufactured forms, or in powder form.;Total Exports;FOB Value (US$);United Republic of Tanzania;European Union All Countries
Dec 2024;406672;71081200 - Gold (including gold plated with platinum) unwrought or in semi-manufactured forms, or in powder form.- Non-monetary:-- Other unwrought forms;Total Exports;FOB Value (US$);United Republic of Tanzania;European Union All Countries
Jan 2023;409360;26 - Ores, slag and ash.;Total Exports;Quantity;Rwanda;ASEAN
Jan 2023;409360;2609 - Tin ores and concentrates.;Total Exports;Quantity;Rwanda;ASEAN
Oct 2022;409540;26 - Ores, slag and ash.;Total Imports;Net Weight(Kg);United Republic of Tanzania;SADC
Oct 2022;409540;26 - Ores, slag and ash.;Total Imports;Quantity;United Republic of Tanzania;SADC
Jun 2020;410000;26 - Ores, slag and ash.;Total Imports;Net Weight(Kg);Kenya;SADC
Jun 2020;410000;26 - Ores, slag and ash.;Total Imports;Quantity;Kenya;SADC
Sep 2025;411170;7108 - Gold (including gold plated with platinum) unwrought or in semi-manufactured forms, or in powder form.;Total Imports;Net Weight(Kg);DR Congo;European Union All Countries
Mar 2024;412639;7108 - Gold (including gold plated with platinum) unwrought or in semi-manufactured forms, or in powder form.;Total Imports;Net Weight(Kg);Uganda;SADC
Mar 2024;412639;71081200 - Gold (including gold plated with platinum) unwrought or in semi-manufactured forms, or in powder form.- Non-monetary:-- Other unwrought forms;Total Imports;Net Weight(Kg);Uganda;SADC
Jul 2024;414270;7108 - Gold (including gold plated with platinum) unwrought or in semi-manufactured forms, or in powder form.;Total Imports;Net Weight(Kg);Uganda;SADC
Jul 2024;414270;71081200 - Gold (including gold plated with platinum) unwrought or in semi-manufactured forms, or in powder form.- Non-monetary:-- Other unwrought forms;Total Imports;Net Weight(Kg);Uganda;SADC
Jul 2025;414720;26011200 - Iron ores and concentrates, including roasted iron pyrites. - Iron ores and concentrates, other than roasted iron pyrites: -- Agglomerated;Total Imports;CIF Value (US$);United Republic of Tanzania;SADC
Apr 2023;414867;7108 - Gold (including gold plated with platinum) unwrought or in semi-manufactured forms, or in powder form.;Total Exports;FOB Value (US$);United Republic of Tanzania;ASEAN
Apr 2023;414867;71081200 - Gold (including gold plated with platinum) unwrought or in semi-manufactured forms, or in powder form.- Non-monetary:-- Other unwrought forms;Total Exports;FOB Value (US$);United Republic of Tanzania;ASEAN
May 2022;415800;26 - Ores, slag and ash.;Total Imports;Quantity;DR Congo;SADC
May 2022;415800;2609 - Tin ores and concentrates.;Total Imports;Quantity;DR Congo;SADC
Aug 2021;417430;2609 - Tin ores and concentrates.;Total Exports;Net Weight(Kg);Rwanda;ASEAN
Aug 2021;417430;2609 - Tin ores and concentrates.;Total Exports;Quantity;Rwanda;ASEAN
Apr 2021;420020;2609 - Tin ores and concentrates.;Total Exports;Net Weight(Kg);Rwanda;ASEAN
Apr 2021;420020;2609 - Tin ores and concentrates.;Total Exports;Quantity;Rwanda;ASEAN
Dec 2020;422400;2603 - Copper ores and concentrates.;Total Exports;FOB Value (US$);DR Congo;European Union All Countries
Sep 2023;428580;26 - Ores, slag and ash.;Total Exports;Quantity;Rwanda;European Union All Countries
Sep 2023;428590;26 - Ores, slag and ash.;Total Exports;Net Weight(Kg);Rwanda;European Union All Countries
May 2021;430240;2609 - Tin ores and concentrates.;Total Exports;Net Weight(Kg);Rwanda;ASEAN
May 2021;430240;2609 - Tin ores and concentrates.;Total Exports;Quantity;Rwanda;ASEAN
Sep 2020;434800;26 - Ores, slag and ash.;Total Exports;Net Weight(Kg);Rwanda;European Union All Countries
Sep 2020;434800;26 - Ores, slag and ash.;Total Exports;Quantity;Rwanda;European Union All Countries
Feb 2023;435050;2609 - Tin ores and concentrates.;Total Exports;Net Weight(Kg);Rwanda;ASEAN
Oct 2021;435750;2609 - Tin ores and concentrates.;Total Exports;Quantity;Rwanda;ASEAN
Oct 2021;435755;2609 - Tin ores and concentrates.;Total Exports;Net Weight(Kg);Rwanda;ASEAN
Nov 2020;440000;26 - Ores, slag and ash.;Total Imports;Net Weight(Kg);United Republic of Tanzania;SADC
Nov 2020;440000;26 - Ores, slag and ash.;Total Imports;Quantity;United Republic of Tanzania;SADC
Feb 2023;440510;2609 - Tin ores and concentrates.;Total Exports;Quantity;Rwanda;ASEAN
Oct 2020;442000;26 - Ores, slag and ash.;Total Exports;Net Weight(Kg);DR Congo;ASEAN
Nov 2021;449899;7108 - Gold (including gold plated with platinum) unwrought or in semi-manufactured forms, or in powder form.;Total Exports;Net Weight(Kg);Kenya;SADC
Nov 2021;449899;71081300 - Gold (including gold plated with platinum) unwrought or in semi-manufactured forms, or in powder form.- Non-monetary:-- Other semi-manufactured forms;Total Exports;Net Weight(Kg);Kenya;SADC
Nov 2021;449899;7108 - Gold (including gold plated with platinum) unwrought or in semi-manufactured forms, or in powder form.;Total Exports;Quantity;Kenya;SADC
Nov 2021;449899;71081300 - Gold (including gold plated with platinum) unwrought or in semi-manufactured forms, or in powder form.- Non-monetary:-- Other semi-manufactured forms;Total Exports;Quantity;Kenya;SADC
Aug 2023;450000;26 - Ores, slag and ash.;Total Imports;Net Weight(Kg);DR Congo;SADC
Dec 2021;453320;26 - Ores, slag and ash.;Total Imports;CIF Value (US$);United Republic of Tanzania;SADC
Mar 2023;455390;7108 - Gold (including gold plated with platinum) unwrought or in semi-manufactured forms, or in powder form.;Total Exports;Net Weight(Kg);DR Congo;SADC
Mar 2023;455390;71081200 - Gold (including gold plated with platinum) unwrought or in semi-manufactured forms, or in powder form.- Non-monetary:-- Other unwrought forms;Total Exports;Net Weight(Kg);DR Congo;SADC
May 2022;458732;7108 - Gold (including gold plated with platinum) unwrought or in semi-manufactured forms, or in powder form.;Total Exports;Net Weight(Kg);Kenya;SADC
May 2022;458732;71081300 - Gold (including gold plated with platinum) unwrought or in semi-manufactured forms, or in powder form.- Non-monetary:-- Other semi-manufactured forms;Total Exports;Net Weight(Kg);Kenya;SADC
May 2022;458732;7108 - Gold (including gold plated with platinum) unwrought or in semi-manufactured forms, or in powder form.;Total Exports;Quantity;Kenya;SADC
May 2022;458732;71081300 - Gold (including gold plated with platinum) unwrought or in semi-manufactured forms, or in powder form.- Non-monetary:-- Other semi-manufactured forms;Total Exports;Quantity;Kenya;SADC
Mar 2020;459090;2609 - Tin ores and concentrates.;Total Exports;Quantity;Rwanda;ASEAN
Mar 2020;459095;2609 - Tin ores and concentrates.;Total Exports;Net Weight(Kg);Rwanda;ASEAN
Apr 2025;460000;2614 - Titanium ores and concentrates.;Total Exports;Net Weight(Kg);United Republic of Tanzania;ASEAN
Apr 2025;460000;2614 - Titanium ores and concentrates.;Total Exports;Quantity;United Republic of Tanzania;ASEAN
Sep 2025;460010;7108 - Gold (including gold plated with platinum) unwrought or in semi-manufactured forms, or in powder form.;Total Imports;Quantity;Rwanda;SADC
Sep 2025;460010;71081200 - Gold (including gold plated with platinum) unwrought or in semi-manufactured forms, or in powder form.- Non-monetary:-- Other unwrought forms;Total Imports;Quantity;Rwanda;SADC
Oct 2021;460770;7108 - Gold (including gold plated with platinum) unwrought or in semi-manufactured forms, or in powder form.;Total Exports;Quantity;Kenya;SADC
Oct 2021;460770;71081300 - Gold (including gold plated with platinum) unwrought or in semi-manufactured forms, or in powder form.- Non-monetary:-- Other semi-manufactured forms;Total Exports;Quantity;Kenya;SADC
May 2021;466110;2609 - Tin ores and concentrates.;Total Exports;Net Weight(Kg);Rwanda;European Union All Countries
May 2021;466110;2609 - Tin ores and concentrates.;Total Exports;Quantity;Rwanda;European Union All Countries
Jan 2022;466900;2609 - Tin ores and concentrates.;Total Exports;Net Weight(Kg);Rwanda;European Union All Countries
Jan 2022;466900;2609 - Tin ores and concentrates.;Total Exports;Quantity;Rwanda;European Union All Countries
Jul 2020;468951;7108 - Gold (including gold plated with platinum) unwrought or in semi-manufactured forms, or in powder form.;Total Imports;Net Weight(Kg);Rwanda;SADC
Jul 2020;468951;71081200 - Gold (including gold plated with platinum) unwrought or in semi-manufactured forms, or in powder form.- Non-monetary:-- Other unwrought forms;Total Imports;Net Weight(Kg);Rwanda;SADC
Jun 2022;468970;2609 - Tin ores and concentrates.;Total Exports;Net Weight(Kg);Rwanda;European Union All Countries
Jun 2022;468970;2609 - Tin ores and concentrates.;Total Exports;Quantity;Rwanda;European Union All Countries
Jun 2021;476360;2609 - Tin ores and concentrates.;Total Exports;Net Weight(Kg);Rwanda;European Union All Countries
Jun 2021;476360;2609 - Tin ores and concentrates.;Total Exports;Quantity;Rwanda;European Union All Countries
Feb 2025;479910;2601 - Iron ores and concentrates, including roasted iron pyrites.;Total Imports;CIF Value (US$);United Republic of Tanzania;SADC
Feb 2021;480000;26 - Ores, slag and ash.;Total Imports;Net Weight(Kg);United Republic of Tanzania;SADC
May 2023;480000;26 - Ores, slag and ash.;Total Imports;Net Weight(Kg);Kenya;European Union All Countries
May 2023;480000;2614 - Titanium ores and concentrates.;Total Imports;Net Weight(Kg);Kenya;European Union All Countries
Feb 2021;480000;26 - Ores, slag and ash.;Total Imports;Quantity;United Republic of Tanzania;SADC
May 2023;480000;26 - Ores, slag and ash.;Total Imports;Quantity;Kenya;European Union All Countries
May 2023;480000;2614 - Titanium ores and concentrates.;Total Imports;Quantity;Kenya;European Union All Countries
Mar 2020;480013;26 - Ores, slag and ash.;Total Imports;Net Weight(Kg);Kenya;SADC
Mar 2020;480013;26 - Ores, slag and ash.;Total Imports;Quantity;Kenya;SADC
Nov 2024;483340;2609 - Tin ores and concentrates.;Total Exports;Net Weight(Kg);Rwanda;European Union All Countries
Nov 2024;483340;2609 - Tin ores and concentrates.;Total Exports;Quantity;Rwanda;European Union All Countries
Feb 2022;485760;2609 - Tin ores and concentrates.;Total Exports;Net Weight(Kg);Rwanda;European Union All Countries
Feb 2022;485760;2609 - Tin ores and concentrates.;Total Exports;Quantity;Rwanda;European Union All Countries
Jul 2021;487680;2609 - Tin ores and concentrates.;Total Exports;Net Weight(Kg);Rwanda;ASEAN
Jul 2021;487680;2609 - Tin ores and concentrates.;Total Exports;Quantity;Rwanda;ASEAN
Sep 2020;488700;26 - Ores, slag and ash.;Total Exports;Net Weight(Kg);Rwanda;ASEAN
Sep 2020;488700;2609 - Tin ores and concentrates.;Total Exports;Net Weight(Kg);Rwanda;ASEAN
Sep 2020;488700;26 - Ores, slag and ash.;Total Exports;Quantity;Rwanda;ASEAN
Sep 2020;488700;2609 - Tin ores and concentrates.;Total Exports;Quantity;Rwanda;ASEAN
Mar 2021;488900;26 - Ores, slag and ash.;Total Exports;Net Weight(Kg);Rwanda;European Union All Countries
Mar 2021;488900;26 - Ores, slag and ash.;Total Exports;Quantity;Rwanda;European Union All Countries
Jul 2023;489730;26 - Ores, slag and ash.;Total Exports;Quantity;Rwanda;ASEAN
Jul 2023;489730;2609 - Tin ores and concentrates.;Total Exports;Quantity;Rwanda;ASEAN
Jul 2023;489735;26 - Ores, slag and ash.;Total Exports;Net Weight(Kg);Rwanda;ASEAN
Jul 2023;489735;2609 - Tin ores and concentrates.;Total Exports;Net Weight(Kg);Rwanda;ASEAN
May 2024;492810;26 - Ores, slag and ash.;Total Exports;Quantity;Rwanda;ASEAN
May 2024;492810;2609 - Tin ores and concentrates.;Total Exports;Quantity;Rwanda;ASEAN
May 2024;492815;26 - Ores, slag and ash.;Total Exports;Net Weight(Kg);Rwanda;ASEAN
May 2024;492815;2609 - Tin ores and concentrates.;Total Exports;Net Weight(Kg);Rwanda;ASEAN
Nov 2023;494880;26 - Ores, slag and ash.;Total Exports;Quantity;Rwanda;ASEAN
Nov 2023;494880;2609 - Tin ores and concentrates.;Total Exports;Quantity;Rwanda;ASEAN
Nov 2023;494885;26 - Ores, slag and ash.;Total Exports;Net Weight(Kg);Rwanda;ASEAN
Nov 2023;494885;2609 - Tin ores and concentrates.;Total Exports;Net Weight(Kg);Rwanda;ASEAN
Aug 2020;495010;26 - Ores, slag and ash.;Total Imports;Net Weight(Kg);Kenya;SADC
Aug 2020;495010;26 - Ores, slag and ash.;Total Imports;Quantity;Kenya;SADC
Sep 2021;495920;26 - Ores, slag and ash.;Total Exports;Net Weight(Kg);Rwanda;European Union All Countries
Sep 2021;495920;26 - Ores, slag and ash.;Total Exports;Quantity;Rwanda;European Union All Countries
Mar 2022;496980;2609 - Tin ores and concentrates.;Total Exports;Net Weight(Kg);Rwanda;European Union All Countries
Mar 2022;496980;2609 - Tin ores and concentrates.;Total Exports;Quantity;Rwanda;European Union All Countries
May 2021;499320;71081200 - Gold (including gold plated with platinum) unwrought or in semi-manufactured forms, or in powder form.- Non-monetary:-- Other unwrought forms;Total Imports;Quantity;Uganda;SADC
Dec 2022;499420;2609 - Tin ores and concentrates.;Total Exports;Net Weight(Kg);Rwanda;European Union All Countries
Dec 2022;499420;2609 - Tin ores and concentrates.;Total Exports;Quantity;Rwanda;European Union All Countries
Feb 2024;500000;26 - Ores, slag and ash.;Total Exports;Net Weight(Kg);United Republic of Tanzania;European Union All Countries
Mar 2025;500000;26 - Ores, slag and ash.;Total Exports;Net Weight(Kg);United Republic of Tanzania;European Union All Countries
Jun 2023;500000;26 - Ores, slag and ash.;Total Exports;Net Weight(Kg);Kenya;European Union All Countries
Oct 2023;500000;26 - Ores, slag and ash.;Total Exports;Net Weight(Kg);Kenya;European Union All Countries
Aug 2025;500000;26 - Ores, slag and ash.;Total Exports;Net Weight(Kg);Kenya;European Union All Countries
Aug 2024;500000;26 - Ores, slag and ash.;Total Exports;Net Weight(Kg);Kenya;SADC
Sep 2025;500000;26 - Ores, slag and ash.;Total Exports;Net Weight(Kg);Rwanda;SADC
Jul 2021;500000;26 - Ores, slag and ash.;Total Imports;Net Weight(Kg);United Republic of Tanzania;SADC
Feb 2022;500000;26 - Ores, slag and ash.;Total Imports;Net Weight(Kg);Rwanda;SADC
May 2021;500000;2607 - Lead ores and concentrates.;Total Exports;Net Weight(Kg);United Republic of Tanzania;European Union All Countries
Feb 2022;500000;2609 - Tin ores and concentrates.;Total Imports;Net Weight(Kg);Rwanda;SADC
Jul 2023;500000;2609 - Tin ores and concentrates.;Total Imports;Net Weight(Kg);Rwanda;SADC
Apr 2025;500000;2614 - Titanium ores and concentrates.;Total Imports;Net Weight(Kg);Kenya;SADC
Feb 2024;500000;26 - Ores, slag and ash.;Total Exports;Quantity;United Republic of Tanzania;European Union All Countries
Mar 2025;500000;26 - Ores, slag and ash.;Total Exports;Quantity;United Republic of Tanzania;European Union All Countries
Jun 2023;500000;26 - Ores, slag and ash.;Total Exports;Quantity;Kenya;European Union All Countries
Oct 2023;500000;26 - Ores, slag and ash.;Total Exports;Quantity;Kenya;European Union All Countries
Aug 2025;500000;26 - Ores, slag and ash.;Total Exports;Quantity;Kenya;European Union All Countries
Aug 2024;500000;26 - Ores, slag and ash.;Total Exports;Quantity;Kenya;SADC
Sep 2025;500000;26 - Ores, slag and ash.;Total Exports;Quantity;Rwanda;SADC
Jul 2021;500000;26 - Ores, slag and ash.;Total Imports;Quantity;United Republic of Tanzania;SADC
Feb 2022;500000;26 - Ores, slag and ash.;Total Imports;Quantity;Rwanda;SADC
Feb 2022;500000;2609 - Tin ores and concentrates.;Total Imports;Quantity;Rwanda;SADC
Jul 2023;500000;2609 - Tin ores and concentrates.;Total Imports;Quantity;Rwanda;SADC
Apr 2025;500000;2614 - Titanium ores and concentrates.;Total Imports;Quantity;Kenya;SADC
Nov 2024;500000;7108 - Gold (including gold plated with platinum) unwrought or in semi-manufactured forms, or in powder form.;Total Exports;Quantity;Uganda;SADC
Dec 2024;500000;7108 - Gold (including gold plated with platinum) unwrought or in semi-manufactured forms, or in powder form.;Total Exports;Quantity;Uganda;SADC
Nov 2024;500000;71081300 - Gold (including gold plated with platinum) unwrought or in semi-manufactured forms, or in powder form.- Non-monetary:-- Other semi-manufactured forms;Total Exports;Quantity;Uganda;SADC
Dec 2024;500000;71081300 - Gold (including gold plated with platinum) unwrought or in semi-manufactured forms, or in powder form.- Non-monetary:-- Other semi-manufactured forms;Total Exports;Quantity;Uganda;SADC
Jun 2022;500010;26 - Ores, slag and ash.;Total Exports;Net Weight(Kg);Kenya;SADC
Jun 2022;500010;26 - Ores, slag and ash.;Total Exports;Quantity;Kenya;SADC
Feb 2024;500700;26 - Ores, slag and ash.;Total Exports;Net Weight(Kg);Rwanda;ASEAN
Feb 2024;500700;2609 - Tin ores and concentrates.;Total Exports;Net Weight(Kg);Rwanda;ASEAN
Feb 2024;500700;26 - Ores, slag and ash.;Total Exports;Quantity;Rwanda;ASEAN
Feb 2024;500700;2609 - Tin ores and concentrates.;Total Exports;Quantity;Rwanda;ASEAN
Jul 2025;501700;26 - Ores, slag and ash.;Total Exports;Net Weight(Kg);Rwanda;SADC
Jul 2025;501700;26 - Ores, slag and ash.;Total Exports;Quantity;Rwanda;SADC
Jul 2022;501946;2609 - Tin ores and concentrates.;Total Exports;Net Weight(Kg);Rwanda;European Union All Countries
Jul 2022;501950;2609 - Tin ores and concentrates.;Total Exports;Quantity;Rwanda;European Union All Countries
Oct 2022;502855;2609 - Tin ores and concentrates.;Total Exports;Net Weight(Kg);Rwanda;European Union All Countries
Oct 2022;502860;2609 - Tin ores and concentrates.;Total Exports;Quantity;Rwanda;European Union All Countries
Feb 2020;503170;7108 - Gold (including gold plated with platinum) unwrought or in semi-manufactured forms, or in powder form.;Total Exports;Net Weight(Kg);Kenya;SADC
Feb 2020;503170;71081300 - Gold (including gold plated with platinum) unwrought or in semi-manufactured forms, or in powder form.- Non-monetary:-- Other semi-manufactured forms;Total Exports;Net Weight(Kg);Kenya;SADC
Nov 2022;504466;7108 - Gold (including gold plated with platinum) unwrought or in semi-manufactured forms, or in powder form.;Total Exports;Quantity;Kenya;SADC
Nov 2022;504466;71081300 - Gold (including gold plated with platinum) unwrought or in semi-manufactured forms, or in powder form.- Non-monetary:-- Other semi-manufactured forms;Total Exports;Quantity;Kenya;SADC
Feb 2025;504496;7106 - Silver (including silver plated with gold or platinum), unwrought or in semi-manufactured forms, or in powder form.;Total Exports;FOB Value (US$);Uganda;European Union All Countries
Feb 2025;504496;71069100 - Silver (including silver plated with gold or platinum), unwrought or in semi-manufactured forms, or in powder form.- Other:-- Unwrought;Total Exports;FOB Value (US$);Uganda;European Union All Countries
Sep 2024;504552;7106 - Silver (including silver plated with gold or platinum), unwrought or in semi-manufactured forms, or in powder form.;Total Exports;FOB Value (US$);Uganda;European Union All Countries
Sep 2024;504552;71069100 - Silver (including silver plated with gold or platinum), unwrought or in semi-manufactured forms, or in powder form.- Other:-- Unwrought;Total Exports;FOB Value (US$);Uganda;European Union All Countries
Dec 2021;505684;7108 - Gold (including gold plated with platinum) unwrought or in semi-manufactured forms, or in powder form.;Total Exports;Net Weight(Kg);Kenya;SADC
Dec 2021;505684;71081300 - Gold (including gold plated with platinum) unwrought or in semi-manufactured forms, or in powder form.- Non-monetary:-- Other semi-manufactured forms;Total Exports;Net Weight(Kg);Kenya;SADC
Dec 2021;505684;7108 - Gold (including gold plated with platinum) unwrought or in semi-manufactured forms, or in powder form.;Total Exports;Quantity;Kenya;SADC
Dec 2021;505684;71081300 - Gold (including gold plated with platinum) unwrought or in semi-manufactured forms, or in powder form.- Non-monetary:-- Other semi-manufactured forms;Total Exports;Quantity;Kenya;SADC
Jul 2023;506000;26 - Ores, slag and ash.;Total Imports;Net Weight(Kg);Rwanda;SADC
Jul 2023;506000;26 - Ores, slag and ash.;Total Imports;Quantity;Rwanda;SADC
Jul 2025;506250;2609 - Tin ores and concentrates.;Total Exports;Net Weight(Kg);Rwanda;ASEAN
Jul 2025;506250;2609 - Tin ores and concentrates.;Total Exports;Quantity;Rwanda;ASEAN
Aug 2022;506876;2609 - Tin ores and concentrates.;Total Exports;Net Weight(Kg);Rwanda;European Union All Countries
Aug 2022;506880;2609 - Tin ores and concentrates.;Total Exports;Quantity;Rwanda;European Union All Countries
Apr 2024;510000;26 - Ores, slag and ash.;Total Imports;Net Weight(Kg);DR Congo;SADC
Nov 2021;510000;26 - Ores, slag and ash.;Total Imports;Net Weight(Kg);United Republic of Tanzania;SADC
Nov 2021;510000;26 - Ores, slag and ash.;Total Imports;Quantity;United Republic of Tanzania;SADC
Apr 2025;511110;26 - Ores, slag and ash.;Total Exports;Net Weight(Kg);Rwanda;SADC
Apr 2025;511110;26 - Ores, slag and ash.;Total Exports;Quantity;Rwanda;SADC
Jul 2025;513700;2601 - Iron ores and concentrates, including roasted iron pyrites.;Total Imports;CIF Value (US$);United Republic of Tanzania;SADC
Oct 2025;517090;26 - Ores, slag and ash.;Total Exports;Net Weight(Kg);DR Congo;ASEAN
Oct 2025;517090;2603 - Copper ores and concentrates.;Total Exports;Net Weight(Kg);DR Congo;ASEAN
Aug 2020;520000;26 - Ores, slag and ash.;Total Exports;Net Weight(Kg);Kenya;ASEAN
Sep 2023;520000;26 - Ores, slag and ash.;Total Exports;Net Weight(Kg);Kenya;ASEAN
Dec 2023;520000;26 - Ores, slag and ash.;Total Exports;Net Weight(Kg);Kenya;ASEAN
Jul 2025;520000;26 - Ores, slag and ash.;Total Exports;Net Weight(Kg);Kenya;ASEAN
Sep 2025;520000;2603 - Copper ores and concentrates.;Total Exports;Net Weight(Kg);Kenya;ASEAN
Aug 2020;520000;26 - Ores, slag and ash.;Total Exports;Quantity;Kenya;ASEAN
Sep 2023;520000;26 - Ores, slag and ash.;Total Exports;Quantity;Kenya;ASEAN
Dec 2023;520000;26 - Ores, slag and ash.;Total Exports;Quantity;Kenya;ASEAN
Jul 2025;520000;26 - Ores, slag and ash.;Total Exports;Quantity;Kenya;ASEAN
Sep 2025;520000;2603 - Copper ores and concentrates.;Total Exports;Quantity;Kenya;ASEAN
Sep 2025;523932;2603 - Copper ores and concentrates.;Total Exports;FOB Value (US$);DR Congo;European Union All Countries
Aug 2024;525000;26 - Ores, slag and ash.;Total Imports;Net Weight(Kg);Rwanda;SADC
Aug 2024;525000;2609 - Tin ores and concentrates.;Total Imports;Net Weight(Kg);Rwanda;SADC
Aug 2024;525000;26 - Ores, slag and ash.;Total Imports;Quantity;Rwanda;SADC
Aug 2024;525000;2609 - Tin ores and concentrates.;Total Imports;Quantity;Rwanda;SADC
May 2022;526590;26 - Ores, slag and ash.;Total Imports;Net Weight(Kg);DR Congo;SADC
Nov 2022;526966;7108 - Gold (including gold plated with platinum) unwrought or in semi-manufactured forms, or in powder form.;Total Exports;Net Weight(Kg);Kenya;SADC
Nov 2022;526966;71081300 - Gold (including gold plated with platinum) unwrought or in semi-manufactured forms, or in powder form.- Non-monetary:-- Other semi-manufactured forms;Total Exports;Net Weight(Kg);Kenya;SADC
Apr 2022;530000;2607 - Lead ores and concentrates.;Total Imports;Net Weight(Kg);United Republic of Tanzania;SADC
Apr 2022;530000;2607 - Lead ores and concentrates.;Total Imports;Quantity;United Republic of Tanzania;SADC
Apr 2022;530010;26 - Ores, slag and ash.;Total Imports;Net Weight(Kg);United Republic of Tanzania;SADC
Apr 2022;530010;26 - Ores, slag and ash.;Total Imports;Quantity;United Republic of Tanzania;SADC
Mar 2025;534000;26 - Ores, slag and ash.;Total Exports;Net Weight(Kg);Kenya;ASEAN
Mar 2025;534000;26 - Ores, slag and ash.;Total Exports;Quantity;Kenya;ASEAN
May 2023;538570;26 - Ores, slag and ash.;Total Exports;Net Weight(Kg);Rwanda;European Union All Countries
May 2023;538570;26 - Ores, slag and ash.;Total Exports;Quantity;Rwanda;European Union All Countries
Nov 2020;540000;26 - Ores, slag and ash.;Total Exports;Net Weight(Kg);United Republic of Tanzania;ASEAN
Mar 2022;540000;26 - Ores, slag and ash.;Total Exports;Net Weight(Kg);Kenya;SADC
Mar 2022;540000;2603 - Copper ores and concentrates.;Total Exports;Net Weight(Kg);Kenya;SADC
Nov 2020;540000;26 - Ores, slag and ash.;Total Exports;Quantity;United Republic of Tanzania;ASEAN
Mar 2022;540000;26 - Ores, slag and ash.;Total Exports;Quantity;Kenya;SADC
Mar 2022;540000;2603 - Copper ores and concentrates.;Total Exports;Quantity;Kenya;SADC
Aug 2025;545060;7108 - Gold (including gold plated with platinum) unwrought or in semi-manufactured forms, or in powder form.;Total Imports;Net Weight(Kg);DR Congo;European Union All Countries
May 2020;548500;26 - Ores, slag and ash.;Total Exports;Quantity;Rwanda;European Union All Countries
May 2020;548510;26 - Ores, slag and ash.;Total Exports;Net Weight(Kg);Rwanda;European Union All Countries
Sep 2021;550000;26 - Ores, slag and ash.;Total Exports;Net Weight(Kg);DR Congo;ASEAN
Aug 2025;552310;26011200 - Iron ores and concentrates, including roasted iron pyrites. - Iron ores and concentrates, other than roasted iron pyrites: -- Agglomerated;Total Imports;CIF Value (US$);United Republic of Tanzania;SADC
Oct 2020;558615;26 - Ores, slag and ash.;Total Imports;Net Weight(Kg);Rwanda;SADC
Oct 2020;558615;2609 - Tin ores and concentrates.;Total Imports;Net Weight(Kg);Rwanda;SADC
Jun 2025;560600;26 - Ores, slag and ash.;Total Imports;Net Weight(Kg);Uganda;SADC
Jun 2025;560600;26 - Ores, slag and ash.;Total Imports;Quantity;Uganda;SADC
May 2024;569702;2608 - Zinc ores and concentrates.;Total Imports;CIF Value (US$);DR Congo;SADC
Jan 2020;574170;2609 - Tin ores and concentrates.;Total Exports;Quantity;Rwanda;ASEAN
Jan 2020;574720;2609 - Tin ores and concentrates.;Total Exports;Net Weight(Kg);Rwanda;ASEAN
Jun 2021;575130;26 - Ores, slag and ash.;Total Exports;Net Weight(Kg);Rwanda;European Union All Countries
Jun 2021;575130;26 - Ores, slag and ash.;Total Exports;Quantity;Rwanda;European Union All Countries
Apr 2020;576000;2609 - Tin ores and concentrates.;Total Exports;Net Weight(Kg);DR Congo;European Union All Countries
May 2020;576000;2609 - Tin ores and concentrates.;Total Exports;Net Weight(Kg);DR Congo;European Union All Countries
Jul 2021;576000;2609 - Tin ores and concentrates.;Total Exports;Net Weight(Kg);DR Congo;European Union All Countries
Aug 2025;578486;7108 - Gold (including gold plated with platinum) unwrought or in semi-manufactured forms, or in powder form.;Total Exports;Net Weight(Kg);Kenya;SADC
Aug 2025;578486;71081300 - Gold (including gold plated with platinum) unwrought or in semi-manufactured forms, or in powder form.- Non-monetary:-- Other semi-manufactured forms;Total Exports;Net Weight(Kg);Kenya;SADC
Aug 2025;578486;7108 - Gold (including gold plated with platinum) unwrought or in semi-manufactured forms, or in powder form.;Total Exports;Quantity;Kenya;SADC
Aug 2025;578486;71081300 - Gold (including gold plated with platinum) unwrought or in semi-manufactured forms, or in powder form.- Non-monetary:-- Other semi-manufactured forms;Total Exports;Quantity;Kenya;SADC
Feb 2020;579760;26 - Ores, slag and ash.;Total Imports;CIF Value (US$);United Republic of Tanzania;SADC
Mar 2023;582865;26 - Ores, slag and ash.;Total Exports;Net Weight(Kg);Rwanda;ASEAN
Jan 2022;585900;26 - Ores, slag and ash.;Total Exports;Net Weight(Kg);Rwanda;European Union All Countries
Jan 2022;585900;26 - Ores, slag and ash.;Total Exports;Quantity;Rwanda;European Union All Countries
Feb 2023;585930;26 - Ores, slag and ash.;Total Exports;Quantity;Rwanda;European Union All Countries
Feb 2023;585935;26 - Ores, slag and ash.;Total Exports;Net Weight(Kg);Rwanda;European Union All Countries
Mar 2023;586360;26 - Ores, slag and ash.;Total Exports;Quantity;Rwanda;ASEAN
Nov 2020;592200;2603 - Copper ores and concentrates.;Total Exports;Net Weight(Kg);DR Congo;European Union All Countries
Jun 2020;594000;2609 - Tin ores and concentrates.;Total Exports;Net Weight(Kg);DR Congo;European Union All Countries
Mar 2024;600000;26 - Ores, slag and ash.;Total Exports;Net Weight(Kg);Kenya;ASEAN
Apr 2024;600000;26 - Ores, slag and ash.;Total Exports;Net Weight(Kg);Kenya;ASEAN
May 2024;600000;26 - Ores, slag and ash.;Total Exports;Net Weight(Kg);Kenya;ASEAN
Aug 2021;600000;26 - Ores, slag and ash.;Total Exports;Net Weight(Kg);Rwanda;SADC
Mar 2025;600000;26011200 - Iron ores and concentrates, including roasted iron pyrites. - Iron ores and concentrates, other than roasted iron pyrites: -- Agglomerated;Total Imports;Net Weight(Kg);United Republic of Tanzania;SADC
Feb 2025;600000;26012000 - Iron ores and concentrates, including roasted iron pyrites. - Roasted iron pyrites;Total Imports;Net Weight(Kg);United Republic of Tanzania;SADC
Mar 2025;600000;26012000 - Iron ores and concentrates, including roasted iron pyrites. - Roasted iron pyrites;Total Imports;Net Weight(Kg);United Republic of Tanzania;SADC
Jul 2022;600000;2606 - Aluminium ores and concentrates.;Total Imports;Net Weight(Kg);Kenya;SADC
Mar 2022;600000;2614 - Titanium ores and concentrates.;Total Exports;Net Weight(Kg);Kenya;ASEAN
Feb 2024;600000;2614 - Titanium ores and concentrates.;Total Exports;Net Weight(Kg);Kenya;ASEAN
Mar 2024;600000;2614 - Titanium ores and concentrates.;Total Exports;Net Weight(Kg);Kenya;ASEAN
Apr 2024;600000;2614 - Titanium ores and concentrates.;Total Exports;Net Weight(Kg);Kenya;ASEAN
May 2024;600000;2614 - Titanium ores and concentrates.;Total Exports;Net Weight(Kg);Kenya;ASEAN
Mar 2024;600000;26 - Ores, slag and ash.;Total Exports;Quantity;Kenya;ASEAN
Apr 2024;600000;26 - Ores, slag and ash.;Total Exports;Quantity;Kenya;ASEAN
May 2024;600000;26 - Ores, slag and ash.;Total Exports;Quantity;Kenya;ASEAN
Aug 2021;600000;26 - Ores, slag and ash.;Total Exports;Quantity;Rwanda;SADC
Mar 2025;600000;26011200 - Iron ores and concentrates, including roasted iron pyrites. - Iron ores and concentrates, other than roasted iron pyrites: -- Agglomerated;Total Imports;Quantity;United Republic of Tanzania;SADC
Feb 2025;600000;26012000 - Iron ores and concentrates, including roasted iron pyrites. - Roasted iron pyrites;Total Imports;Quantity;United Republic of Tanzania;SADC
Mar 2025;600000;26012000 - Iron ores and concentrates, including roasted iron pyrites. - Roasted iron pyrites;Total Imports;Quantity;United Republic of Tanzania;SADC
Jul 2022;600000;2606 - Aluminium ores and concentrates.;Total Imports;Quantity;Kenya;SADC
Mar 2022;600000;2614 - Titanium ores and concentrates.;Total Exports;Quantity;Kenya;ASEAN
Feb 2024;600000;2614 - Titanium ores and concentrates.;Total Exports;Quantity;Kenya;ASEAN
Mar 2024;600000;2614 - Titanium ores and concentrates.;Total Exports;Quantity;Kenya;ASEAN
Apr 2024;600000;2614 - Titanium ores and concentrates.;Total Exports;Quantity;Kenya;ASEAN
May 2024;600000;2614 - Titanium ores and concentrates.;Total Exports;Quantity;Kenya;ASEAN
Jul 2024;600196;26 - Ores, slag and ash.;Total Exports;FOB Value (US$);DR Congo;European Union All Countries
Jul 2024;600196;2603 - Copper ores and concentrates.;Total Exports;FOB Value (US$);DR Congo;European Union All Countries
Feb 2020;601500;2609 - Tin ores and concentrates.;Total Exports;Quantity;Rwanda;ASEAN
Feb 2020;602055;2609 - Tin ores and concentrates.;Total Exports;Net Weight(Kg);Rwanda;ASEAN
Oct 2020;602990;26 - Ores, slag and ash.;Total Exports;Net Weight(Kg);Rwanda;European Union All Countries
Oct 2020;602990;26 - Ores, slag and ash.;Total Exports;Quantity;Rwanda;European Union All Countries
Mar 2023;606880;2609 - Tin ores and concentrates.;Total Exports;Net Weight(Kg);DR Congo;SADC
May 2022;610000;26 - Ores, slag and ash.;Total Imports;Net Weight(Kg);Kenya;SADC
May 2022;610000;26 - Ores, slag and ash.;Total Imports;Quantity;Kenya;SADC
Jun 2022;621230;2609 - Tin ores and concentrates.;Total Imports;Quantity;Rwanda;SADC
Jun 2022;621231;2609 - Tin ores and concentrates.;Total Imports;Net Weight(Kg);Rwanda;SADC
Jan 2022;624960;2609 - Tin ores and concentrates.;Total Exports;Net Weight(Kg);Rwanda;ASEAN
Dec 2022;627504;71081300 - Gold (including gold plated with platinum) unwrought or in semi-manufactured forms, or in powder form.- Non-monetary:-- Other semi-manufactured forms;Total Imports;Quantity;Uganda;SADC
Jan 2022;628320;2609 - Tin ores and concentrates.;Total Exports;Quantity;Rwanda;ASEAN
Jun 2025;630660;2607 - Lead ores and concentrates.;Total Imports;CIF Value (US$);Uganda;SADC
Jun 2022;631230;26 - Ores, slag and ash.;Total Imports;Quantity;Rwanda;SADC
Jun 2022;631231;26 - Ores, slag and ash.;Total Imports;Net Weight(Kg);Rwanda;SADC
Mar 2022;631920;26 - Ores, slag and ash.;Total Exports;Net Weight(Kg);Rwanda;European Union All Countries
Mar 2022;631920;26 - Ores, slag and ash.;Total Exports;Quantity;Rwanda;European Union All Countries
Dec 2020;634150;2609 - Tin ores and concentrates.;Total Exports;Quantity;Rwanda;ASEAN
Dec 2020;634155;2609 - Tin ores and concentrates.;Total Exports;Net Weight(Kg);Rwanda;ASEAN
May 2021;638000;26 - Ores, slag and ash.;Total Exports;Net Weight(Kg);Rwanda;European Union All Countries
May 2021;638000;26 - Ores, slag and ash.;Total Exports;Quantity;Rwanda;European Union All Countries
Apr 2023;638024;26 - Ores, slag and ash.;Total Imports;CIF Value (US$);United Republic of Tanzania;SADC
Jun 2023;640075;26 - Ores, slag and ash.;Total Exports;Net Weight(Kg);Rwanda;European Union All Countries
Jun 2023;640080;26 - Ores, slag and ash.;Total Exports;Quantity;Rwanda;European Union All Countries
Jun 2021;643670;26 - Ores, slag and ash.;Total Imports;Net Weight(Kg);United Republic of Tanzania;SADC
Jun 2021;643670;26 - Ores, slag and ash.;Total Imports;Quantity;United Republic of Tanzania;SADC
Oct 2024;644102;7108 - Gold (including gold plated with platinum) unwrought or in semi-manufactured forms, or in powder form.;Total Exports;Net Weight(Kg);Kenya;SADC
Oct 2024;644102;71081300 - Gold (including gold plated with platinum) unwrought or in semi-manufactured forms, or in powder form.- Non-monetary:-- Other semi-manufactured forms;Total Exports;Net Weight(Kg);Kenya;SADC
Oct 2024;644102;7108 - Gold (including gold plated with platinum) unwrought or in semi-manufactured forms, or in powder form.;Total Exports;Quantity;Kenya;SADC
Oct 2024;644102;71081300 - Gold (including gold plated with platinum) unwrought or in semi-manufactured forms, or in powder form.- Non-monetary:-- Other semi-manufactured forms;Total Exports;Quantity;Kenya;SADC
Oct 2021;646440;26 - Ores, slag and ash.;Total Imports;Net Weight(Kg);United Republic of Tanzania;SADC
Oct 2021;646440;26 - Ores, slag and ash.;Total Imports;Quantity;United Republic of Tanzania;SADC
Jul 2020;650730;2609 - Tin ores and concentrates.;Total Exports;Net Weight(Kg);Rwanda;ASEAN
Jul 2020;650730;2609 - Tin ores and concentrates.;Total Exports;Quantity;Rwanda;ASEAN
Jun 2020;657130;26 - Ores, slag and ash.;Total Imports;Net Weight(Kg);United Republic of Tanzania;SADC
Jun 2020;657130;26 - Ores, slag and ash.;Total Imports;Quantity;United Republic of Tanzania;SADC
Nov 2021;658772;7108 - Gold (including gold plated with platinum) unwrought or in semi-manufactured forms, or in powder form.;Total Exports;Quantity;DR Congo;European Union All Countries
Nov 2021;658772;71081200 - Gold (including gold plated with platinum) unwrought or in semi-manufactured forms, or in powder form.- Non-monetary:-- Other unwrought forms;Total Exports;Quantity;DR Congo;European Union All Countries
Mar 2020;660400;26 - Ores, slag and ash.;Total Exports;Quantity;Rwanda;ASEAN
Mar 2020;660405;26 - Ores, slag and ash.;Total Exports;Net Weight(Kg);Rwanda;ASEAN
Jul 2020;663000;26 - Ores, slag and ash.;Total Exports;Net Weight(Kg);Rwanda;European Union All Countries
Jul 2020;663000;26 - Ores, slag and ash.;Total Exports;Quantity;Rwanda;European Union All Countries
Aug 2025;666600;26 - Ores, slag and ash.;Total Imports;CIF Value (US$);Uganda;ASEAN
Aug 2025;666600;2608 - Zinc ores and concentrates.;Total Imports;CIF Value (US$);Uganda;ASEAN
Mar 2021;666803;7111 - Base metals, silver or gold,clad with platinum, not further worked than semi-manufactured.;Total Exports;FOB Value (US$);United Republic of Tanzania;European Union All Countries
Sep 2022;673522;7108 - Gold (including gold plated with platinum) unwrought or in semi-manufactured forms, or in powder form.;Total Exports;Net Weight(Kg);Kenya;SADC
Sep 2022;673522;71081300 - Gold (including gold plated with platinum) unwrought or in semi-manufactured forms, or in powder form.- Non-monetary:-- Other semi-manufactured forms;Total Exports;Net Weight(Kg);Kenya;SADC
Sep 2022;673522;7108 - Gold (including gold plated with platinum) unwrought or in semi-manufactured forms, or in powder form.;Total Exports;Quantity;Kenya;SADC
Sep 2022;673522;71081300 - Gold (including gold plated with platinum) unwrought or in semi-manufactured forms, or in powder form.- Non-monetary:-- Other semi-manufactured forms;Total Exports;Quantity;Kenya;SADC
May 2024;678202;26 - Ores, slag and ash.;Total Imports;CIF Value (US$);DR Congo;SADC
Aug 2025;682750;26 - Ores, slag and ash.;Total Imports;CIF Value (US$);Uganda;SADC
Feb 2023;684220;26 - Ores, slag and ash.;Total Exports;Net Weight(Kg);Rwanda;ASEAN
Oct 2023;684280;7108 - Gold (including gold plated with platinum) unwrought or in semi-manufactured forms, or in powder form.;Total Exports;Net Weight(Kg);DR Congo;European Union All Countries
Dec 2024;685790;2601 - Iron ores and concentrates, including roasted iron pyrites.;Total Imports;CIF Value (US$);United Republic of Tanzania;SADC
Dec 2024;685790;26012000 - Iron ores and concentrates, including roasted iron pyrites. - Roasted iron pyrites;Total Imports;CIF Value (US$);United Republic of Tanzania;SADC
Jul 2021;688000;26 - Ores, slag and ash.;Total Exports;Net Weight(Kg);Rwanda;ASEAN
Jul 2021;688000;26 - Ores, slag and ash.;Total Exports;Quantity;Rwanda;ASEAN
Feb 2023;689680;26 - Ores, slag and ash.;Total Exports;Quantity;Rwanda;ASEAN
Apr 2021;690000;26 - Ores, slag and ash.;Total Exports;Net Weight(Kg);DR Congo;ASEAN
Aug 2025;690290;2601 - Iron ores and concentrates, including roasted iron pyrites.;Total Imports;CIF Value (US$);United Republic of Tanzania;SADC
Apr 2025;693450;2609 - Tin ores and concentrates.;Total Exports;Net Weight(Kg);Rwanda;European Union All Countries
Apr 2025;693450;2609 - Tin ores and concentrates.;Total Exports;Quantity;Rwanda;European Union All Countries
Mar 2025;694340;2609 - Tin ores and concentrates.;Total Exports;Net Weight(Kg);Rwanda;European Union All Countries
Mar 2025;694340;2609 - Tin ores and concentrates.;Total Exports;Quantity;Rwanda;European Union All Countries
Jun 2021;697650;2609 - Tin ores and concentrates.;Total Exports;Net Weight(Kg);Rwanda;ASEAN
Jun 2021;697650;2609 - Tin ores and concentrates.;Total Exports;Quantity;Rwanda;ASEAN
Dec 2024;700195;2603 - Copper ores and concentrates.;Total Exports;FOB Value (US$);DR Congo;European Union All Countries
Nov 2024;705680;26 - Ores, slag and ash.;Total Exports;Quantity;Rwanda;ASEAN
Nov 2024;705680;2609 - Tin ores and concentrates.;Total Exports;Quantity;Rwanda;ASEAN
Nov 2024;705690;26 - Ores, slag and ash.;Total Exports;Net Weight(Kg);Rwanda;ASEAN
Nov 2024;705690;2609 - Tin ores and concentrates.;Total Exports;Net Weight(Kg);Rwanda;ASEAN
Mar 2025;707210;26 - Ores, slag and ash.;Total Exports;Net Weight(Kg);Rwanda;ASEAN
Mar 2025;707210;26 - Ores, slag and ash.;Total Exports;Quantity;Rwanda;ASEAN
Feb 2023;708117;7108 - Gold (including gold plated with platinum) unwrought or in semi-manufactured forms, or in powder form.;Total Exports;Net Weight(Kg);United Republic of Tanzania;SADC
Feb 2023;708117;71081200 - Gold (including gold plated with platinum) unwrought or in semi-manufactured forms, or in powder form.- Non-monetary:-- Other unwrought forms;Total Exports;Net Weight(Kg);United Republic of Tanzania;SADC
Feb 2023;708117;7108 - Gold (including gold plated with platinum) unwrought or in semi-manufactured forms, or in powder form.;Total Exports;Quantity;United Republic of Tanzania;SADC
Feb 2023;708117;71081200 - Gold (including gold plated with platinum) unwrought or in semi-manufactured forms, or in powder form.- Non-monetary:-- Other unwrought forms;Total Exports;Quantity;United Republic of Tanzania;SADC
Apr 2024;708760;26 - Ores, slag and ash.;Total Imports;Net Weight(Kg);Uganda;SADC
Apr 2024;708760;26 - Ores, slag and ash.;Total Imports;Quantity;Uganda;SADC
Apr 2024;710350;26 - Ores, slag and ash.;Total Exports;Quantity;Rwanda;ASEAN
Apr 2024;710350;2609 - Tin ores and concentrates.;Total Exports;Quantity;Rwanda;ASEAN
Nov 2021;710523;26 - Ores, slag and ash.;Total Exports;Net Weight(Kg);Rwanda;European Union All Countries
Aug 2023;712500;26 - Ores, slag and ash.;Total Imports;Net Weight(Kg);Rwanda;SADC
Aug 2023;712500;2609 - Tin ores and concentrates.;Total Imports;Net Weight(Kg);Rwanda;SADC
Aug 2023;712500;26 - Ores, slag and ash.;Total Imports;Quantity;Rwanda;SADC
Aug 2023;712500;2609 - Tin ores and concentrates.;Total Imports;Quantity;Rwanda;SADC
Aug 2022;713836;26 - Ores, slag and ash.;Total Exports;Net Weight(Kg);Rwanda;European Union All Countries
Aug 2022;713840;26 - Ores, slag and ash.;Total Exports;Quantity;Rwanda;European Union All Countries
Nov 2021;717390;26 - Ores, slag and ash.;Total Exports;Quantity;Rwanda;European Union All Countries
Oct 2021;723620;26 - Ores, slag and ash.;Total Imports;Net Weight(Kg);Kenya;European Union All Countries
Oct 2021;723620;26 - Ores, slag and ash.;Total Imports;Quantity;Kenya;European Union All Countries
Oct 2020;724167;7108 - Gold (including gold plated with platinum) unwrought or in semi-manufactured forms, or in powder form.;Total Imports;Net Weight(Kg);Rwanda;SADC
Oct 2020;724167;71081200 - Gold (including gold plated with platinum) unwrought or in semi-manufactured forms, or in powder form.- Non-monetary:-- Other unwrought forms;Total Imports;Net Weight(Kg);Rwanda;SADC
Jun 2025;724200;2609 - Tin ores and concentrates.;Total Exports;Quantity;Rwanda;European Union All Countries
Jun 2025;724204;2609 - Tin ores and concentrates.;Total Exports;Net Weight(Kg);Rwanda;European Union All Countries
Aug 2025;735640;2609 - Tin ores and concentrates.;Total Exports;Net Weight(Kg);Rwanda;European Union All Countries
Aug 2025;735640;2609 - Tin ores and concentrates.;Total Exports;Quantity;Rwanda;European Union All Countries
Feb 2022;735660;26 - Ores, slag and ash.;Total Exports;Net Weight(Kg);Rwanda;European Union All Countries
Feb 2022;735660;26 - Ores, slag and ash.;Total Exports;Quantity;Rwanda;European Union All Countries
Sep 2025;737000;2609 - Tin ores and concentrates.;Total Exports;Net Weight(Kg);Rwanda;European Union All Countries
Sep 2025;737000;2609 - Tin ores and concentrates.;Total Exports;Quantity;Rwanda;European Union All Countries
Aug 2025;738850;2609 - Tin ores and concentrates.;Total Exports;Net Weight(Kg);Rwanda;ASEAN
Dec 2021;740000;26 - Ores, slag and ash.;Total Imports;Net Weight(Kg);Rwanda;SADC
Dec 2021;740000;2609 - Tin ores and concentrates.;Total Imports;Net Weight(Kg);Rwanda;SADC
Dec 2021;740000;26 - Ores, slag and ash.;Total Imports;Quantity;Rwanda;SADC
Dec 2021;740000;2609 - Tin ores and concentrates.;Total Imports;Quantity;Rwanda;SADC
Sep 2021;740380;2609 - Tin ores and concentrates.;Total Exports;Quantity;Rwanda;ASEAN
Sep 2021;740385;2609 - Tin ores and concentrates.;Total Exports;Net Weight(Kg);Rwanda;ASEAN
Apr 2020;740945;2609 - Tin ores and concentrates.;Total Exports;Net Weight(Kg);Rwanda;ASEAN
Apr 2020;740960;2609 - Tin ores and concentrates.;Total Exports;Quantity;Rwanda;ASEAN
Jul 2024;741630;2609 - Tin ores and concentrates.;Total Exports;Net Weight(Kg);Rwanda;European Union All Countries
Jul 2024;741630;2609 - Tin ores and concentrates.;Total Exports;Quantity;Rwanda;European Union All Countries
Nov 2023;741850;2609 - Tin ores and concentrates.;Total Exports;Net Weight(Kg);Rwanda;European Union All Countries
Nov 2023;741850;2609 - Tin ores and concentrates.;Total Exports;Quantity;Rwanda;European Union All Countries
Aug 2025;743430;2609 - Tin ores and concentrates.;Total Exports;Quantity;Rwanda;ASEAN
Mar 2024;747490;26 - Ores, slag and ash.;Total Exports;Net Weight(Kg);Rwanda;ASEAN
Mar 2024;747490;2609 - Tin ores and concentrates.;Total Exports;Net Weight(Kg);Rwanda;ASEAN
Mar 2024;747490;26 - Ores, slag and ash.;Total Exports;Quantity;Rwanda;ASEAN
Mar 2024;747490;2609 - Tin ores and concentrates.;Total Exports;Quantity;Rwanda;ASEAN
Nov 2023;750000;26 - Ores, slag and ash.;Total Exports;Net Weight(Kg);United Republic of Tanzania;European Union All Countries
Mar 2020;750000;26 - Ores, slag and ash.;Total Exports;Net Weight(Kg);Kenya;European Union All Countries
Aug 2025;750000;26 - Ores, slag and ash.;Total Exports;Net Weight(Kg);Rwanda;SADC
Mar 2024;750000;26 - Ores, slag and ash.;Total Imports;Net Weight(Kg);United Republic of Tanzania;SADC
Oct 2023;750000;2601 - Iron ores and concentrates, including roasted iron pyrites.;Total Imports;Net Weight(Kg);United Republic of Tanzania;SADC
Mar 2024;750000;2601 - Iron ores and concentrates, including roasted iron pyrites.;Total Imports;Net Weight(Kg);United Republic of Tanzania;SADC
Oct 2023;750000;26011100 - Iron ores and concentrates, including roasted iron pyrites. - Iron ores and concentrates, other than roasted iron pyrites: -- Non-agglomerated;Total Imports;Net Weight(Kg);United Republic of Tanzania;SADC
Mar 2024;750000;26011100 - Iron ores and concentrates, including roasted iron pyrites. - Iron ores and concentrates, other than roasted iron pyrites: -- Non-agglomerated;Total Imports;Net Weight(Kg);United Republic of Tanzania;SADC
Sep 2023;750000;2609 - Tin ores and concentrates.;Total Imports;Net Weight(Kg);Rwanda;SADC
Nov 2023;750000;26 - Ores, slag and ash.;Total Exports;Quantity;United Republic of Tanzania;European Union All Countries
Mar 2020;750000;26 - Ores, slag and ash.;Total Exports;Quantity;Kenya;European Union All Countries
Aug 2025;750000;26 - Ores, slag and ash.;Total Exports;Quantity;Rwanda;SADC
Mar 2024;750000;26 - Ores, slag and ash.;Total Imports;Quantity;United Republic of Tanzania;SADC
Oct 2023;750000;2601 - Iron ores and concentrates, including roasted iron pyrites.;Total Imports;Quantity;United Republic of Tanzania;SADC
Mar 2024;750000;2601 - Iron ores and concentrates, including roasted iron pyrites.;Total Imports;Quantity;United Republic of Tanzania;SADC
Oct 2023;750000;26011100 - Iron ores and concentrates, including roasted iron pyrites. - Iron ores and concentrates, other than roasted iron pyrites: -- Non-agglomerated;Total Imports;Quantity;United Republic of Tanzania;SADC
Mar 2024;750000;26011100 - Iron ores and concentrates, including roasted iron pyrites. - Iron ores and concentrates, other than roasted iron pyrites: -- Non-agglomerated;Total Imports;Quantity;United Republic of Tanzania;SADC
Sep 2023;750000;2609 - Tin ores and concentrates.;Total Imports;Quantity;Rwanda;SADC
Sep 2023;750020;26 - Ores, slag and ash.;Total Imports;Net Weight(Kg);Rwanda;SADC
Sep 2023;750020;26 - Ores, slag and ash.;Total Imports;Quantity;Rwanda;SADC
Jul 2024;750030;26 - Ores, slag and ash.;Total Exports;Net Weight(Kg);United Republic of Tanzania;European Union All Countries
Jul 2024;750030;26 - Ores, slag and ash.;Total Exports;Quantity;United Republic of Tanzania;European Union All Countries
Jan 2020;754400;26 - Ores, slag and ash.;Total Exports;Net Weight(Kg);DR Congo;SADC
Jan 2020;754400;2603 - Copper ores and concentrates.;Total Exports;Net Weight(Kg);DR Congo;SADC
Jan 2020;756190;26 - Ores, slag and ash.;Total Exports;Net Weight(Kg);Rwanda;European Union All Countries
Jan 2020;756190;26 - Ores, slag and ash.;Total Exports;Quantity;Rwanda;European Union All Countries
Sep 2022;757606;26 - Ores, slag and ash.;Total Exports;Net Weight(Kg);Rwanda;European Union All Countries
Sep 2022;757606;2609 - Tin ores and concentrates.;Total Exports;Net Weight(Kg);Rwanda;European Union All Countries
Sep 2022;757610;26 - Ores, slag and ash.;Total Exports;Quantity;Rwanda;European Union All Countries
Sep 2022;757610;2609 - Tin ores and concentrates.;Total Exports;Quantity;Rwanda;European Union All Countries
Dec 2022;759720;7108 - Gold (including gold plated with platinum) unwrought or in semi-manufactured forms, or in powder form.;Total Exports;Net Weight(Kg);DR Congo;European Union All Countries
Dec 2022;759720;71081200 - Gold (including gold plated with platinum) unwrought or in semi-manufactured forms, or in powder form.- Non-monetary:-- Other unwrought forms;Total Exports;Net Weight(Kg);DR Congo;European Union All Countries
Mar 2025;765810;26 - Ores, slag and ash.;Total Imports;Net Weight(Kg);Kenya;SADC
Mar 2025;765810;26 - Ores, slag and ash.;Total Imports;Quantity;Kenya;SADC
Jun 2021;768000;2609 - Tin ores and concentrates.;Total Exports;Net Weight(Kg);DR Congo;European Union All Countries
May 2025;771180;2609 - Tin ores and concentrates.;Total Exports;Net Weight(Kg);Rwanda;ASEAN
May 2025;771190;2609 - Tin ores and concentrates.;Total Exports;Quantity;Rwanda;ASEAN
Nov 2023;771520;7108 - Gold (including gold plated with platinum) unwrought or in semi-manufactured forms, or in powder form.;Total Exports;Net Weight(Kg);DR Congo;European Union All Countries
Nov 2023;771520;71081200 - Gold (including gold plated with platinum) unwrought or in semi-manufactured forms, or in powder form.- Non-monetary:-- Other unwrought forms;Total Exports;Net Weight(Kg);DR Congo;European Union All Countries
Apr 2025;771905;2609 - Tin ores and concentrates.;Total Exports;Net Weight(Kg);Rwanda;ASEAN
Apr 2025;771910;2609 - Tin ores and concentrates.;Total Exports;Quantity;Rwanda;ASEAN
Jan 2020;773320;26 - Ores, slag and ash.;Total Exports;Quantity;Rwanda;ASEAN
Jan 2020;773865;26 - Ores, slag and ash.;Total Exports;Net Weight(Kg);Rwanda;ASEAN
Feb 2020;777300;2603 - Copper ores and concentrates.;Total Exports;Net Weight(Kg);DR Congo;European Union All Countries
Jun 2025;777660;26 - Ores, slag and ash.;Total Imports;CIF Value (US$);Uganda;SADC
Mar 2021;778010;2603 - Copper ores and concentrates.;Total Exports;Net Weight(Kg);DR Congo;European Union All Countries
Jan 2022;779877;2603 - Copper ores and concentrates.;Total Exports;Quantity;DR Congo;European Union All Countries
Aug 2025;783450;2603 - Copper ores and concentrates.;Total Imports;Net Weight(Kg);DR Congo;SADC
Dec 2022;789392;2504 - Natural graphite.;Total Imports;CIF Value (US$);United Republic of Tanzania;European Union All Countries
Jul 2020;790000;26 - Ores, slag and ash.;Total Imports;Net Weight(Kg);Kenya;SADC
Jul 2020;790000;26 - Ores, slag and ash.;Total Imports;Quantity;Kenya;SADC
Feb 2020;790130;26 - Ores, slag and ash.;Total Exports;Net Weight(Kg);Rwanda;European Union All Countries
Feb 2020;790130;26 - Ores, slag and ash.;Total Exports;Quantity;Rwanda;European Union All Countries
Sep 2020;791000;26 - Ores, slag and ash.;Total Imports;Net Weight(Kg);Kenya;SADC
Sep 2020;791000;26 - Ores, slag and ash.;Total Imports;Quantity;Kenya;SADC
Apr 2024;805160;26 - Ores, slag and ash.;Total Imports;Net Weight(Kg);Kenya;SADC
Apr 2024;805160;26 - Ores, slag and ash.;Total Imports;Quantity;Kenya;SADC
Oct 2023;809460;26 - Ores, slag and ash.;Total Exports;Quantity;Rwanda;European Union All Countries
Oct 2023;809470;26 - Ores, slag and ash.;Total Exports;Net Weight(Kg);Rwanda;European Union All Countries
Apr 2022;820000;7108 - Gold (including gold plated with platinum) unwrought or in semi-manufactured forms, or in powder form.;Total Imports;Quantity;Rwanda;SADC
Apr 2022;820000;71081200 - Gold (including gold plated with platinum) unwrought or in semi-manufactured forms, or in powder form.- Non-monetary:-- Other unwrought forms;Total Imports;Quantity;Rwanda;SADC
May 2020;829230;26 - Ores, slag and ash.;Total Exports;Net Weight(Kg);DR Congo;SADC
May 2020;829230;2603 - Copper ores and concentrates.;Total Exports;Net Weight(Kg);DR Congo;SADC
Dec 2021;830211;7108 - Gold (including gold plated with platinum) unwrought or in semi-manufactured forms, or in powder form.;Total Exports;Quantity;DR Congo;European Union All Countries
Dec 2021;830211;71081200 - Gold (including gold plated with platinum) unwrought or in semi-manufactured forms, or in powder form.- Non-monetary:-- Other unwrought forms;Total Exports;Quantity;DR Congo;European Union All Countries
May 2023;833291;7108 - Gold (including gold plated with platinum) unwrought or in semi-manufactured forms, or in powder form.;Total Exports;Net Weight(Kg);Kenya;SADC
May 2023;833291;71081300 - Gold (including gold plated with platinum) unwrought or in semi-manufactured forms, or in powder form.- Non-monetary:-- Other semi-manufactured forms;Total Exports;Net Weight(Kg);Kenya;SADC
May 2023;833291;7108 - Gold (including gold plated with platinum) unwrought or in semi-manufactured forms, or in powder form.;Total Exports;Quantity;Kenya;SADC
May 2023;833291;71081300 - Gold (including gold plated with platinum) unwrought or in semi-manufactured forms, or in powder form.- Non-monetary:-- Other semi-manufactured forms;Total Exports;Quantity;Kenya;SADC
May 2022;837210;7108 - Gold (including gold plated with platinum) unwrought or in semi-manufactured forms, or in powder form.;Total Exports;Net Weight(Kg);DR Congo;European Union All Countries
May 2022;837210;71081200 - Gold (including gold plated with platinum) unwrought or in semi-manufactured forms, or in powder form.- Non-monetary:-- Other unwrought forms;Total Exports;Net Weight(Kg);DR Congo;European Union All Countries
Feb 2021;838000;26 - Ores, slag and ash.;Total Exports;Net Weight(Kg);Rwanda;SADC
Feb 2021;838000;26 - Ores, slag and ash.;Total Exports;Quantity;Rwanda;SADC
Feb 2023;838625;26 - Ores, slag and ash.;Total Imports;CIF Value (US$);United Republic of Tanzania;SADC
Feb 2023;838625;2601 - Iron ores and concentrates, including roasted iron pyrites.;Total Imports;CIF Value (US$);United Republic of Tanzania;SADC
Feb 2023;838625;26011100 - Iron ores and concentrates, including roasted iron pyrites. - Iron ores and concentrates, other than roasted iron pyrites: -- Non-agglomerated;Total Imports;CIF Value (US$);United Republic of Tanzania;SADC
May 2022;840000;26 - Ores, slag and ash.;Total Imports;Net Weight(Kg);United Republic of Tanzania;SADC
Jun 2025;840000;26 - Ores, slag and ash.;Total Imports;Net Weight(Kg);Kenya;SADC
May 2022;840000;26 - Ores, slag and ash.;Total Imports;Quantity;United Republic of Tanzania;SADC
Jun 2025;840000;26 - Ores, slag and ash.;Total Imports;Quantity;Kenya;SADC
Jun 2025;846350;26 - Ores, slag and ash.;Total Imports;Net Weight(Kg);United Republic of Tanzania;SADC
Jun 2025;846350;26 - Ores, slag and ash.;Total Imports;Quantity;United Republic of Tanzania;SADC
Jul 2022;850000;26 - Ores, slag and ash.;Total Imports;Net Weight(Kg);Kenya;SADC
Jul 2022;850000;26 - Ores, slag and ash.;Total Imports;Quantity;Kenya;SADC
Nov 2020;852170;2609 - Tin ores and concentrates.;Total Exports;Quantity;Rwanda;ASEAN
Nov 2020;852175;2609 - Tin ores and concentrates.;Total Exports;Net Weight(Kg);Rwanda;ASEAN
Dec 2023;854860;26 - Ores, slag and ash.;Total Imports;Quantity;Rwanda;SADC
Dec 2023;854860;2609 - Tin ores and concentrates.;Total Imports;Quantity;Rwanda;SADC
Jun 2023;859400;26 - Ores, slag and ash.;Total Exports;Net Weight(Kg);Uganda;SADC
Jun 2023;859400;2601 - Iron ores and concentrates, including roasted iron pyrites.;Total Exports;Net Weight(Kg);Uganda;SADC
Jun 2023;859400;26011100 - Iron ores and concentrates, including roasted iron pyrites. - Iron ores and concentrates, other than roasted iron pyrites: -- Non-agglomerated;Total Exports;Net Weight(Kg);Uganda;SADC
Jun 2023;859400;26 - Ores, slag and ash.;Total Exports;Quantity;Uganda;SADC
Jun 2023;859400;2601 - Iron ores and concentrates, including roasted iron pyrites.;Total Exports;Quantity;Uganda;SADC
Jun 2023;859400;26011100 - Iron ores and concentrates, including roasted iron pyrites. - Iron ores and concentrates, other than roasted iron pyrites: -- Non-agglomerated;Total Exports;Quantity;Uganda;SADC
Nov 2021;860400;26 - Ores, slag and ash.;Total Exports;Net Weight(Kg);Rwanda;SADC
Nov 2021;860400;26 - Ores, slag and ash.;Total Exports;Quantity;Rwanda;SADC
Jul 2025;862357;7108 - Gold (including gold plated with platinum) unwrought or in semi-manufactured forms, or in powder form.;Total Exports;Net Weight(Kg);United Republic of Tanzania;European Union All Countries
Jul 2025;862357;71081200 - Gold (including gold plated with platinum) unwrought or in semi-manufactured forms, or in powder form.- Non-monetary:-- Other unwrought forms;Total Exports;Net Weight(Kg);United Republic of Tanzania;European Union All Countries
Jul 2025;862357;7108 - Gold (including gold plated with platinum) unwrought or in semi-manufactured forms, or in powder form.;Total Exports;Quantity;United Republic of Tanzania;European Union All Countries
Jul 2025;862357;71081200 - Gold (including gold plated with platinum) unwrought or in semi-manufactured forms, or in powder form.- Non-monetary:-- Other unwrought forms;Total Exports;Quantity;United Republic of Tanzania;European Union All Countries
Dec 2021;867700;26 - Ores, slag and ash.;Total Exports;Net Weight(Kg);Rwanda;European Union All Countries
Dec 2021;867700;26 - Ores, slag and ash.;Total Exports;Quantity;Rwanda;European Union All Countries
Jun 2021;871680;2609 - Tin ores and concentrates.;Total Exports;FOB Value (US$);DR Congo;European Union All Countries
May 2023;874710;26 - Ores, slag and ash.;Total Exports;Quantity;Rwanda;ASEAN
May 2023;874710;2609 - Tin ores and concentrates.;Total Exports;Quantity;Rwanda;ASEAN
May 2023;874775;26 - Ores, slag and ash.;Total Exports;Net Weight(Kg);Rwanda;ASEAN
May 2023;874775;2609 - Tin ores and concentrates.;Total Exports;Net Weight(Kg);Rwanda;ASEAN
Oct 2020;875320;2609 - Tin ores and concentrates.;Total Exports;Quantity;Rwanda;ASEAN
Oct 2020;875330;2609 - Tin ores and concentrates.;Total Exports;Net Weight(Kg);Rwanda;ASEAN
Oct 2021;880000;26 - Ores, slag and ash.;Total Exports;Net Weight(Kg);Rwanda;SADC
Oct 2021;880000;26 - Ores, slag and ash.;Total Exports;Quantity;Rwanda;SADC
Dec 2021;880970;2609 - Tin ores and concentrates.;Total Exports;Net Weight(Kg);Rwanda;ASEAN
Dec 2021;884780;2609 - Tin ores and concentrates.;Total Exports;Quantity;Rwanda;ASEAN
Nov 2022;884960;2609 - Tin ores and concentrates.;Total Exports;Net Weight(Kg);Rwanda;ASEAN
Nov 2022;889120;2609 - Tin ores and concentrates.;Total Exports;Quantity;Rwanda;ASEAN
Nov 2021;890450;26 - Ores, slag and ash.;Total Exports;Net Weight(Kg);DR Congo;European Union All Countries
Dec 2022;892030;2609 - Tin ores and concentrates.;Total Exports;Quantity;Rwanda;ASEAN
Dec 2022;892035;2609 - Tin ores and concentrates.;Total Exports;Net Weight(Kg);Rwanda;ASEAN
Jul 2024;892061;7106 - Silver (including silver plated with gold or platinum), unwrought or in semi-manufactured forms, or in powder form.;Total Exports;FOB Value (US$);United Republic of Tanzania;SADC
Jul 2024;892061;71061000 - Silver (including silver plated with gold or platinum), unwrought or in semi-manufactured forms, or in powder form.- Powder;Total Exports;FOB Value (US$);United Republic of Tanzania;SADC
Jun 2023;896220;2609 - Tin ores and concentrates.;Total Exports;Net Weight(Kg);Rwanda;ASEAN
Jun 2023;896220;2609 - Tin ores and concentrates.;Total Exports;Quantity;Rwanda;ASEAN
Jun 2020;896840;2609 - Tin ores and concentrates.;Total Exports;Net Weight(Kg);Rwanda;ASEAN
Jun 2020;896840;2609 - Tin ores and concentrates.;Total Exports;Quantity;Rwanda;ASEAN
Jun 2020;897730;71081200 - Gold (including gold plated with platinum) unwrought or in semi-manufactured forms, or in powder form.- Non-monetary:-- Other unwrought forms;Total Imports;Quantity;Uganda;SADC
Mar 2025;899990;2614 - Titanium ores and concentrates.;Total Exports;Net Weight(Kg);Kenya;European Union All Countries
Mar 2025;899990;2614 - Titanium ores and concentrates.;Total Exports;Quantity;Kenya;European Union All Countries
Nov 2024;900000;26 - Ores, slag and ash.;Total Exports;Net Weight(Kg);Kenya;European Union All Countries
Feb 2025;900000;26 - Ores, slag and ash.;Total Exports;Net Weight(Kg);Kenya;European Union All Countries
Jan 2025;900000;2601 - Iron ores and concentrates, including roasted iron pyrites.;Total Imports;Net Weight(Kg);United Republic of Tanzania;SADC
Feb 2025;900000;26011200 - Iron ores and concentrates, including roasted iron pyrites. - Iron ores and concentrates, other than roasted iron pyrites: -- Agglomerated;Total Imports;Net Weight(Kg);United Republic of Tanzania;SADC
Jul 2025;900000;26011200 - Iron ores and concentrates, including roasted iron pyrites. - Iron ores and concentrates, other than roasted iron pyrites: -- Agglomerated;Total Imports;Net Weight(Kg);United Republic of Tanzania;SADC
Jan 2025;900000;26012000 - Iron ores and concentrates, including roasted iron pyrites. - Roasted iron pyrites;Total Imports;Net Weight(Kg);United Republic of Tanzania;SADC
May 2025;900000;26012000 - Iron ores and concentrates, including roasted iron pyrites. - Roasted iron pyrites;Total Imports;Net Weight(Kg);United Republic of Tanzania;SADC
Jan 2024;900000;2614 - Titanium ores and concentrates.;Total Exports;Net Weight(Kg);Kenya;European Union All Countries
Nov 2024;900000;2614 - Titanium ores and concentrates.;Total Exports;Net Weight(Kg);Kenya;European Union All Countries
Jan 2025;900000;2614 - Titanium ores and concentrates.;Total Exports;Net Weight(Kg);Kenya;European Union All Countries
Feb 2025;900000;2614 - Titanium ores and concentrates.;Total Exports;Net Weight(Kg);Kenya;European Union All Countries
Nov 2024;900000;26 - Ores, slag and ash.;Total Exports;Quantity;Kenya;European Union All Countries
Feb 2025;900000;26 - Ores, slag and ash.;Total Exports;Quantity;Kenya;European Union All Countries
Jan 2025;900000;2601 - Iron ores and concentrates, including roasted iron pyrites.;Total Imports;Quantity;United Republic of Tanzania;SADC
Feb 2025;900000;26011200 - Iron ores and concentrates, including roasted iron pyrites. - Iron ores and concentrates, other than roasted iron pyrites: -- Agglomerated;Total Imports;Quantity;United Republic of Tanzania;SADC
Jul 2025;900000;26011200 - Iron ores and concentrates, including roasted iron pyrites. - Iron ores and concentrates, other than roasted iron pyrites: -- Agglomerated;Total Imports;Quantity;United Republic of Tanzania;SADC
Jan 2025;900000;26012000 - Iron ores and concentrates, including roasted iron pyrites. - Roasted iron pyrites;Total Imports;Quantity;United Republic of Tanzania;SADC
May 2025;900000;26012000 - Iron ores and concentrates, including roasted iron pyrites. - Roasted iron pyrites;Total Imports;Quantity;United Republic of Tanzania;SADC
Jan 2024;900000;2614 - Titanium ores and concentrates.;Total Exports;Quantity;Kenya;European Union All Countries
Nov 2024;900000;2614 - Titanium ores and concentrates.;Total Exports;Quantity;Kenya;European Union All Countries
Jan 2025;900000;2614 - Titanium ores and concentrates.;Total Exports;Quantity;Kenya;European Union All Countries
Feb 2025;900000;2614 - Titanium ores and concentrates.;Total Exports;Quantity;Kenya;European Union All Countries
Apr 2024;900766;7106 - Silver (including silver plated with gold or platinum), unwrought or in semi-manufactured forms, or in powder form.;Total Exports;FOB Value (US$);Uganda;European Union All Countries
Apr 2024;900766;71069100 - Silver (including silver plated with gold or platinum), unwrought or in semi-manufactured forms, or in powder form.- Other:-- Unwrought;Total Exports;FOB Value (US$);Uganda;European Union All Countries
Nov 2023;901778;7108 - Gold (including gold plated with platinum) unwrought or in semi-manufactured forms, or in powder form.;Total Exports;Net Weight(Kg);Kenya;SADC
Nov 2023;901778;71081300 - Gold (including gold plated with platinum) unwrought or in semi-manufactured forms, or in powder form.- Non-monetary:-- Other semi-manufactured forms;Total Exports;Net Weight(Kg);Kenya;SADC
Nov 2023;901778;7108 - Gold (including gold plated with platinum) unwrought or in semi-manufactured forms, or in powder form.;Total Exports;Quantity;Kenya;SADC
Nov 2023;901778;71081300 - Gold (including gold plated with platinum) unwrought or in semi-manufactured forms, or in powder form.- Non-monetary:-- Other semi-manufactured forms;Total Exports;Quantity;Kenya;SADC
Oct 2022;902495;26 - Ores, slag and ash.;Total Exports;Net Weight(Kg);Rwanda;European Union All Countries
Oct 2022;902500;26 - Ores, slag and ash.;Total Exports;Quantity;Rwanda;European Union All Countries
Apr 2023;904180;26 - Ores, slag and ash.;Total Exports;Net Weight(Kg);Rwanda;European Union All Countries
Apr 2023;904180;26 - Ores, slag and ash.;Total Exports;Quantity;Rwanda;European Union All Countries
Jul 2020;906540;2603 - Copper ores and concentrates.;Total Exports;Net Weight(Kg);DR Congo;SADC
Mar 2021;909650;2609 - Tin ores and concentrates.;Total Exports;Net Weight(Kg);Rwanda;ASEAN
Mar 2021;909650;2609 - Tin ores and concentrates.;Total Exports;Quantity;Rwanda;ASEAN
Oct 2020;910435;7108 - Gold (including gold plated with platinum) unwrought or in semi-manufactured forms, or in powder form.;Total Exports;FOB Value (US$);Uganda;ASEAN
Oct 2020;910435;71081200 - Gold (including gold plated with platinum) unwrought or in semi-manufactured forms, or in powder form.- Non-monetary:-- Other unwrought forms;Total Exports;FOB Value (US$);Uganda;ASEAN
Dec 2024;913400;2609 - Tin ores and concentrates.;Total Exports;Net Weight(Kg);Rwanda;European Union All Countries
Dec 2024;913400;2609 - Tin ores and concentrates.;Total Exports;Quantity;Rwanda;European Union All Countries
Sep 2020;914106;7108 - Gold (including gold plated with platinum) unwrought or in semi-manufactured forms, or in powder form.;Total Exports;FOB Value (US$);Uganda;ASEAN
Sep 2020;914106;71081200 - Gold (including gold plated with platinum) unwrought or in semi-manufactured forms, or in powder form.- Non-monetary:-- Other unwrought forms;Total Exports;FOB Value (US$);Uganda;ASEAN
Feb 2022;915760;2609 - Tin ores and concentrates.;Total Exports;Net Weight(Kg);Rwanda;ASEAN
Feb 2022;915760;2609 - Tin ores and concentrates.;Total Exports;Quantity;Rwanda;ASEAN
Mar 2022;916007;7108 - Gold (including gold plated with platinum) unwrought or in semi-manufactured forms, or in powder form.;Total Exports;Net Weight(Kg);Kenya;SADC
Mar 2022;916007;71081300 - Gold (including gold plated with platinum) unwrought or in semi-manufactured forms, or in powder form.- Non-monetary:-- Other semi-manufactured forms;Total Exports;Net Weight(Kg);Kenya;SADC
Mar 2022;916007;7108 - Gold (including gold plated with platinum) unwrought or in semi-manufactured forms, or in powder form.;Total Exports;Quantity;Kenya;SADC
Mar 2022;916007;71081300 - Gold (including gold plated with platinum) unwrought or in semi-manufactured forms, or in powder form.- Non-monetary:-- Other semi-manufactured forms;Total Exports;Quantity;Kenya;SADC
Nov 2021;923670;2609 - Tin ores and concentrates.;Total Exports;Net Weight(Kg);Rwanda;ASEAN
Jan 2021;928290;2609 - Tin ores and concentrates.;Total Exports;Quantity;Rwanda;ASEAN
Nov 2021;928530;2609 - Tin ores and concentrates.;Total Exports;Quantity;Rwanda;ASEAN
Jan 2021;929670;2609 - Tin ores and concentrates.;Total Exports;Net Weight(Kg);Rwanda;ASEAN
Apr 2023;930060;26 - Ores, slag and ash.;Total Imports;Net Weight(Kg);Kenya;SADC
Apr 2023;930060;26 - Ores, slag and ash.;Total Imports;Quantity;Kenya;SADC
Jun 2023;935897;26 - Ores, slag and ash.;Total Exports;FOB Value (US$);Uganda;SADC
Jun 2023;935897;2601 - Iron ores and concentrates, including roasted iron pyrites.;Total Exports;FOB Value (US$);Uganda;SADC
Jun 2023;935897;26011100 - Iron ores and concentrates, including roasted iron pyrites. - Iron ores and concentrates, other than roasted iron pyrites: -- Non-agglomerated;Total Exports;FOB Value (US$);Uganda;SADC
Feb 2024;938150;2609 - Tin ores and concentrates.;Total Exports;Net Weight(Kg);Rwanda;European Union All Countries
Feb 2024;938150;2609 - Tin ores and concentrates.;Total Exports;Quantity;Rwanda;European Union All Countries
Jul 2020;941540;26 - Ores, slag and ash.;Total Exports;Net Weight(Kg);DR Congo;SADC
Sep 2022;943010;2609 - Tin ores and concentrates.;Total Exports;Quantity;Rwanda;ASEAN
Sep 2022;943015;2609 - Tin ores and concentrates.;Total Exports;Net Weight(Kg);Rwanda;ASEAN
Sep 2024;949221;2603 - Copper ores and concentrates.;Total Exports;FOB Value (US$);DR Congo;SADC
Jan 2025;953240;2609 - Tin ores and concentrates.;Total Exports;Net Weight(Kg);Rwanda;European Union All Countries
Jan 2025;953240;2609 - Tin ores and concentrates.;Total Exports;Quantity;Rwanda;European Union All Countries
Jul 2021;960000;2603 - Copper ores and concentrates.;Total Exports;Net Weight(Kg);DR Congo;European Union All Countries
Jun 2024;963320;2609 - Tin ores and concentrates.;Total Exports;Net Weight(Kg);Rwanda;European Union All Countries
Jun 2024;963320;2609 - Tin ores and concentrates.;Total Exports;Quantity;Rwanda;European Union All Countries
Oct 2025;965318;2603 - Copper ores and concentrates.;Total Imports;Quantity;DR Congo;SADC
May 2025;970710;2609 - Tin ores and concentrates.;Total Exports;Net Weight(Kg);Rwanda;European Union All Countries
May 2025;970710;2609 - Tin ores and concentrates.;Total Exports;Quantity;Rwanda;European Union All Countries
Sep 2020;970770;7108 - Gold (including gold plated with platinum) unwrought or in semi-manufactured forms, or in powder form.;Total Exports;Net Weight(Kg);DR Congo;European Union All Countries
Sep 2020;970770;71081200 - Gold (including gold plated with platinum) unwrought or in semi-manufactured forms, or in powder form.- Non-monetary:-- Other unwrought forms;Total Exports;Net Weight(Kg);DR Congo;European Union All Countries
Aug 2024;971600;2609 - Tin ores and concentrates.;Total Exports;Net Weight(Kg);Rwanda;European Union All Countries
Aug 2024;971600;2609 - Tin ores and concentrates.;Total Exports;Quantity;Rwanda;European Union All Countries
Jan 2024;971896;2609 - Tin ores and concentrates.;Total Exports;Net Weight(Kg);Rwanda;European Union All Countries
Jan 2024;971900;2609 - Tin ores and concentrates.;Total Exports;Quantity;Rwanda;European Union All Countries
Apr 2024;972290;2609 - Tin ores and concentrates.;Total Exports;Net Weight(Kg);Rwanda;European Union All Countries
Apr 2024;972290;2609 - Tin ores and concentrates.;Total Exports;Quantity;Rwanda;European Union All Countries
Sep 2024;973720;2609 - Tin ores and concentrates.;Total Exports;Quantity;Rwanda;European Union All Countries
Sep 2024;973724;2609 - Tin ores and concentrates.;Total Exports;Net Weight(Kg);Rwanda;European Union All Countries
Aug 2021;978000;2609 - Tin ores and concentrates.;Total Exports;Net Weight(Kg);DR Congo;European Union All Countries
Sep 2020;982000;2609 - Tin ores and concentrates.;Total Exports;Net Weight(Kg);DR Congo;European Union All Countries
Dec 2023;983770;26 - Ores, slag and ash.;Total Exports;Quantity;Rwanda;ASEAN
Dec 2023;983770;2609 - Tin ores and concentrates.;Total Exports;Quantity;Rwanda;ASEAN
Dec 2023;983780;26 - Ores, slag and ash.;Total Exports;Net Weight(Kg);Rwanda;ASEAN
Dec 2023;983780;2609 - Tin ores and concentrates.;Total Exports;Net Weight(Kg);Rwanda;ASEAN
Feb 2025;989080;2609 - Tin ores and concentrates.;Total Exports;Quantity;Rwanda;European Union All Countries
Feb 2025;989082;2609 - Tin ores and concentrates.;Total Exports;Net Weight(Kg);Rwanda;European Union All Countries
Feb 2023;990000;26 - Ores, slag and ash.;Total Imports;Net Weight(Kg);Kenya;SADC
Feb 2023;990000;26 - Ores, slag and ash.;Total Imports;Quantity;Kenya;SADC
Nov 2024;994080;2608 - Zinc ores and concentrates.;Total Exports;Net Weight(Kg);Kenya;ASEAN
Nov 2024;994080;2608 - Zinc ores and concentrates.;Total Exports;Quantity;Kenya;ASEAN
Sep 2024;999231;26 - Ores, slag and ash.;Total Exports;FOB Value (US$);DR Congo;SADC
Feb 2023;1000000;26 - Ores, slag and ash.;Total Exports;Net Weight(Kg);United Republic of Tanzania;European Union All Countries
Apr 2021;1000000;26 - Ores, slag and ash.;Total Exports;Net Weight(Kg);United Republic of Tanzania;ASEAN
Sep 2023;1000000;26 - Ores, slag and ash.;Total Exports;Net Weight(Kg);United Republic of Tanzania;ASEAN
Jul 2025;1000000;26 - Ores, slag and ash.;Total Exports;Net Weight(Kg);Kenya;European Union All Countries
Dec 2020;1000000;26 - Ores, slag and ash.;Total Exports;Net Weight(Kg);Kenya;ASEAN
Feb 2021;1000000;26 - Ores, slag and ash.;Total Exports;Net Weight(Kg);Kenya;ASEAN
Apr 2021;1000000;26 - Ores, slag and ash.;Total Exports;Net Weight(Kg);Kenya;ASEAN
May 2021;1000000;26 - Ores, slag and ash.;Total Exports;Net Weight(Kg);Kenya;ASEAN
Oct 2022;1000000;26 - Ores, slag and ash.;Total Exports;Net Weight(Kg);Kenya;ASEAN
Apr 2023;1000000;26 - Ores, slag and ash.;Total Exports;Net Weight(Kg);Kenya;ASEAN
Jul 2024;1000000;26 - Ores, slag and ash.;Total Exports;Net Weight(Kg);Kenya;ASEAN
Aug 2024;1000000;26 - Ores, slag and ash.;Total Exports;Net Weight(Kg);Kenya;ASEAN
Sep 2023;1000000;2603 - Copper ores and concentrates.;Total Exports;Net Weight(Kg);United Republic of Tanzania;ASEAN
Apr 2020;1000000;2614 - Titanium ores and concentrates.;Total Exports;Net Weight(Kg);Kenya;ASEAN
Dec 2020;1000000;2614 - Titanium ores and concentrates.;Total Exports;Net Weight(Kg);Kenya;ASEAN
Feb 2021;1000000;2614 - Titanium ores and concentrates.;Total Exports;Net Weight(Kg);Kenya;ASEAN
Apr 2021;1000000;2614 - Titanium ores and concentrates.;Total Exports;Net Weight(Kg);Kenya;ASEAN
May 2021;1000000;2614 - Titanium ores and concentrates.;Total Exports;Net Weight(Kg);Kenya;ASEAN
Feb 2022;1000000;2614 - Titanium ores and concentrates.;Total Exports;Net Weight(Kg);Kenya;ASEAN
Oct 2022;1000000;2614 - Titanium ores and concentrates.;Total Exports;Net Weight(Kg);Kenya;ASEAN
Apr 2023;1000000;2614 - Titanium ores and concentrates.;Total Exports;Net Weight(Kg);Kenya;ASEAN
Oct 2023;1000000;2614 - Titanium ores and concentrates.;Total Exports;Net Weight(Kg);Kenya;ASEAN
Nov 2023;1000000;2614 - Titanium ores and concentrates.;Total Exports;Net Weight(Kg);Kenya;ASEAN
Jul 2024;1000000;2614 - Titanium ores and concentrates.;Total Exports;Net Weight(Kg);Kenya;ASEAN
Aug 2024;1000000;2614 - Titanium ores and concentrates.;Total Exports;Net Weight(Kg);Kenya;ASEAN
Feb 2025;1000000;2614 - Titanium ores and concentrates.;Total Exports;Net Weight(Kg);Kenya;ASEAN
Feb 2023;1000000;26 - Ores, slag and ash.;Total Exports;Quantity;United Republic of Tanzania;European Union All Countries
Apr 2021;1000000;26 - Ores, slag and ash.;Total Exports;Quantity;United Republic of Tanzania;ASEAN
Sep 2023;1000000;26 - Ores, slag and ash.;Total Exports;Quantity;United Republic of Tanzania;ASEAN
Jul 2025;1000000;26 - Ores, slag and ash.;Total Exports;Quantity;Kenya;European Union All Countries
Dec 2020;1000000;26 - Ores, slag and ash.;Total Exports;Quantity;Kenya;ASEAN
Feb 2021;1000000;26 - Ores, slag and ash.;Total Exports;Quantity;Kenya;ASEAN
Apr 2021;1000000;26 - Ores, slag and ash.;Total Exports;Quantity;Kenya;ASEAN
May 2021;1000000;26 - Ores, slag and ash.;Total Exports;Quantity;Kenya;ASEAN
Oct 2022;1000000;26 - Ores, slag and ash.;Total Exports;Quantity;Kenya;ASEAN
Apr 2023;1000000;26 - Ores, slag and ash.;Total Exports;Quantity;Kenya;ASEAN
Jul 2024;1000000;26 - Ores, slag and ash.;Total Exports;Quantity;Kenya;ASEAN
Aug 2024;1000000;26 - Ores, slag and ash.;Total Exports;Quantity;Kenya;ASEAN
Sep 2023;1000000;2603 - Copper ores and concentrates.;Total Exports;Quantity;United Republic of Tanzania;ASEAN
Apr 2020;1000000;2614 - Titanium ores and concentrates.;Total Exports;Quantity;Kenya;ASEAN
Dec 2020;1000000;2614 - Titanium ores and concentrates.;Total Exports;Quantity;Kenya;ASEAN
Feb 2021;1000000;2614 - Titanium ores and concentrates.;Total Exports;Quantity;Kenya;ASEAN
Apr 2021;1000000;2614 - Titanium ores and concentrates.;Total Exports;Quantity;Kenya;ASEAN
May 2021;1000000;2614 - Titanium ores and concentrates.;Total Exports;Quantity;Kenya;ASEAN
Feb 2022;1000000;2614 - Titanium ores and concentrates.;Total Exports;Quantity;Kenya;ASEAN
Oct 2022;1000000;2614 - Titanium ores and concentrates.;Total Exports;Quantity;Kenya;ASEAN
Apr 2023;1000000;2614 - Titanium ores and concentrates.;Total Exports;Quantity;Kenya;ASEAN
Oct 2023;1000000;2614 - Titanium ores and concentrates.;Total Exports;Quantity;Kenya;ASEAN
Nov 2023;1000000;2614 - Titanium ores and concentrates.;Total Exports;Quantity;Kenya;ASEAN
Jul 2024;1000000;2614 - Titanium ores and concentrates.;Total Exports;Quantity;Kenya;ASEAN
Aug 2024;1000000;2614 - Titanium ores and concentrates.;Total Exports;Quantity;Kenya;ASEAN
Feb 2025;1000000;2614 - Titanium ores and concentrates.;Total Exports;Quantity;Kenya;ASEAN
Oct 2020;1000325;2609 - Tin ores and concentrates.;Total Exports;Net Weight(Kg);United Republic of Tanzania;SADC
Oct 2020;1000325;2609 - Tin ores and concentrates.;Total Exports;Quantity;United Republic of Tanzania;SADC
Sep 2021;1009500;26 - Ores, slag and ash.;Total Imports;Net Weight(Kg);United Republic of Tanzania;SADC
Sep 2021;1009500;26 - Ores, slag and ash.;Total Imports;Quantity;United Republic of Tanzania;SADC
May 2024;1015630;26 - Ores, slag and ash.;Total Imports;Net Weight(Kg);Kenya;SADC
May 2024;1015630;26 - Ores, slag and ash.;Total Imports;Quantity;Kenya;SADC
Oct 2020;1017550;7108 - Gold (including gold plated with platinum) unwrought or in semi-manufactured forms, or in powder form.;Total Exports;Net Weight(Kg);Kenya;SADC
Oct 2020;1017550;71081300 - Gold (including gold plated with platinum) unwrought or in semi-manufactured forms, or in powder form.- Non-monetary:-- Other semi-manufactured forms;Total Exports;Net Weight(Kg);Kenya;SADC
Aug 2021;1032610;26 - Ores, slag and ash.;Total Exports;Net Weight(Kg);Rwanda;European Union All Countries
Aug 2021;1032610;26 - Ores, slag and ash.;Total Exports;Quantity;Rwanda;European Union All Countries
Jun 2023;1032680;26 - Ores, slag and ash.;Total Exports;Quantity;Rwanda;ASEAN
Jun 2023;1032685;26 - Ores, slag and ash.;Total Exports;Net Weight(Kg);Rwanda;ASEAN
Feb 2021;1037710;2609 - Tin ores and concentrates.;Total Exports;Quantity;Rwanda;ASEAN
Feb 2021;1038310;2609 - Tin ores and concentrates.;Total Exports;Net Weight(Kg);Rwanda;ASEAN
Aug 2021;1040000;26 - Ores, slag and ash.;Total Exports;Net Weight(Kg);Kenya;ASEAN
Apr 2024;1040000;2614 - Titanium ores and concentrates.;Total Exports;Net Weight(Kg);Kenya;European Union All Countries
Aug 2021;1040000;26 - Ores, slag and ash.;Total Exports;Quantity;Kenya;ASEAN
Apr 2024;1040000;2614 - Titanium ores and concentrates.;Total Exports;Quantity;Kenya;European Union All Countries
Jul 2024;1050000;2601 - Iron ores and concentrates, including roasted iron pyrites.;Total Imports;Net Weight(Kg);United Republic of Tanzania;SADC
Jul 2024;1050000;26011100 - Iron ores and concentrates, including roasted iron pyrites. - Iron ores and concentrates, other than roasted iron pyrites: -- Non-agglomerated;Total Imports;Net Weight(Kg);United Republic of Tanzania;SADC
Jul 2024;1050000;2601 - Iron ores and concentrates, including roasted iron pyrites.;Total Imports;Quantity;United Republic of Tanzania;SADC
Jul 2024;1050000;26011100 - Iron ores and concentrates, including roasted iron pyrites. - Iron ores and concentrates, other than roasted iron pyrites: -- Non-agglomerated;Total Imports;Quantity;United Republic of Tanzania;SADC
Jul 2025;1051050;26 - Ores, slag and ash.;Total Imports;Net Weight(Kg);Kenya;SADC
Jul 2025;1051050;26 - Ores, slag and ash.;Total Imports;Quantity;Kenya;SADC
Sep 2025;1058500;26 - Ores, slag and ash.;Total Exports;Net Weight(Kg);Kenya;ASEAN
Sep 2025;1058500;26 - Ores, slag and ash.;Total Exports;Quantity;Kenya;ASEAN
Apr 2021;1070001;2609 - Tin ores and concentrates.;Total Exports;FOB Value (US$);DR Congo;SADC
Apr 2023;1075356;7108 - Gold (including gold plated with platinum) unwrought or in semi-manufactured forms, or in powder form.;Total Exports;Net Weight(Kg);United Republic of Tanzania;SADC
Apr 2023;1075356;71081200 - Gold (including gold plated with platinum) unwrought or in semi-manufactured forms, or in powder form.- Non-monetary:-- Other unwrought forms;Total Exports;Net Weight(Kg);United Republic of Tanzania;SADC
Apr 2023;1075356;7108 - Gold (including gold plated with platinum) unwrought or in semi-manufactured forms, or in powder form.;Total Exports;Quantity;United Republic of Tanzania;SADC
Apr 2023;1075356;71081200 - Gold (including gold plated with platinum) unwrought or in semi-manufactured forms, or in powder form.- Non-monetary:-- Other unwrought forms;Total Exports;Quantity;United Republic of Tanzania;SADC
Jan 2024;1076000;26 - Ores, slag and ash.;Total Imports;Net Weight(Kg);Rwanda;SADC
Jan 2024;1076000;2609 - Tin ores and concentrates.;Total Imports;Net Weight(Kg);Rwanda;SADC
Jan 2024;1076000;26 - Ores, slag and ash.;Total Imports;Quantity;Rwanda;SADC
Jan 2024;1076000;2609 - Tin ores and concentrates.;Total Imports;Quantity;Rwanda;SADC
Jun 2020;1076650;26 - Ores, slag and ash.;Total Exports;Quantity;Rwanda;European Union All Countries
Jun 2020;1076660;26 - Ores, slag and ash.;Total Exports;Net Weight(Kg);Rwanda;European Union All Countries
Aug 2023;1077111;7108 - Gold (including gold plated with platinum) unwrought or in semi-manufactured forms, or in powder form.;Total Exports;Net Weight(Kg);Kenya;SADC
Aug 2023;1077111;71081300 - Gold (including gold plated with platinum) unwrought or in semi-manufactured forms, or in powder form.- Non-monetary:-- Other semi-manufactured forms;Total Exports;Net Weight(Kg);Kenya;SADC
Aug 2023;1077111;7108 - Gold (including gold plated with platinum) unwrought or in semi-manufactured forms, or in powder form.;Total Exports;Quantity;Kenya;SADC
Aug 2023;1077111;71081300 - Gold (including gold plated with platinum) unwrought or in semi-manufactured forms, or in powder form.- Non-monetary:-- Other semi-manufactured forms;Total Exports;Quantity;Kenya;SADC
Aug 2021;1089440;26 - Ores, slag and ash.;Total Exports;Quantity;Rwanda;ASEAN
Aug 2021;1089445;26 - Ores, slag and ash.;Total Exports;Net Weight(Kg);Rwanda;ASEAN
Sep 2020;1089840;2609 - Tin ores and concentrates.;Total Exports;FOB Value (US$);DR Congo;European Union All Countries
Jan 2022;1091516;7108 - Gold (including gold plated with platinum) unwrought or in semi-manufactured forms, or in powder form.;Total Exports;Net Weight(Kg);United Republic of Tanzania;SADC
Jan 2022;1091516;71081200 - Gold (including gold plated with platinum) unwrought or in semi-manufactured forms, or in powder form.- Non-monetary:-- Other unwrought forms;Total Exports;Net Weight(Kg);United Republic of Tanzania;SADC
Jul 2022;1093932;7108 - Gold (including gold plated with platinum) unwrought or in semi-manufactured forms, or in powder form.;Total Exports;Net Weight(Kg);Kenya;SADC
Jul 2022;1093932;71081300 - Gold (including gold plated with platinum) unwrought or in semi-manufactured forms, or in powder form.- Non-monetary:-- Other semi-manufactured forms;Total Exports;Net Weight(Kg);Kenya;SADC
Jul 2022;1093932;7108 - Gold (including gold plated with platinum) unwrought or in semi-manufactured forms, or in powder form.;Total Exports;Quantity;Kenya;SADC
Jul 2022;1093932;71081300 - Gold (including gold plated with platinum) unwrought or in semi-manufactured forms, or in powder form.- Non-monetary:-- Other semi-manufactured forms;Total Exports;Quantity;Kenya;SADC
Nov 2021;1097280;26 - Ores, slag and ash.;Total Imports;Net Weight(Kg);Kenya;European Union All Countries
Nov 2021;1097280;26 - Ores, slag and ash.;Total Imports;Quantity;Kenya;European Union All Countries
Jul 2025;1101186;2603 - Copper ores and concentrates.;Total Exports;FOB Value (US$);DR Congo;European Union All Countries
Oct 2025;1107224;2603 - Copper ores and concentrates.;Total Exports;FOB Value (US$);DR Congo;SADC
Jul 2022;1110635;26 - Ores, slag and ash.;Total Exports;Net Weight(Kg);Rwanda;European Union All Countries
Jul 2022;1110640;26 - Ores, slag and ash.;Total Exports;Quantity;Rwanda;European Union All Countries
Feb 2024;1120000;26 - Ores, slag and ash.;Total Exports;Net Weight(Kg);Kenya;ASEAN
Apr 2020;1120000;2614 - Titanium ores and concentrates.;Total Exports;Net Weight(Kg);Kenya;European Union All Countries
Aug 2022;1120000;2614 - Titanium ores and concentrates.;Total Exports;Net Weight(Kg);Kenya;European Union All Countries
Jan 2023;1120000;2614 - Titanium ores and concentrates.;Total Exports;Net Weight(Kg);Kenya;European Union All Countries
Dec 2023;1120000;2614 - Titanium ores and concentrates.;Total Exports;Net Weight(Kg);Kenya;European Union All Countries
Feb 2024;1120000;2614 - Titanium ores and concentrates.;Total Exports;Net Weight(Kg);Kenya;European Union All Countries
Feb 2024;1120000;26 - Ores, slag and ash.;Total Exports;Quantity;Kenya;ASEAN
Apr 2020;1120000;2614 - Titanium ores and concentrates.;Total Exports;Quantity;Kenya;European Union All Countries
Aug 2022;1120000;2614 - Titanium ores and concentrates.;Total Exports;Quantity;Kenya;European Union All Countries
Jan 2023;1120000;2614 - Titanium ores and concentrates.;Total Exports;Quantity;Kenya;European Union All Countries
Dec 2023;1120000;2614 - Titanium ores and concentrates.;Total Exports;Quantity;Kenya;European Union All Countries
Feb 2024;1120000;2614 - Titanium ores and concentrates.;Total Exports;Quantity;Kenya;European Union All Countries
Jun 2022;1126140;2609 - Tin ores and concentrates.;Total Exports;Quantity;Rwanda;ASEAN
Jun 2022;1126145;2609 - Tin ores and concentrates.;Total Exports;Net Weight(Kg);Rwanda;ASEAN
Oct 2025;1126500;26 - Ores, slag and ash.;Total Imports;Net Weight(Kg);DR Congo;SADC
Dec 2022;1136070;26 - Ores, slag and ash.;Total Exports;Quantity;Rwanda;ASEAN
Dec 2022;1136080;26 - Ores, slag and ash.;Total Exports;Net Weight(Kg);Rwanda;ASEAN
Jun 2020;1137640;26 - Ores, slag and ash.;Total Exports;Net Weight(Kg);Rwanda;ASEAN
Jun 2020;1137640;26 - Ores, slag and ash.;Total Exports;Quantity;Rwanda;ASEAN
Dec 2024;1142560;26 - Ores, slag and ash.;Total Exports;Net Weight(Kg);DR Congo;European Union All Countries
Jan 2025;1150000;26 - Ores, slag and ash.;Total Exports;Net Weight(Kg);Kenya;European Union All Countries
Jan 2025;1150000;26 - Ores, slag and ash.;Total Exports;Quantity;Kenya;European Union All Countries
Aug 2025;1150000;7108 - Gold (including gold plated with platinum) unwrought or in semi-manufactured forms, or in powder form.;Total Imports;Quantity;Rwanda;SADC
Aug 2025;1150000;71081200 - Gold (including gold plated with platinum) unwrought or in semi-manufactured forms, or in powder form.- Non-monetary:-- Other unwrought forms;Total Imports;Quantity;Rwanda;SADC
Jul 2025;1152850;2603 - Copper ores and concentrates.;Total Imports;Net Weight(Kg);DR Congo;SADC
Jul 2020;1155200;2609 - Tin ores and concentrates.;Total Exports;Net Weight(Kg);DR Congo;European Union All Countries
Sep 2023;1155625;26 - Ores, slag and ash.;Total Imports;CIF Value (US$);United Republic of Tanzania;SADC
Sep 2023;1155625;2601 - Iron ores and concentrates, including roasted iron pyrites.;Total Imports;CIF Value (US$);United Republic of Tanzania;SADC
Sep 2023;1155625;26011100 - Iron ores and concentrates, including roasted iron pyrites. - Iron ores and concentrates, other than roasted iron pyrites: -- Non-agglomerated;Total Imports;CIF Value (US$);United Republic of Tanzania;SADC
May 2020;1167240;26 - Ores, slag and ash.;Total Exports;FOB Value (US$);DR Congo;ASEAN
Jan 2021;1169540;26 - Ores, slag and ash.;Total Exports;Quantity;Rwanda;ASEAN
Jan 2021;1170920;26 - Ores, slag and ash.;Total Exports;Net Weight(Kg);Rwanda;ASEAN
Oct 2020;1176000;2609 - Tin ores and concentrates.;Total Exports;Net Weight(Kg);DR Congo;European Union All Countries
May 2021;1189517;7108 - Gold (including gold plated with platinum) unwrought or in semi-manufactured forms, or in powder form.;Total Exports;Net Weight(Kg);United Republic of Tanzania;SADC
May 2021;1189517;71081200 - Gold (including gold plated with platinum) unwrought or in semi-manufactured forms, or in powder form.- Non-monetary:-- Other unwrought forms;Total Exports;Net Weight(Kg);United Republic of Tanzania;SADC
May 2021;1189517;7108 - Gold (including gold plated with platinum) unwrought or in semi-manufactured forms, or in powder form.;Total Exports;Quantity;United Republic of Tanzania;SADC
May 2021;1189517;71081200 - Gold (including gold plated with platinum) unwrought or in semi-manufactured forms, or in powder form.- Non-monetary:-- Other unwrought forms;Total Exports;Quantity;United Republic of Tanzania;SADC
Dec 2021;1200000;26 - Ores, slag and ash.;Total Exports;Net Weight(Kg);Rwanda;SADC
Jul 2024;1200000;26 - Ores, slag and ash.;Total Imports;Net Weight(Kg);United Republic of Tanzania;SADC
Nov 2024;1200000;26 - Ores, slag and ash.;Total Imports;Net Weight(Kg);United Republic of Tanzania;SADC
Nov 2024;1200000;2601 - Iron ores and concentrates, including roasted iron pyrites.;Total Imports;Net Weight(Kg);United Republic of Tanzania;SADC
Mar 2025;1200000;2601 - Iron ores and concentrates, including roasted iron pyrites.;Total Imports;Net Weight(Kg);United Republic of Tanzania;SADC
Jul 2025;1200000;2601 - Iron ores and concentrates, including roasted iron pyrites.;Total Imports;Net Weight(Kg);United Republic of Tanzania;SADC
Aug 2025;1200000;26011200 - Iron ores and concentrates, including roasted iron pyrites. - Iron ores and concentrates, other than roasted iron pyrites: -- Agglomerated;Total Imports;Net Weight(Kg);United Republic of Tanzania;SADC
Nov 2024;1200000;26012000 - Iron ores and concentrates, including roasted iron pyrites. - Roasted iron pyrites;Total Imports;Net Weight(Kg);United Republic of Tanzania;SADC
Dec 2021;1200000;26 - Ores, slag and ash.;Total Exports;Quantity;Rwanda;SADC
Jul 2024;1200000;26 - Ores, slag and ash.;Total Imports;Quantity;United Republic of Tanzania;SADC
Nov 2024;1200000;26 - Ores, slag and ash.;Total Imports;Quantity;United Republic of Tanzania;SADC
Nov 2024;1200000;2601 - Iron ores and concentrates, including roasted iron pyrites.;Total Imports;Quantity;United Republic of Tanzania;SADC
Mar 2025;1200000;2601 - Iron ores and concentrates, including roasted iron pyrites.;Total Imports;Quantity;United Republic of Tanzania;SADC
Jul 2025;1200000;2601 - Iron ores and concentrates, including roasted iron pyrites.;Total Imports;Quantity;United Republic of Tanzania;SADC
Aug 2025;1200000;26011200 - Iron ores and concentrates, including roasted iron pyrites. - Iron ores and concentrates, other than roasted iron pyrites: -- Agglomerated;Total Imports;Quantity;United Republic of Tanzania;SADC
Nov 2024;1200000;26012000 - Iron ores and concentrates, including roasted iron pyrites. - Roasted iron pyrites;Total Imports;Quantity;United Republic of Tanzania;SADC
Feb 2021;1200008;2603 - Copper ores and concentrates.;Total Exports;FOB Value (US$);DR Congo;SADC
Oct 2020;1200325;26 - Ores, slag and ash.;Total Exports;Net Weight(Kg);United Republic of Tanzania;SADC
Oct 2020;1200325;26 - Ores, slag and ash.;Total Exports;Quantity;United Republic of Tanzania;SADC
Jun 2022;1203532;26 - Ores, slag and ash.;Total Exports;Net Weight(Kg);Rwanda;European Union All Countries
Jun 2022;1207290;26 - Ores, slag and ash.;Total Exports;Quantity;Rwanda;European Union All Countries
Jul 2025;1209200;2609 - Tin ores and concentrates.;Total Exports;Net Weight(Kg);Rwanda;European Union All Countries
Jul 2025;1209200;2609 - Tin ores and concentrates.;Total Exports;Quantity;Rwanda;European Union All Countries
Dec 2022;1210740;26 - Ores, slag and ash.;Total Exports;Quantity;Rwanda;European Union All Countries
Dec 2022;1211942;26 - Ores, slag and ash.;Total Exports;Net Weight(Kg);Rwanda;European Union All Countries
Jan 2025;1215000;26 - Ores, slag and ash.;Total Imports;Net Weight(Kg);United Republic of Tanzania;SADC
Jan 2025;1215000;26 - Ores, slag and ash.;Total Imports;Quantity;United Republic of Tanzania;SADC
Sep 2024;1220000;26 - Ores, slag and ash.;Total Exports;Net Weight(Kg);Kenya;ASEAN
Apr 2025;1220000;26 - Ores, slag and ash.;Total Imports;Net Weight(Kg);Kenya;SADC
Sep 2024;1220000;2614 - Titanium ores and concentrates.;Total Exports;Net Weight(Kg);Kenya;ASEAN
Sep 2024;1220000;26 - Ores, slag and ash.;Total Exports;Quantity;Kenya;ASEAN
Apr 2025;1220000;26 - Ores, slag and ash.;Total Imports;Quantity;Kenya;SADC
Sep 2024;1220000;2614 - Titanium ores and concentrates.;Total Exports;Quantity;Kenya;ASEAN
Sep 2023;1221480;26 - Ores, slag and ash.;Total Exports;Net Weight(Kg);Rwanda;ASEAN
Sep 2023;1221480;2609 - Tin ores and concentrates.;Total Exports;Net Weight(Kg);Rwanda;ASEAN
Sep 2023;1221480;26 - Ores, slag and ash.;Total Exports;Quantity;Rwanda;ASEAN
Sep 2023;1221480;2609 - Tin ores and concentrates.;Total Exports;Quantity;Rwanda;ASEAN
Oct 2024;1221960;2609 - Tin ores and concentrates.;Total Exports;Net Weight(Kg);Rwanda;European Union All Countries
Oct 2024;1224110;2609 - Tin ores and concentrates.;Total Exports;Quantity;Rwanda;European Union All Countries
Dec 2020;1227430;26 - Ores, slag and ash.;Total Exports;Quantity;Rwanda;ASEAN
Dec 2020;1227435;26 - Ores, slag and ash.;Total Exports;Net Weight(Kg);Rwanda;ASEAN
Apr 2022;1228850;2609 - Tin ores and concentrates.;Total Exports;Quantity;Rwanda;ASEAN
Apr 2022;1228855;2609 - Tin ores and concentrates.;Total Exports;Net Weight(Kg);Rwanda;ASEAN
Jul 2023;1231590;7108 - Gold (including gold plated with platinum) unwrought or in semi-manufactured forms, or in powder form.;Total Exports;Net Weight(Kg);DR Congo;ASEAN
Oct 2020;1232720;26 - Ores, slag and ash.;Total Exports;Quantity;Rwanda;ASEAN
Oct 2020;1232730;26 - Ores, slag and ash.;Total Exports;Net Weight(Kg);Rwanda;ASEAN
Oct 2025;1233318;26 - Ores, slag and ash.;Total Imports;Quantity;DR Congo;SADC
Nov 2022;1235870;26 - Ores, slag and ash.;Total Exports;Net Weight(Kg);Rwanda;European Union All Countries
Nov 2022;1235870;26 - Ores, slag and ash.;Total Exports;Quantity;Rwanda;European Union All Countries
Apr 2020;1236480;26 - Ores, slag and ash.;Total Exports;Net Weight(Kg);Rwanda;ASEAN
Apr 2020;1236500;26 - Ores, slag and ash.;Total Exports;Quantity;Rwanda;ASEAN
Jan 2025;1240320;2609 - Tin ores and concentrates.;Total Exports;Net Weight(Kg);Rwanda;ASEAN
Jan 2025;1240320;2609 - Tin ores and concentrates.;Total Exports;Quantity;Rwanda;ASEAN
Apr 2024;1241236;26 - Ores, slag and ash.;Total Exports;Net Weight(Kg);United Republic of Tanzania;SADC
Apr 2024;1241236;2603 - Copper ores and concentrates.;Total Exports;Net Weight(Kg);United Republic of Tanzania;SADC
Apr 2024;1241236;26 - Ores, slag and ash.;Total Exports;Quantity;United Republic of Tanzania;SADC
Apr 2024;1241236;2603 - Copper ores and concentrates.;Total Exports;Quantity;United Republic of Tanzania;SADC
Aug 2023;1242460;26 - Ores, slag and ash.;Total Exports;Quantity;Rwanda;ASEAN
Aug 2023;1242460;2609 - Tin ores and concentrates.;Total Exports;Quantity;Rwanda;ASEAN
Aug 2023;1242470;26 - Ores, slag and ash.;Total Exports;Net Weight(Kg);Rwanda;ASEAN
Aug 2023;1242470;2609 - Tin ores and concentrates.;Total Exports;Net Weight(Kg);Rwanda;ASEAN
Oct 2021;1248517;7108 - Gold (including gold plated with platinum) unwrought or in semi-manufactured forms, or in powder form.;Total Exports;Net Weight(Kg);United Republic of Tanzania;SADC
Oct 2021;1248517;71081200 - Gold (including gold plated with platinum) unwrought or in semi-manufactured forms, or in powder form.- Non-monetary:-- Other unwrought forms;Total Exports;Net Weight(Kg);United Republic of Tanzania;SADC
Oct 2021;1248517;7108 - Gold (including gold plated with platinum) unwrought or in semi-manufactured forms, or in powder form.;Total Exports;Quantity;United Republic of Tanzania;SADC
Oct 2021;1248517;71081200 - Gold (including gold plated with platinum) unwrought or in semi-manufactured forms, or in powder form.- Non-monetary:-- Other unwrought forms;Total Exports;Quantity;United Republic of Tanzania;SADC
Feb 2025;1250000;26 - Ores, slag and ash.;Total Exports;Net Weight(Kg);Kenya;ASEAN
Feb 2025;1250000;26 - Ores, slag and ash.;Total Exports;Quantity;Kenya;ASEAN
Feb 2021;1250618;7108 - Gold (including gold plated with platinum) unwrought or in semi-manufactured forms, or in powder form.;Total Exports;Net Weight(Kg);United Republic of Tanzania;SADC
Feb 2021;1250618;71081200 - Gold (including gold plated with platinum) unwrought or in semi-manufactured forms, or in powder form.- Non-monetary:-- Other unwrought forms;Total Exports;Net Weight(Kg);United Republic of Tanzania;SADC
Feb 2021;1250618;7108 - Gold (including gold plated with platinum) unwrought or in semi-manufactured forms, or in powder form.;Total Exports;Quantity;United Republic of Tanzania;SADC
Feb 2021;1250618;71081200 - Gold (including gold plated with platinum) unwrought or in semi-manufactured forms, or in powder form.- Non-monetary:-- Other unwrought forms;Total Exports;Quantity;United Republic of Tanzania;SADC
Feb 2025;1251400;2609 - Tin ores and concentrates.;Total Exports;Quantity;Rwanda;ASEAN
Feb 2025;1251405;2609 - Tin ores and concentrates.;Total Exports;Net Weight(Kg);Rwanda;ASEAN
Jul 2023;1260364;26 - Ores, slag and ash.;Total Exports;FOB Value (US$);Uganda;European Union All Countries
Jun 2025;1260790;26 - Ores, slag and ash.;Total Exports;Net Weight(Kg);Kenya;European Union All Countries
Jun 2025;1260790;26 - Ores, slag and ash.;Total Exports;Quantity;Kenya;European Union All Countries
May 2023;1260996;26 - Ores, slag and ash.;Total Exports;FOB Value (US$);Uganda;European Union All Countries
Mar 2021;1265190;26 - Ores, slag and ash.;Total Exports;Net Weight(Kg);DR Congo;SADC
Mar 2021;1265190;2603 - Copper ores and concentrates.;Total Exports;Net Weight(Kg);DR Congo;SADC
Jul 2024;1266000;26 - Ores, slag and ash.;Total Imports;Net Weight(Kg);DR Congo;SADC
Mar 2020;1268200;26 - Ores, slag and ash.;Total Exports;Net Weight(Kg);DR Congo;ASEAN
Feb 2022;1274000;26 - Ores, slag and ash.;Total Exports;Net Weight(Kg);DR Congo;ASEAN
Feb 2021;1278410;26 - Ores, slag and ash.;Total Exports;Quantity;Rwanda;ASEAN
Feb 2021;1279010;26 - Ores, slag and ash.;Total Exports;Net Weight(Kg);Rwanda;ASEAN
Aug 2020;1282715;26 - Ores, slag and ash.;Total Exports;Net Weight(Kg);Rwanda;ASEAN
Aug 2020;1282720;26 - Ores, slag and ash.;Total Exports;Quantity;Rwanda;ASEAN
Jan 2023;1283992;7108 - Gold (including gold plated with platinum) unwrought or in semi-manufactured forms, or in powder form.;Total Exports;Net Weight(Kg);United Republic of Tanzania;SADC
Jan 2023;1283992;71081200 - Gold (including gold plated with platinum) unwrought or in semi-manufactured forms, or in powder form.- Non-monetary:-- Other unwrought forms;Total Exports;Net Weight(Kg);United Republic of Tanzania;SADC
Jan 2023;1283992;7108 - Gold (including gold plated with platinum) unwrought or in semi-manufactured forms, or in powder form.;Total Exports;Quantity;United Republic of Tanzania;SADC
Jan 2023;1283992;71081200 - Gold (including gold plated with platinum) unwrought or in semi-manufactured forms, or in powder form.- Non-monetary:-- Other unwrought forms;Total Exports;Quantity;United Republic of Tanzania;SADC
Oct 2021;1289616;26 - Ores, slag and ash.;Total Exports;FOB Value (US$);Uganda;European Union All Countries
Sep 2021;1300000;26 - Ores, slag and ash.;Total Exports;Net Weight(Kg);Rwanda;SADC
Sep 2021;1300000;26 - Ores, slag and ash.;Total Exports;Quantity;Rwanda;SADC
Apr 2024;1302818;26 - Ores, slag and ash.;Total Exports;FOB Value (US$);DR Congo;SADC
Apr 2024;1302818;2603 - Copper ores and concentrates.;Total Exports;FOB Value (US$);DR Congo;SADC
Jul 2020;1310000;26 - Ores, slag and ash.;Total Exports;Net Weight(Kg);DR Congo;ASEAN
Jun 2021;1331895;26 - Ores, slag and ash.;Total Exports;Net Weight(Kg);Rwanda;ASEAN
Jun 2021;1331900;26 - Ores, slag and ash.;Total Exports;Quantity;Rwanda;ASEAN
Aug 2025;1332380;26 - Ores, slag and ash.;Total Imports;Net Weight(Kg);Uganda;SADC
Aug 2025;1332380;26 - Ores, slag and ash.;Total Imports;Quantity;Uganda;SADC
Feb 2020;1339610;26 - Ores, slag and ash.;Total Exports;Quantity;Rwanda;ASEAN
Sep 2020;1340040;7108 - Gold (including gold plated with platinum) unwrought or in semi-manufactured forms, or in powder form.;Total Exports;Quantity;DR Congo;European Union All Countries
Sep 2020;1340040;71081200 - Gold (including gold plated with platinum) unwrought or in semi-manufactured forms, or in powder form.- Non-monetary:-- Other unwrought forms;Total Exports;Quantity;DR Congo;European Union All Countries
Feb 2020;1340160;26 - Ores, slag and ash.;Total Exports;Net Weight(Kg);Rwanda;ASEAN
Aug 2021;1344000;2603 - Copper ores and concentrates.;Total Exports;Net Weight(Kg);DR Congo;European Union All Countries
Jul 2022;1350688;7108 - Gold (including gold plated with platinum) unwrought or in semi-manufactured forms, or in powder form.;Total Exports;Net Weight(Kg);United Republic of Tanzania;SADC
Jul 2022;1350688;71081200 - Gold (including gold plated with platinum) unwrought or in semi-manufactured forms, or in powder form.- Non-monetary:-- Other unwrought forms;Total Exports;Net Weight(Kg);United Republic of Tanzania;SADC
Jul 2022;1350688;7108 - Gold (including gold plated with platinum) unwrought or in semi-manufactured forms, or in powder form.;Total Exports;Quantity;United Republic of Tanzania;SADC
Jul 2022;1350688;71081200 - Gold (including gold plated with platinum) unwrought or in semi-manufactured forms, or in powder form.- Non-monetary:-- Other unwrought forms;Total Exports;Quantity;United Republic of Tanzania;SADC
Oct 2022;1364230;26 - Ores, slag and ash.;Total Exports;Net Weight(Kg);Rwanda;ASEAN
Oct 2022;1364230;2609 - Tin ores and concentrates.;Total Exports;Net Weight(Kg);Rwanda;ASEAN
Oct 2022;1364230;26 - Ores, slag and ash.;Total Exports;Quantity;Rwanda;ASEAN
Oct 2022;1364230;2609 - Tin ores and concentrates.;Total Exports;Quantity;Rwanda;ASEAN
Jun 2022;1375501;7108 - Gold (including gold plated with platinum) unwrought or in semi-manufactured forms, or in powder form.;Total Exports;Net Weight(Kg);United Republic of Tanzania;SADC
Jun 2022;1375501;71081200 - Gold (including gold plated with platinum) unwrought or in semi-manufactured forms, or in powder form.- Non-monetary:-- Other unwrought forms;Total Exports;Net Weight(Kg);United Republic of Tanzania;SADC
Jun 2022;1375501;7108 - Gold (including gold plated with platinum) unwrought or in semi-manufactured forms, or in powder form.;Total Exports;Quantity;United Republic of Tanzania;SADC
Jun 2022;1375501;71081200 - Gold (including gold plated with platinum) unwrought or in semi-manufactured forms, or in powder form.- Non-monetary:-- Other unwrought forms;Total Exports;Quantity;United Republic of Tanzania;SADC
Aug 2022;1380000;26 - Ores, slag and ash.;Total Imports;Net Weight(Kg);Kenya;SADC
Aug 2022;1380000;26 - Ores, slag and ash.;Total Imports;Quantity;Kenya;SADC
Sep 2021;1380860;26 - Ores, slag and ash.;Total Exports;Quantity;Rwanda;ASEAN
Sep 2021;1380865;26 - Ores, slag and ash.;Total Exports;Net Weight(Kg);Rwanda;ASEAN
May 2020;1381958;26 - Ores, slag and ash.;Total Exports;FOB Value (US$);United Republic of Tanzania;SADC
May 2020;1381958;2616 - Precious metal ores and concentrates.;Total Exports;FOB Value (US$);United Republic of Tanzania;SADC
Jul 2022;1385220;2609 - Tin ores and concentrates.;Total Exports;Net Weight(Kg);Rwanda;ASEAN
Jul 2022;1385230;2609 - Tin ores and concentrates.;Total Exports;Quantity;Rwanda;ASEAN
Aug 2022;1388780;2609 - Tin ores and concentrates.;Total Exports;Net Weight(Kg);Rwanda;ASEAN
Aug 2022;1388780;2609 - Tin ores and concentrates.;Total Exports;Quantity;Rwanda;ASEAN
Mar 2022;1389807;7108 - Gold (including gold plated with platinum) unwrought or in semi-manufactured forms, or in powder form.;Total Exports;Net Weight(Kg);United Republic of Tanzania;SADC
Mar 2022;1389807;71081200 - Gold (including gold plated with platinum) unwrought or in semi-manufactured forms, or in powder form.- Non-monetary:-- Other unwrought forms;Total Exports;Net Weight(Kg);United Republic of Tanzania;SADC
Mar 2022;1389807;7108 - Gold (including gold plated with platinum) unwrought or in semi-manufactured forms, or in powder form.;Total Exports;Quantity;United Republic of Tanzania;SADC
Mar 2022;1389807;71081200 - Gold (including gold plated with platinum) unwrought or in semi-manufactured forms, or in powder form.- Non-monetary:-- Other unwrought forms;Total Exports;Quantity;United Republic of Tanzania;SADC
Nov 2022;1400000;2614 - Titanium ores and concentrates.;Total Exports;Net Weight(Kg);Kenya;European Union All Countries
Nov 2022;1400000;2614 - Titanium ores and concentrates.;Total Exports;Quantity;Kenya;European Union All Countries
Mar 2025;1403690;26 - Ores, slag and ash.;Total Exports;Net Weight(Kg);Kenya;European Union All Countries
Mar 2025;1403690;26 - Ores, slag and ash.;Total Exports;Quantity;Kenya;European Union All Countries
Jan 2022;1419685;26 - Ores, slag and ash.;Total Exports;Net Weight(Kg);Rwanda;ASEAN
Jan 2022;1423040;26 - Ores, slag and ash.;Total Exports;Quantity;Rwanda;ASEAN
Nov 2021;1425018;7108 - Gold (including gold plated with platinum) unwrought or in semi-manufactured forms, or in powder form.;Total Exports;Net Weight(Kg);United Republic of Tanzania;SADC
Nov 2021;1425018;71081200 - Gold (including gold plated with platinum) unwrought or in semi-manufactured forms, or in powder form.- Non-monetary:-- Other unwrought forms;Total Exports;Net Weight(Kg);United Republic of Tanzania;SADC
Nov 2021;1425018;7108 - Gold (including gold plated with platinum) unwrought or in semi-manufactured forms, or in powder form.;Total Exports;Quantity;United Republic of Tanzania;SADC
Nov 2021;1425018;71081200 - Gold (including gold plated with platinum) unwrought or in semi-manufactured forms, or in powder form.- Non-monetary:-- Other unwrought forms;Total Exports;Quantity;United Republic of Tanzania;SADC
Dec 2021;1426887;7108 - Gold (including gold plated with platinum) unwrought or in semi-manufactured forms, or in powder form.;Total Exports;Quantity;DR Congo;ASEAN
Sep 2022;1428030;26 - Ores, slag and ash.;Total Exports;Quantity;Rwanda;ASEAN
Sep 2022;1428035;26 - Ores, slag and ash.;Total Exports;Net Weight(Kg);Rwanda;ASEAN
Jan 2025;1430510;26 - Ores, slag and ash.;Total Exports;Net Weight(Kg);DR Congo;European Union All Countries
Jul 2024;1438621;2504 - Natural graphite.;Total Exports;FOB Value (US$);United Republic of Tanzania;European Union All Countries
May 2024;1440000;2601 - Iron ores and concentrates, including roasted iron pyrites.;Total Imports;Net Weight(Kg);United Republic of Tanzania;SADC
May 2024;1440000;26012000 - Iron ores and concentrates, including roasted iron pyrites. - Roasted iron pyrites;Total Imports;Net Weight(Kg);United Republic of Tanzania;SADC
May 2024;1440000;2601 - Iron ores and concentrates, including roasted iron pyrites.;Total Imports;Quantity;United Republic of Tanzania;SADC
May 2024;1440000;26012000 - Iron ores and concentrates, including roasted iron pyrites. - Roasted iron pyrites;Total Imports;Quantity;United Republic of Tanzania;SADC
Jun 2021;1457931;7108 - Gold (including gold plated with platinum) unwrought or in semi-manufactured forms, or in powder form.;Total Exports;Quantity;DR Congo;ASEAN
Jun 2021;1457931;71081200 - Gold (including gold plated with platinum) unwrought or in semi-manufactured forms, or in powder form.- Non-monetary:-- Other unwrought forms;Total Exports;Quantity;DR Congo;ASEAN
Oct 2023;1472080;26 - Ores, slag and ash.;Total Exports;Net Weight(Kg);Rwanda;ASEAN
Oct 2023;1472080;2609 - Tin ores and concentrates.;Total Exports;Net Weight(Kg);Rwanda;ASEAN
Oct 2023;1472090;26 - Ores, slag and ash.;Total Exports;Quantity;Rwanda;ASEAN
Oct 2023;1472090;2609 - Tin ores and concentrates.;Total Exports;Quantity;Rwanda;ASEAN
Oct 2024;1480960;26 - Ores, slag and ash.;Total Exports;Quantity;Rwanda;ASEAN
Oct 2024;1480960;2609 - Tin ores and concentrates.;Total Exports;Quantity;Rwanda;ASEAN
Oct 2024;1480975;26 - Ores, slag and ash.;Total Exports;Net Weight(Kg);Rwanda;ASEAN
Oct 2024;1480975;2609 - Tin ores and concentrates.;Total Exports;Net Weight(Kg);Rwanda;ASEAN
Aug 2024;1486370;26 - Ores, slag and ash.;Total Exports;Quantity;Rwanda;ASEAN
Aug 2024;1486370;2609 - Tin ores and concentrates.;Total Exports;Quantity;Rwanda;ASEAN
Aug 2024;1486375;26 - Ores, slag and ash.;Total Exports;Net Weight(Kg);Rwanda;ASEAN
Aug 2024;1486375;2609 - Tin ores and concentrates.;Total Exports;Net Weight(Kg);Rwanda;ASEAN
Jun 2023;1488808;7108 - Gold (including gold plated with platinum) unwrought or in semi-manufactured forms, or in powder form.;Total Exports;Net Weight(Kg);United Republic of Tanzania;SADC
Jun 2023;1488808;71081200 - Gold (including gold plated with platinum) unwrought or in semi-manufactured forms, or in powder form.- Non-monetary:-- Other unwrought forms;Total Exports;Net Weight(Kg);United Republic of Tanzania;SADC
Jun 2023;1488808;7108 - Gold (including gold plated with platinum) unwrought or in semi-manufactured forms, or in powder form.;Total Exports;Quantity;United Republic of Tanzania;SADC
Jun 2023;1488808;71081200 - Gold (including gold plated with platinum) unwrought or in semi-manufactured forms, or in powder form.- Non-monetary:-- Other unwrought forms;Total Exports;Quantity;United Republic of Tanzania;SADC
Jul 2021;1492367;7108 - Gold (including gold plated with platinum) unwrought or in semi-manufactured forms, or in powder form.;Total Exports;Net Weight(Kg);United Republic of Tanzania;SADC
Jul 2021;1492367;71081200 - Gold (including gold plated with platinum) unwrought or in semi-manufactured forms, or in powder form.- Non-monetary:-- Other unwrought forms;Total Exports;Net Weight(Kg);United Republic of Tanzania;SADC
Jul 2021;1492367;7108 - Gold (including gold plated with platinum) unwrought or in semi-manufactured forms, or in powder form.;Total Exports;Quantity;United Republic of Tanzania;SADC
Jul 2021;1492367;71081200 - Gold (including gold plated with platinum) unwrought or in semi-manufactured forms, or in powder form.- Non-monetary:-- Other unwrought forms;Total Exports;Quantity;United Republic of Tanzania;SADC
Jan 2024;1494995;26 - Ores, slag and ash.;Total Exports;Net Weight(Kg);Rwanda;ASEAN
Jan 2024;1494995;2609 - Tin ores and concentrates.;Total Exports;Net Weight(Kg);Rwanda;ASEAN
Jan 2024;1495000;26 - Ores, slag and ash.;Total Exports;Quantity;Rwanda;ASEAN
Jan 2024;1495000;2609 - Tin ores and concentrates.;Total Exports;Quantity;Rwanda;ASEAN
Jun 2024;1495710;26 - Ores, slag and ash.;Total Exports;Net Weight(Kg);Rwanda;ASEAN
Jun 2024;1495710;2609 - Tin ores and concentrates.;Total Exports;Net Weight(Kg);Rwanda;ASEAN
Jun 2024;1495720;26 - Ores, slag and ash.;Total Exports;Quantity;Rwanda;ASEAN
Jun 2024;1495720;2609 - Tin ores and concentrates.;Total Exports;Quantity;Rwanda;ASEAN
Dec 2021;1497425;26 - Ores, slag and ash.;Total Exports;Net Weight(Kg);Rwanda;ASEAN
Jun 2020;1500000;26 - Ores, slag and ash.;Total Exports;Net Weight(Kg);Kenya;European Union All Countries
Feb 2025;1500000;2601 - Iron ores and concentrates, including roasted iron pyrites.;Total Imports;Net Weight(Kg);United Republic of Tanzania;SADC
Aug 2025;1500000;2601 - Iron ores and concentrates, including roasted iron pyrites.;Total Imports;Net Weight(Kg);United Republic of Tanzania;SADC
Jan 2020;1500000;2603 - Copper ores and concentrates.;Total Exports;Net Weight(Kg);DR Congo;ASEAN
Jun 2020;1500000;26 - Ores, slag and ash.;Total Exports;Quantity;Kenya;European Union All Countries
Feb 2025;1500000;2601 - Iron ores and concentrates, including roasted iron pyrites.;Total Imports;Quantity;United Republic of Tanzania;SADC
Aug 2025;1500000;2601 - Iron ores and concentrates, including roasted iron pyrites.;Total Imports;Quantity;United Republic of Tanzania;SADC
Dec 2021;1501230;26 - Ores, slag and ash.;Total Exports;Quantity;Rwanda;ASEAN
May 2025;1503360;26 - Ores, slag and ash.;Total Exports;Net Weight(Kg);Kenya;ASEAN
May 2025;1503360;26 - Ores, slag and ash.;Total Exports;Quantity;Kenya;ASEAN
Jul 2020;1508480;26 - Ores, slag and ash.;Total Exports;Net Weight(Kg);Rwanda;ASEAN
Jul 2020;1508480;26 - Ores, slag and ash.;Total Exports;Quantity;Rwanda;ASEAN
Oct 2021;1509380;26 - Ores, slag and ash.;Total Exports;Net Weight(Kg);Rwanda;European Union All Countries
Feb 2025;1511830;26 - Ores, slag and ash.;Total Exports;Quantity;Rwanda;ASEAN
Feb 2025;1511835;26 - Ores, slag and ash.;Total Exports;Net Weight(Kg);Rwanda;ASEAN
Aug 2021;1513385;7108 - Gold (including gold plated with platinum) unwrought or in semi-manufactured forms, or in powder form.;Total Exports;Net Weight(Kg);United Republic of Tanzania;SADC
Aug 2021;1513385;71081200 - Gold (including gold plated with platinum) unwrought or in semi-manufactured forms, or in powder form.- Non-monetary:-- Other unwrought forms;Total Exports;Net Weight(Kg);United Republic of Tanzania;SADC
Aug 2021;1513385;7108 - Gold (including gold plated with platinum) unwrought or in semi-manufactured forms, or in powder form.;Total Exports;Quantity;United Republic of Tanzania;SADC
Aug 2021;1513385;71081200 - Gold (including gold plated with platinum) unwrought or in semi-manufactured forms, or in powder form.- Non-monetary:-- Other unwrought forms;Total Exports;Quantity;United Republic of Tanzania;SADC
Jun 2022;1517478;7108 - Gold (including gold plated with platinum) unwrought or in semi-manufactured forms, or in powder form.;Total Exports;FOB Value (US$);DR Congo;ASEAN
Apr 2020;1520000;26 - Ores, slag and ash.;Total Exports;Net Weight(Kg);Kenya;ASEAN
Oct 2023;1520000;26 - Ores, slag and ash.;Total Exports;Net Weight(Kg);Kenya;ASEAN
Nov 2023;1520000;26 - Ores, slag and ash.;Total Exports;Net Weight(Kg);Kenya;ASEAN
Apr 2020;1520000;26 - Ores, slag and ash.;Total Exports;Quantity;Kenya;ASEAN
Oct 2023;1520000;26 - Ores, slag and ash.;Total Exports;Quantity;Kenya;ASEAN
Nov 2023;1520000;26 - Ores, slag and ash.;Total Exports;Quantity;Kenya;ASEAN
Apr 2025;1525840;26 - Ores, slag and ash.;Total Exports;Net Weight(Kg);DR Congo;European Union All Countries
Oct 2021;1532340;26 - Ores, slag and ash.;Total Exports;Quantity;Rwanda;European Union All Countries
Jul 2025;1550720;26 - Ores, slag and ash.;Total Exports;Net Weight(Kg);Rwanda;ASEAN
Jul 2025;1550720;26 - Ores, slag and ash.;Total Exports;Quantity;Rwanda;ASEAN
Mar 2022;1554286;26 - Ores, slag and ash.;Total Imports;CIF Value (US$);DR Congo;SADC
Feb 2022;1556280;26 - Ores, slag and ash.;Total Exports;Quantity;Rwanda;ASEAN
Feb 2022;1556285;26 - Ores, slag and ash.;Total Exports;Net Weight(Kg);Rwanda;ASEAN
Aug 2025;1561180;26 - Ores, slag and ash.;Total Exports;Net Weight(Kg);Rwanda;European Union All Countries
Aug 2025;1561180;26 - Ores, slag and ash.;Total Exports;Quantity;Rwanda;European Union All Countries
Jun 2022;1561520;26 - Ores, slag and ash.;Total Exports;Quantity;Rwanda;ASEAN
Jun 2022;1561525;26 - Ores, slag and ash.;Total Exports;Net Weight(Kg);Rwanda;ASEAN
Dec 2022;1582755;26 - Ores, slag and ash.;Total Imports;CIF Value (US$);DR Congo;European Union All Countries
Feb 2023;1600000;2614 - Titanium ores and concentrates.;Total Exports;Net Weight(Kg);Kenya;ASEAN
Feb 2023;1600000;2614 - Titanium ores and concentrates.;Total Exports;Quantity;Kenya;ASEAN
May 2025;1600330;26 - Ores, slag and ash.;Total Exports;Net Weight(Kg);DR Congo;European Union All Countries
Dec 2022;1605254;7108 - Gold (including gold plated with platinum) unwrought or in semi-manufactured forms, or in powder form.;Total Exports;Net Weight(Kg);United Republic of Tanzania;SADC
Dec 2022;1605254;71081200 - Gold (including gold plated with platinum) unwrought or in semi-manufactured forms, or in powder form.- Non-monetary:-- Other unwrought forms;Total Exports;Net Weight(Kg);United Republic of Tanzania;SADC
Dec 2022;1605254;7108 - Gold (including gold plated with platinum) unwrought or in semi-manufactured forms, or in powder form.;Total Exports;Quantity;United Republic of Tanzania;SADC
Dec 2022;1605254;71081200 - Gold (including gold plated with platinum) unwrought or in semi-manufactured forms, or in powder form.- Non-monetary:-- Other unwrought forms;Total Exports;Quantity;United Republic of Tanzania;SADC
Sep 2025;1607000;26 - Ores, slag and ash.;Total Imports;Net Weight(Kg);United Republic of Tanzania;SADC
Sep 2025;1607000;26 - Ores, slag and ash.;Total Imports;Quantity;United Republic of Tanzania;SADC
Oct 2023;1614710;26 - Ores, slag and ash.;Total Imports;Net Weight(Kg);United Republic of Tanzania;SADC
Oct 2023;1614710;26 - Ores, slag and ash.;Total Imports;Quantity;United Republic of Tanzania;SADC
Mar 2021;1624270;26 - Ores, slag and ash.;Total Exports;FOB Value (US$);DR Congo;SADC
Mar 2021;1624270;2603 - Copper ores and concentrates.;Total Exports;FOB Value (US$);DR Congo;SADC
Apr 2022;1625250;26 - Ores, slag and ash.;Total Exports;Quantity;Rwanda;ASEAN
Apr 2022;1625260;26 - Ores, slag and ash.;Total Exports;Net Weight(Kg);Rwanda;ASEAN
Mar 2022;1640000;26 - Ores, slag and ash.;Total Exports;Net Weight(Kg);Kenya;ASEAN
Mar 2022;1640000;26 - Ores, slag and ash.;Total Exports;Quantity;Kenya;ASEAN
Nov 2020;1678600;26 - Ores, slag and ash.;Total Exports;Net Weight(Kg);United Republic of Tanzania;European Union All Countries
Nov 2020;1678600;26 - Ores, slag and ash.;Total Exports;Quantity;United Republic of Tanzania;European Union All Countries
Dec 2023;1692970;2609 - Tin ores and concentrates.;Total Exports;Quantity;Rwanda;European Union All Countries
Dec 2023;1692976;2609 - Tin ores and concentrates.;Total Exports;Net Weight(Kg);Rwanda;European Union All Countries
Feb 2021;1700009;26 - Ores, slag and ash.;Total Exports;FOB Value (US$);DR Congo;SADC
Jul 2024;1700220;26 - Ores, slag and ash.;Total Exports;FOB Value (US$);DR Congo;ASEAN
Mar 2022;1700675;2609 - Tin ores and concentrates.;Total Exports;Net Weight(Kg);Rwanda;ASEAN
Mar 2022;1700680;2609 - Tin ores and concentrates.;Total Exports;Quantity;Rwanda;ASEAN
May 2024;1701630;2609 - Tin ores and concentrates.;Total Exports;Net Weight(Kg);Rwanda;European Union All Countries
May 2024;1701630;2609 - Tin ores and concentrates.;Total Exports;Quantity;Rwanda;European Union All Countries
Feb 2020;1703000;26 - Ores, slag and ash.;Total Exports;Net Weight(Kg);DR Congo;ASEAN
Sep 2025;1705920;26 - Ores, slag and ash.;Total Exports;Net Weight(Kg);Rwanda;European Union All Countries
Sep 2025;1705920;26 - Ores, slag and ash.;Total Exports;Quantity;Rwanda;European Union All Countries
Dec 2024;1713950;26 - Ores, slag and ash.;Total Exports;Quantity;Rwanda;ASEAN
Dec 2024;1713950;2609 - Tin ores and concentrates.;Total Exports;Quantity;Rwanda;ASEAN
Dec 2024;1713955;26 - Ores, slag and ash.;Total Exports;Net Weight(Kg);Rwanda;ASEAN
Dec 2024;1713955;2609 - Tin ores and concentrates.;Total Exports;Net Weight(Kg);Rwanda;ASEAN
Mar 2024;1714150;2609 - Tin ores and concentrates.;Total Exports;Quantity;Rwanda;European Union All Countries
Mar 2024;1715088;2609 - Tin ores and concentrates.;Total Exports;Net Weight(Kg);Rwanda;European Union All Countries
May 2022;1722845;2609 - Tin ores and concentrates.;Total Exports;Net Weight(Kg);Rwanda;ASEAN
May 2022;1722850;2609 - Tin ores and concentrates.;Total Exports;Quantity;Rwanda;ASEAN
Apr 2025;1728370;26 - Ores, slag and ash.;Total Exports;Quantity;Rwanda;European Union All Countries
Apr 2025;1728372;26 - Ores, slag and ash.;Total Exports;Net Weight(Kg);Rwanda;European Union All Countries
Apr 2021;1750000;26 - Ores, slag and ash.;Total Exports;Net Weight(Kg);Kenya;European Union All Countries
Apr 2021;1750000;26 - Ores, slag and ash.;Total Exports;Quantity;Kenya;European Union All Countries
Jun 2021;1751172;7108 - Gold (including gold plated with platinum) unwrought or in semi-manufactured forms, or in powder form.;Total Exports;Net Weight(Kg);United Republic of Tanzania;SADC
Jun 2021;1751172;71081200 - Gold (including gold plated with platinum) unwrought or in semi-manufactured forms, or in powder form.- Non-monetary:-- Other unwrought forms;Total Exports;Net Weight(Kg);United Republic of Tanzania;SADC
Jun 2021;1751172;7108 - Gold (including gold plated with platinum) unwrought or in semi-manufactured forms, or in powder form.;Total Exports;Quantity;United Republic of Tanzania;SADC
Jun 2021;1751172;71081200 - Gold (including gold plated with platinum) unwrought or in semi-manufactured forms, or in powder form.- Non-monetary:-- Other unwrought forms;Total Exports;Quantity;United Republic of Tanzania;SADC
Aug 2020;1752130;26 - Ores, slag and ash.;Total Exports;Net Weight(Kg);DR Congo;European Union All Countries
Oct 2021;1757410;26 - Ores, slag and ash.;Total Exports;Net Weight(Kg);DR Congo;SADC
Jun 2025;1768230;2609 - Tin ores and concentrates.;Total Exports;Quantity;Rwanda;ASEAN
Jun 2025;1768235;2609 - Tin ores and concentrates.;Total Exports;Net Weight(Kg);Rwanda;ASEAN
Oct 2025;1770000;26 - Ores, slag and ash.;Total Imports;Quantity;DR Congo;European Union All Countries
Nov 2023;1791409;26 - Ores, slag and ash.;Total Exports;Net Weight(Kg);Rwanda;European Union All Countries
Nov 2023;1791410;26 - Ores, slag and ash.;Total Exports;Quantity;Rwanda;European Union All Countries
Dec 2024;1793548;2504 - Natural graphite.;Total Imports;CIF Value (US$);DR Congo;SADC
Jun 2020;1793850;26 - Ores, slag and ash.;Total Exports;Net Weight(Kg);DR Congo;SADC
Jun 2020;1793850;2603 - Copper ores and concentrates.;Total Exports;Net Weight(Kg);DR Congo;SADC
May 2020;1795700;71081200 - Gold (including gold plated with platinum) unwrought or in semi-manufactured forms, or in powder form.- Non-monetary:-- Other unwrought forms;Total Imports;Quantity;Uganda;SADC
Apr 2022;1800000;26 - Ores, slag and ash.;Total Imports;Net Weight(Kg);Kenya;SADC
Apr 2022;1800000;2606 - Aluminium ores and concentrates.;Total Imports;Net Weight(Kg);Kenya;SADC
Nov 2023;1800000;2606 - Aluminium ores and concentrates.;Total Imports;Net Weight(Kg);Kenya;SADC
Apr 2022;1800000;26 - Ores, slag and ash.;Total Imports;Quantity;Kenya;SADC
Apr 2022;1800000;2606 - Aluminium ores and concentrates.;Total Imports;Quantity;Kenya;SADC
Nov 2023;1800000;2606 - Aluminium ores and concentrates.;Total Imports;Quantity;Kenya;SADC
Jul 2025;1800000;7110 - Platinum, unwrought or in semi-manufactured forms, or in powder form.;Total Exports;Quantity;Kenya;SADC
Nov 2020;1800870;26 - Ores, slag and ash.;Total Exports;Net Weight(Kg);Rwanda;ASEAN
Nov 2020;1800870;26 - Ores, slag and ash.;Total Exports;Quantity;Rwanda;ASEAN
Aug 2023;1813170;26 - Ores, slag and ash.;Total Exports;Net Weight(Kg);United Republic of Tanzania;European Union All Countries
Aug 2023;1813170;26 - Ores, slag and ash.;Total Exports;Quantity;United Republic of Tanzania;European Union All Countries
May 2025;1816580;26 - Ores, slag and ash.;Total Exports;Net Weight(Kg);Rwanda;ASEAN
May 2025;1816590;26 - Ores, slag and ash.;Total Exports;Quantity;Rwanda;ASEAN
Jun 2024;1822520;26 - Ores, slag and ash.;Total Imports;Net Weight(Kg);DR Congo;SADC
Jan 2024;1824706;26 - Ores, slag and ash.;Total Exports;Net Weight(Kg);Rwanda;European Union All Countries
Jan 2024;1824710;26 - Ores, slag and ash.;Total Exports;Quantity;Rwanda;European Union All Countries
Feb 2025;1841295;26 - Ores, slag and ash.;Total Imports;Net Weight(Kg);United Republic of Tanzania;SADC
Feb 2025;1841295;26 - Ores, slag and ash.;Total Imports;Quantity;United Republic of Tanzania;SADC
Nov 2022;1841992;7108 - Gold (including gold plated with platinum) unwrought or in semi-manufactured forms, or in powder form.;Total Exports;Net Weight(Kg);United Republic of Tanzania;SADC
Nov 2022;1841992;71081200 - Gold (including gold plated with platinum) unwrought or in semi-manufactured forms, or in powder form.- Non-monetary:-- Other unwrought forms;Total Exports;Net Weight(Kg);United Republic of Tanzania;SADC
Nov 2022;1841992;7108 - Gold (including gold plated with platinum) unwrought or in semi-manufactured forms, or in powder form.;Total Exports;Quantity;United Republic of Tanzania;SADC
Nov 2022;1841992;71081200 - Gold (including gold plated with platinum) unwrought or in semi-manufactured forms, or in powder form.- Non-monetary:-- Other unwrought forms;Total Exports;Quantity;United Republic of Tanzania;SADC
Nov 2022;1845585;26 - Ores, slag and ash.;Total Exports;Net Weight(Kg);Rwanda;ASEAN
Nov 2022;1849750;26 - Ores, slag and ash.;Total Exports;Quantity;Rwanda;ASEAN
Jan 2020;1850000;26 - Ores, slag and ash.;Total Exports;Net Weight(Kg);DR Congo;ASEAN
Jun 2025;1850290;26 - Ores, slag and ash.;Total Exports;Quantity;Rwanda;European Union All Countries
Jun 2025;1850304;26 - Ores, slag and ash.;Total Exports;Net Weight(Kg);Rwanda;European Union All Countries
Mar 2023;1867345;7108 - Gold (including gold plated with platinum) unwrought or in semi-manufactured forms, or in powder form.;Total Exports;Net Weight(Kg);United Republic of Tanzania;SADC
Mar 2023;1867345;71081200 - Gold (including gold plated with platinum) unwrought or in semi-manufactured forms, or in powder form.- Non-monetary:-- Other unwrought forms;Total Exports;Net Weight(Kg);United Republic of Tanzania;SADC
Mar 2023;1867345;7108 - Gold (including gold plated with platinum) unwrought or in semi-manufactured forms, or in powder form.;Total Exports;Quantity;United Republic of Tanzania;SADC
Mar 2023;1867345;71081200 - Gold (including gold plated with platinum) unwrought or in semi-manufactured forms, or in powder form.- Non-monetary:-- Other unwrought forms;Total Exports;Quantity;United Republic of Tanzania;SADC
Mar 2020;1873629;7108 - Gold (including gold plated with platinum) unwrought or in semi-manufactured forms, or in powder form.;Total Exports;Net Weight(Kg);United Republic of Tanzania;SADC
Mar 2020;1873629;71081200 - Gold (including gold plated with platinum) unwrought or in semi-manufactured forms, or in powder form.- Non-monetary:-- Other unwrought forms;Total Exports;Net Weight(Kg);United Republic of Tanzania;SADC
Mar 2020;1873629;7108 - Gold (including gold plated with platinum) unwrought or in semi-manufactured forms, or in powder form.;Total Exports;Quantity;United Republic of Tanzania;SADC
Mar 2020;1873629;71081200 - Gold (including gold plated with platinum) unwrought or in semi-manufactured forms, or in powder form.- Non-monetary:-- Other unwrought forms;Total Exports;Quantity;United Republic of Tanzania;SADC
Mar 2020;1910000;7108 - Gold (including gold plated with platinum) unwrought or in semi-manufactured forms, or in powder form.;Total Imports;Quantity;Rwanda;SADC
Mar 2020;1910000;71081200 - Gold (including gold plated with platinum) unwrought or in semi-manufactured forms, or in powder form.- Non-monetary:-- Other unwrought forms;Total Imports;Quantity;Rwanda;SADC
Nov 2020;1920000;2609 - Tin ores and concentrates.;Total Exports;Net Weight(Kg);DR Congo;European Union All Countries
Oct 2021;1920000;7108 - Gold (including gold plated with platinum) unwrought or in semi-manufactured forms, or in powder form.;Total Imports;Quantity;Rwanda;SADC
Oct 2021;1920000;71081200 - Gold (including gold plated with platinum) unwrought or in semi-manufactured forms, or in powder form.- Non-monetary:-- Other unwrought forms;Total Imports;Quantity;Rwanda;SADC
May 2023;1923727;7108 - Gold (including gold plated with platinum) unwrought or in semi-manufactured forms, or in powder form.;Total Exports;Net Weight(Kg);United Republic of Tanzania;SADC
May 2023;1923727;71081200 - Gold (including gold plated with platinum) unwrought or in semi-manufactured forms, or in powder form.- Non-monetary:-- Other unwrought forms;Total Exports;Net Weight(Kg);United Republic of Tanzania;SADC
May 2023;1923727;7108 - Gold (including gold plated with platinum) unwrought or in semi-manufactured forms, or in powder form.;Total Exports;Quantity;United Republic of Tanzania;SADC
May 2023;1923727;71081200 - Gold (including gold plated with platinum) unwrought or in semi-manufactured forms, or in powder form.- Non-monetary:-- Other unwrought forms;Total Exports;Quantity;United Republic of Tanzania;SADC
Apr 2021;1926900;2609 - Tin ores and concentrates.;Total Exports;Net Weight(Kg);DR Congo;European Union All Countries
Nov 2021;1928905;26 - Ores, slag and ash.;Total Exports;Net Weight(Kg);Rwanda;ASEAN
Jul 2024;1930223;2504 - Natural graphite.;Total Exports;Net Weight(Kg);United Republic of Tanzania;European Union All Countries
Jul 2024;1930223;2504 - Natural graphite.;Total Exports;Quantity;United Republic of Tanzania;European Union All Countries
Nov 2021;1933760;26 - Ores, slag and ash.;Total Exports;Quantity;Rwanda;ASEAN
Jun 2020;1960443;7108 - Gold (including gold plated with platinum) unwrought or in semi-manufactured forms, or in powder form.;Total Exports;Net Weight(Kg);United Republic of Tanzania;SADC
Jun 2020;1960443;71081200 - Gold (including gold plated with platinum) unwrought or in semi-manufactured forms, or in powder form.- Non-monetary:-- Other unwrought forms;Total Exports;Net Weight(Kg);United Republic of Tanzania;SADC
Jun 2020;1960443;7108 - Gold (including gold plated with platinum) unwrought or in semi-manufactured forms, or in powder form.;Total Exports;Quantity;United Republic of Tanzania;SADC
Jun 2020;1960443;71081200 - Gold (including gold plated with platinum) unwrought or in semi-manufactured forms, or in powder form.- Non-monetary:-- Other unwrought forms;Total Exports;Quantity;United Republic of Tanzania;SADC
Oct 2020;1968000;2603 - Copper ores and concentrates.;Total Exports;Net Weight(Kg);DR Congo;European Union All Countries
Dec 2020;1970436;7108 - Gold (including gold plated with platinum) unwrought or in semi-manufactured forms, or in powder form.;Total Exports;Net Weight(Kg);United Republic of Tanzania;SADC
Dec 2020;1970436;71081200 - Gold (including gold plated with platinum) unwrought or in semi-manufactured forms, or in powder form.- Non-monetary:-- Other unwrought forms;Total Exports;Net Weight(Kg);United Republic of Tanzania;SADC
Dec 2020;1970436;7108 - Gold (including gold plated with platinum) unwrought or in semi-manufactured forms, or in powder form.;Total Exports;Quantity;United Republic of Tanzania;SADC
Dec 2020;1970436;71081200 - Gold (including gold plated with platinum) unwrought or in semi-manufactured forms, or in powder form.- Non-monetary:-- Other unwrought forms;Total Exports;Quantity;United Republic of Tanzania;SADC
Oct 2020;1971876;7108 - Gold (including gold plated with platinum) unwrought or in semi-manufactured forms, or in powder form.;Total Exports;Net Weight(Kg);United Republic of Tanzania;SADC
Oct 2020;1971876;71081200 - Gold (including gold plated with platinum) unwrought or in semi-manufactured forms, or in powder form.- Non-monetary:-- Other unwrought forms;Total Exports;Net Weight(Kg);United Republic of Tanzania;SADC
Oct 2020;1971876;7108 - Gold (including gold plated with platinum) unwrought or in semi-manufactured forms, or in powder form.;Total Exports;Quantity;United Republic of Tanzania;SADC
Oct 2020;1971876;71081200 - Gold (including gold plated with platinum) unwrought or in semi-manufactured forms, or in powder form.- Non-monetary:-- Other unwrought forms;Total Exports;Quantity;United Republic of Tanzania;SADC
Feb 2021;1980000;7108 - Gold (including gold plated with platinum) unwrought or in semi-manufactured forms, or in powder form.;Total Imports;Quantity;Rwanda;SADC
Feb 2021;1980000;71081200 - Gold (including gold plated with platinum) unwrought or in semi-manufactured forms, or in powder form.- Non-monetary:-- Other unwrought forms;Total Imports;Quantity;Rwanda;SADC
Feb 2025;1997590;26 - Ores, slag and ash.;Total Exports;Net Weight(Kg);DR Congo;European Union All Countries
Apr 2021;2000000;26 - Ores, slag and ash.;Total Exports;Net Weight(Kg);United Republic of Tanzania;European Union All Countries
Mar 2023;2000000;26 - Ores, slag and ash.;Total Exports;Net Weight(Kg);Kenya;ASEAN
Jun 2023;2000000;26 - Ores, slag and ash.;Total Exports;Net Weight(Kg);Kenya;ASEAN
Jul 2021;2000000;2614 - Titanium ores and concentrates.;Total Exports;Net Weight(Kg);Kenya;ASEAN
Nov 2021;2000000;2614 - Titanium ores and concentrates.;Total Exports;Net Weight(Kg);Kenya;ASEAN
Dec 2021;2000000;2614 - Titanium ores and concentrates.;Total Exports;Net Weight(Kg);Kenya;ASEAN
Mar 2023;2000000;2614 - Titanium ores and concentrates.;Total Exports;Net Weight(Kg);Kenya;ASEAN
Jun 2023;2000000;2614 - Titanium ores and concentrates.;Total Exports;Net Weight(Kg);Kenya;ASEAN
Aug 2023;2000000;2614 - Titanium ores and concentrates.;Total Exports;Net Weight(Kg);Kenya;ASEAN
Nov 2024;2000000;2614 - Titanium ores and concentrates.;Total Exports;Net Weight(Kg);Kenya;ASEAN
Apr 2021;2000000;26 - Ores, slag and ash.;Total Exports;Quantity;United Republic of Tanzania;European Union All Countries
Mar 2023;2000000;26 - Ores, slag and ash.;Total Exports;Quantity;Kenya;ASEAN
Jun 2023;2000000;26 - Ores, slag and ash.;Total Exports;Quantity;Kenya;ASEAN
Jul 2021;2000000;2614 - Titanium ores and concentrates.;Total Exports;Quantity;Kenya;ASEAN
Nov 2021;2000000;2614 - Titanium ores and concentrates.;Total Exports;Quantity;Kenya;ASEAN
Dec 2021;2000000;2614 - Titanium ores and concentrates.;Total Exports;Quantity;Kenya;ASEAN
Mar 2023;2000000;2614 - Titanium ores and concentrates.;Total Exports;Quantity;Kenya;ASEAN
Jun 2023;2000000;2614 - Titanium ores and concentrates.;Total Exports;Quantity;Kenya;ASEAN
Aug 2023;2000000;2614 - Titanium ores and concentrates.;Total Exports;Quantity;Kenya;ASEAN
Nov 2024;2000000;2614 - Titanium ores and concentrates.;Total Exports;Quantity;Kenya;ASEAN
Aug 2025;2010000;26 - Ores, slag and ash.;Total Imports;Net Weight(Kg);United Republic of Tanzania;SADC
Aug 2025;2010000;26 - Ores, slag and ash.;Total Imports;Quantity;United Republic of Tanzania;SADC
Apr 2020;2017080;26 - Ores, slag and ash.;Total Exports;Net Weight(Kg);DR Congo;SADC
Apr 2020;2017080;2603 - Copper ores and concentrates.;Total Exports;Net Weight(Kg);DR Congo;SADC
Nov 2024;2017580;26 - Ores, slag and ash.;Total Exports;Quantity;Rwanda;European Union All Countries
Nov 2024;2017585;26 - Ores, slag and ash.;Total Exports;Net Weight(Kg);Rwanda;European Union All Countries
Jul 2024;2018835;26 - Ores, slag and ash.;Total Exports;Net Weight(Kg);Rwanda;European Union All Countries
Jul 2024;2018840;26 - Ores, slag and ash.;Total Exports;Quantity;Rwanda;European Union All Countries
Sep 2024;2020000;2614 - Titanium ores and concentrates.;Total Exports;Net Weight(Kg);Kenya;European Union All Countries
Sep 2024;2020000;2614 - Titanium ores and concentrates.;Total Exports;Quantity;Kenya;European Union All Countries
May 2021;2020000;7108 - Gold (including gold plated with platinum) unwrought or in semi-manufactured forms, or in powder form.;Total Imports;Quantity;Rwanda;SADC
May 2021;2020000;71081200 - Gold (including gold plated with platinum) unwrought or in semi-manufactured forms, or in powder form.- Non-monetary:-- Other unwrought forms;Total Imports;Quantity;Rwanda;SADC
Apr 2020;2020435;7108 - Gold (including gold plated with platinum) unwrought or in semi-manufactured forms, or in powder form.;Total Exports;Net Weight(Kg);United Republic of Tanzania;SADC
Apr 2020;2020435;71081200 - Gold (including gold plated with platinum) unwrought or in semi-manufactured forms, or in powder form.- Non-monetary:-- Other unwrought forms;Total Exports;Net Weight(Kg);United Republic of Tanzania;SADC
Apr 2020;2020435;7108 - Gold (including gold plated with platinum) unwrought or in semi-manufactured forms, or in powder form.;Total Exports;Quantity;United Republic of Tanzania;SADC
Apr 2020;2020435;71081200 - Gold (including gold plated with platinum) unwrought or in semi-manufactured forms, or in powder form.- Non-monetary:-- Other unwrought forms;Total Exports;Quantity;United Republic of Tanzania;SADC
Aug 2022;2031020;26 - Ores, slag and ash.;Total Exports;Net Weight(Kg);Rwanda;ASEAN
Aug 2022;2031020;26 - Ores, slag and ash.;Total Exports;Quantity;Rwanda;ASEAN
Jan 2020;2040000;2603 - Copper ores and concentrates.;Total Exports;FOB Value (US$);DR Congo;ASEAN
Aug 2025;2043460;26 - Ores, slag and ash.;Total Exports;Net Weight(Kg);Rwanda;ASEAN
Aug 2022;2047469;7108 - Gold (including gold plated with platinum) unwrought or in semi-manufactured forms, or in powder form.;Total Exports;Net Weight(Kg);United Republic of Tanzania;SADC
Aug 2022;2047469;71081200 - Gold (including gold plated with platinum) unwrought or in semi-manufactured forms, or in powder form.- Non-monetary:-- Other unwrought forms;Total Exports;Net Weight(Kg);United Republic of Tanzania;SADC
Aug 2022;2047469;7108 - Gold (including gold plated with platinum) unwrought or in semi-manufactured forms, or in powder form.;Total Exports;Quantity;United Republic of Tanzania;SADC
Aug 2022;2047469;71081200 - Gold (including gold plated with platinum) unwrought or in semi-manufactured forms, or in powder form.- Non-monetary:-- Other unwrought forms;Total Exports;Quantity;United Republic of Tanzania;SADC
Aug 2025;2048040;26 - Ores, slag and ash.;Total Exports;Quantity;Rwanda;ASEAN
Apr 2025;2077915;26 - Ores, slag and ash.;Total Exports;Net Weight(Kg);Rwanda;ASEAN
Apr 2025;2077920;26 - Ores, slag and ash.;Total Exports;Quantity;Rwanda;ASEAN
Mar 2021;2089070;26 - Ores, slag and ash.;Total Exports;Quantity;Rwanda;ASEAN
Mar 2021;2089075;26 - Ores, slag and ash.;Total Exports;Net Weight(Kg);Rwanda;ASEAN
Mar 2022;2099640;26 - Ores, slag and ash.;Total Exports;Net Weight(Kg);Rwanda;ASEAN
Mar 2022;2099650;26 - Ores, slag and ash.;Total Exports;Quantity;Rwanda;ASEAN
May 2021;2099710;26 - Ores, slag and ash.;Total Exports;Net Weight(Kg);Rwanda;ASEAN
May 2021;2099710;26 - Ores, slag and ash.;Total Exports;Quantity;Rwanda;ASEAN
Dec 2024;2100000;2601 - Iron ores and concentrates, including roasted iron pyrites.;Total Imports;Net Weight(Kg);United Republic of Tanzania;SADC
Dec 2024;2100000;26012000 - Iron ores and concentrates, including roasted iron pyrites. - Roasted iron pyrites;Total Imports;Net Weight(Kg);United Republic of Tanzania;SADC
Dec 2024;2100000;2601 - Iron ores and concentrates, including roasted iron pyrites.;Total Imports;Quantity;United Republic of Tanzania;SADC
Dec 2024;2100000;26012000 - Iron ores and concentrates, including roasted iron pyrites. - Roasted iron pyrites;Total Imports;Quantity;United Republic of Tanzania;SADC
Dec 2020;2109540;7108 - Gold (including gold plated with platinum) unwrought or in semi-manufactured forms, or in powder form.;Total Imports;Quantity;Rwanda;SADC
Dec 2020;2109540;71081200 - Gold (including gold plated with platinum) unwrought or in semi-manufactured forms, or in powder form.- Non-monetary:-- Other unwrought forms;Total Imports;Quantity;Rwanda;SADC
Feb 2021;2112600;26 - Ores, slag and ash.;Total Exports;Net Weight(Kg);DR Congo;European Union All Countries
Mar 2025;2112810;26 - Ores, slag and ash.;Total Exports;Net Weight(Kg);Rwanda;European Union All Countries
Mar 2025;2112810;26 - Ores, slag and ash.;Total Exports;Quantity;Rwanda;European Union All Countries
Jul 2022;2118065;26 - Ores, slag and ash.;Total Exports;Net Weight(Kg);Rwanda;ASEAN
Jul 2022;2118080;26 - Ores, slag and ash.;Total Exports;Quantity;Rwanda;ASEAN
Mar 2021;2130000;7108 - Gold (including gold plated with platinum) unwrought or in semi-manufactured forms, or in powder form.;Total Imports;Quantity;Rwanda;SADC
Nov 2022;2130000;7108 - Gold (including gold plated with platinum) unwrought or in semi-manufactured forms, or in powder form.;Total Imports;Quantity;Rwanda;SADC
Mar 2021;2130000;71081200 - Gold (including gold plated with platinum) unwrought or in semi-manufactured forms, or in powder form.- Non-monetary:-- Other unwrought forms;Total Imports;Quantity;Rwanda;SADC
Nov 2022;2130000;71081200 - Gold (including gold plated with platinum) unwrought or in semi-manufactured forms, or in powder form.- Non-monetary:-- Other unwrought forms;Total Imports;Quantity;Rwanda;SADC
Apr 2025;2135970;26 - Ores, slag and ash.;Total Imports;Net Weight(Kg);United Republic of Tanzania;SADC
Apr 2025;2135970;26 - Ores, slag and ash.;Total Imports;Quantity;United Republic of Tanzania;SADC
Jan 2025;2144045;26 - Ores, slag and ash.;Total Exports;Net Weight(Kg);Rwanda;European Union All Countries
Jan 2025;2144050;26 - Ores, slag and ash.;Total Exports;Quantity;Rwanda;European Union All Countries
Jan 2020;2152780;7108 - Gold (including gold plated with platinum) unwrought or in semi-manufactured forms, or in powder form.;Total Imports;Quantity;Rwanda;SADC
Jan 2020;2152780;71081200 - Gold (including gold plated with platinum) unwrought or in semi-manufactured forms, or in powder form.- Non-monetary:-- Other unwrought forms;Total Imports;Quantity;Rwanda;SADC
Jul 2025;2174080;26 - Ores, slag and ash.;Total Exports;Net Weight(Kg);Rwanda;European Union All Countries
Jul 2025;2174080;26 - Ores, slag and ash.;Total Exports;Quantity;Rwanda;European Union All Countries
Jan 2020;2178499;7108 - Gold (including gold plated with platinum) unwrought or in semi-manufactured forms, or in powder form.;Total Exports;Net Weight(Kg);United Republic of Tanzania;SADC
Jan 2020;2178499;71081200 - Gold (including gold plated with platinum) unwrought or in semi-manufactured forms, or in powder form.- Non-monetary:-- Other unwrought forms;Total Exports;Net Weight(Kg);United Republic of Tanzania;SADC
Jan 2020;2178499;7108 - Gold (including gold plated with platinum) unwrought or in semi-manufactured forms, or in powder form.;Total Exports;Quantity;United Republic of Tanzania;SADC
Jan 2020;2178499;71081200 - Gold (including gold plated with platinum) unwrought or in semi-manufactured forms, or in powder form.- Non-monetary:-- Other unwrought forms;Total Exports;Quantity;United Republic of Tanzania;SADC
Mar 2024;2189688;26 - Ores, slag and ash.;Total Imports;Net Weight(Kg);Rwanda;SADC
Mar 2024;2189688;2609 - Tin ores and concentrates.;Total Imports;Net Weight(Kg);Rwanda;SADC
Mar 2024;2189690;26 - Ores, slag and ash.;Total Imports;Quantity;Rwanda;SADC
Mar 2024;2189690;2609 - Tin ores and concentrates.;Total Imports;Quantity;Rwanda;SADC
Oct 2022;2191438;7108 - Gold (including gold plated with platinum) unwrought or in semi-manufactured forms, or in powder form.;Total Exports;Net Weight(Kg);United Republic of Tanzania;SADC
Oct 2022;2191438;71081200 - Gold (including gold plated with platinum) unwrought or in semi-manufactured forms, or in powder form.- Non-monetary:-- Other unwrought forms;Total Exports;Net Weight(Kg);United Republic of Tanzania;SADC
Oct 2022;2191438;7108 - Gold (including gold plated with platinum) unwrought or in semi-manufactured forms, or in powder form.;Total Exports;Quantity;United Republic of Tanzania;SADC
Oct 2022;2191438;71081200 - Gold (including gold plated with platinum) unwrought or in semi-manufactured forms, or in powder form.- Non-monetary:-- Other unwrought forms;Total Exports;Quantity;United Republic of Tanzania;SADC
Jul 2023;2193900;2603 - Copper ores and concentrates.;Total Exports;Net Weight(Kg);United Republic of Tanzania;European Union All Countries
Jul 2023;2193900;2603 - Copper ores and concentrates.;Total Exports;Quantity;United Republic of Tanzania;European Union All Countries
Jul 2023;2193913;26 - Ores, slag and ash.;Total Exports;Net Weight(Kg);United Republic of Tanzania;European Union All Countries
Jul 2023;2193913;26 - Ores, slag and ash.;Total Exports;Quantity;United Republic of Tanzania;European Union All Countries
Aug 2025;2195906;2603 - Copper ores and concentrates.;Total Exports;FOB Value (US$);DR Congo;European Union All Countries
Jul 2022;2203200;26 - Ores, slag and ash.;Total Imports;Net Weight(Kg);Kenya;European Union All Countries
Jul 2022;2203200;26 - Ores, slag and ash.;Total Imports;Quantity;Kenya;European Union All Countries
Jun 2024;2216980;26 - Ores, slag and ash.;Total Exports;Quantity;Rwanda;European Union All Countries
Jun 2024;2216990;26 - Ores, slag and ash.;Total Exports;Net Weight(Kg);Rwanda;European Union All Countries
Dec 2024;2240000;2614 - Titanium ores and concentrates.;Total Exports;Net Weight(Kg);Kenya;European Union All Countries
Dec 2024;2240000;2614 - Titanium ores and concentrates.;Total Exports;Quantity;Kenya;European Union All Countries
Apr 2025;2249126;26 - Ores, slag and ash.;Total Exports;Net Weight(Kg);Kenya;European Union All Countries
Apr 2025;2249126;26 - Ores, slag and ash.;Total Exports;Quantity;Kenya;European Union All Countries
Oct 2022;2252048;7111 - Base metals, silver or gold,clad with platinum, not further worked than semi-manufactured.;Total Imports;CIF Value (US$);DR Congo;SADC
Jan 2021;2252480;26 - Ores, slag and ash.;Total Exports;Net Weight(Kg);DR Congo;SADC
Jan 2021;2252480;2603 - Copper ores and concentrates.;Total Exports;Net Weight(Kg);DR Congo;SADC
May 2022;2256615;26 - Ores, slag and ash.;Total Exports;Net Weight(Kg);Rwanda;ASEAN
May 2022;2256620;26 - Ores, slag and ash.;Total Exports;Quantity;Rwanda;ASEAN
Dec 2024;2258420;26 - Ores, slag and ash.;Total Exports;Net Weight(Kg);Rwanda;European Union All Countries
Dec 2024;2258420;26 - Ores, slag and ash.;Total Exports;Quantity;Rwanda;European Union All Countries
Apr 2024;2262160;26 - Ores, slag and ash.;Total Exports;Quantity;Rwanda;European Union All Countries
Apr 2024;2262730;26 - Ores, slag and ash.;Total Exports;Net Weight(Kg);Rwanda;European Union All Countries
Feb 2020;2270000;7108 - Gold (including gold plated with platinum) unwrought or in semi-manufactured forms, or in powder form.;Total Imports;Quantity;Rwanda;SADC
Feb 2020;2270000;71081200 - Gold (including gold plated with platinum) unwrought or in semi-manufactured forms, or in powder form.- Non-monetary:-- Other unwrought forms;Total Imports;Quantity;Rwanda;SADC
Feb 2020;2270160;26 - Ores, slag and ash.;Total Exports;Net Weight(Kg);DR Congo;SADC
Feb 2020;2270160;2603 - Copper ores and concentrates.;Total Exports;Net Weight(Kg);DR Congo;SADC
Jul 2024;2274655;26 - Ores, slag and ash.;Total Exports;FOB Value (US$);DR Congo;SADC
Jul 2024;2274655;2603 - Copper ores and concentrates.;Total Exports;FOB Value (US$);DR Congo;SADC
Jun 2025;2289250;26 - Ores, slag and ash.;Total Exports;Quantity;Rwanda;ASEAN
Jun 2025;2289255;26 - Ores, slag and ash.;Total Exports;Net Weight(Kg);Rwanda;ASEAN
Jan 2025;2318015;26 - Ores, slag and ash.;Total Exports;Net Weight(Kg);Rwanda;ASEAN
Jul 2025;2320000;7106 - Silver (including silver plated with gold or platinum), unwrought or in semi-manufactured forms, or in powder form.;Total Imports;Quantity;Kenya;SADC
Jul 2025;2320000;71069200 - Silver (including silver plated with gold or platinum), unwrought or in semi-manufactured forms, or in powder form.- Other:-- Semi-manufactured;Total Imports;Quantity;Kenya;SADC
Jan 2025;2320960;26 - Ores, slag and ash.;Total Exports;Quantity;Rwanda;ASEAN
Sep 2022;2329414;7106 - Silver (including silver plated with gold or platinum), unwrought or in semi-manufactured forms, or in powder form.;Total Imports;CIF Value (US$);DR Congo;European Union All Countries
Sep 2022;2329414;71069100 - Silver (including silver plated with gold or platinum), unwrought or in semi-manufactured forms, or in powder form.- Other:-- Unwrought;Total Imports;CIF Value (US$);DR Congo;European Union All Countries
Sep 2025;2353720;26 - Ores, slag and ash.;Total Imports;Net Weight(Kg);DR Congo;SADC
Apr 2021;2363655;26 - Ores, slag and ash.;Total Exports;Net Weight(Kg);Rwanda;ASEAN
Apr 2021;2363660;26 - Ores, slag and ash.;Total Exports;Quantity;Rwanda;ASEAN
Nov 2022;2400000;26 - Ores, slag and ash.;Total Exports;Net Weight(Kg);Kenya;European Union All Countries
Aug 2022;2400000;26 - Ores, slag and ash.;Total Exports;Net Weight(Kg);Kenya;ASEAN
Jan 2022;2400000;2606 - Aluminium ores and concentrates.;Total Imports;Net Weight(Kg);Kenya;SADC
Aug 2022;2400000;2614 - Titanium ores and concentrates.;Total Exports;Net Weight(Kg);Kenya;ASEAN
Nov 2022;2400000;26 - Ores, slag and ash.;Total Exports;Quantity;Kenya;European Union All Countries
Aug 2022;2400000;26 - Ores, slag and ash.;Total Exports;Quantity;Kenya;ASEAN
Jan 2022;2400000;2606 - Aluminium ores and concentrates.;Total Imports;Quantity;Kenya;SADC
Aug 2022;2400000;2614 - Titanium ores and concentrates.;Total Exports;Quantity;Kenya;ASEAN
Oct 2021;2415120;26 - Ores, slag and ash.;Total Exports;Net Weight(Kg);Rwanda;ASEAN
Oct 2021;2415120;26 - Ores, slag and ash.;Total Exports;Quantity;Rwanda;ASEAN
Jan 2021;2425000;7108 - Gold (including gold plated with platinum) unwrought or in semi-manufactured forms, or in powder form.;Total Imports;Quantity;Rwanda;SADC
Jan 2021;2425000;71081200 - Gold (including gold plated with platinum) unwrought or in semi-manufactured forms, or in powder form.- Non-monetary:-- Other unwrought forms;Total Imports;Quantity;Rwanda;SADC
Feb 2024;2438630;26 - Ores, slag and ash.;Total Exports;Net Weight(Kg);Rwanda;European Union All Countries
Feb 2024;2438630;26 - Ores, slag and ash.;Total Exports;Quantity;Rwanda;European Union All Countries
May 2025;2461170;26 - Ores, slag and ash.;Total Exports;Quantity;Rwanda;European Union All Countries
May 2025;2461175;26 - Ores, slag and ash.;Total Exports;Net Weight(Kg);Rwanda;European Union All Countries
Sep 2022;2512300;71081200 - Gold (including gold plated with platinum) unwrought or in semi-manufactured forms, or in powder form.- Non-monetary:-- Other unwrought forms;Total Imports;Quantity;Uganda;SADC
Feb 2020;2520000;2609 - Tin ores and concentrates.;Total Exports;Net Weight(Kg);DR Congo;European Union All Countries
Sep 2022;2576260;7108 - Gold (including gold plated with platinum) unwrought or in semi-manufactured forms, or in powder form.;Total Imports;Quantity;Uganda;SADC
Feb 2025;2596400;26 - Ores, slag and ash.;Total Exports;Quantity;Rwanda;European Union All Countries
Feb 2025;2596407;26 - Ores, slag and ash.;Total Exports;Net Weight(Kg);Rwanda;European Union All Countries
Jul 2024;2600000;2614 - Titanium ores and concentrates.;Total Exports;Net Weight(Kg);Kenya;European Union All Countries
Jan 2023;2600000;2614 - Titanium ores and concentrates.;Total Exports;Net Weight(Kg);Kenya;ASEAN
Jul 2024;2600000;2614 - Titanium ores and concentrates.;Total Exports;Quantity;Kenya;European Union All Countries
Jan 2023;2600000;2614 - Titanium ores and concentrates.;Total Exports;Quantity;Kenya;ASEAN
Apr 2024;2604786;26 - Ores, slag and ash.;Total Imports;CIF Value (US$);Kenya;SADC
Aug 2022;2636240;2609 - Tin ores and concentrates.;Total Exports;Net Weight(Kg);DR Congo;SADC
Dec 2024;2640980;26 - Ores, slag and ash.;Total Imports;Net Weight(Kg);United Republic of Tanzania;SADC
Dec 2024;2640980;26 - Ores, slag and ash.;Total Imports;Quantity;United Republic of Tanzania;SADC
Dec 2022;2690870;26 - Ores, slag and ash.;Total Imports;Net Weight(Kg);United Republic of Tanzania;SADC
Dec 2022;2690870;26 - Ores, slag and ash.;Total Imports;Quantity;United Republic of Tanzania;SADC
Jun 2025;2708540;26 - Ores, slag and ash.;Total Exports;Net Weight(Kg);DR Congo;European Union All Countries
Aug 2023;2745030;26 - Ores, slag and ash.;Total Imports;Quantity;United Republic of Tanzania;SADC
Jul 2024;2747285;26 - Ores, slag and ash.;Total Exports;Net Weight(Kg);Rwanda;ASEAN
Jul 2024;2747285;2609 - Tin ores and concentrates.;Total Exports;Net Weight(Kg);Rwanda;ASEAN
Jul 2024;2747300;26 - Ores, slag and ash.;Total Exports;Quantity;Rwanda;ASEAN
Jul 2024;2747300;2609 - Tin ores and concentrates.;Total Exports;Quantity;Rwanda;ASEAN
Sep 2024;2754860;26 - Ores, slag and ash.;Total Exports;Quantity;Rwanda;ASEAN
Sep 2024;2754860;2609 - Tin ores and concentrates.;Total Exports;Quantity;Rwanda;ASEAN
Sep 2024;2754875;26 - Ores, slag and ash.;Total Exports;Net Weight(Kg);Rwanda;ASEAN
Sep 2024;2754875;2609 - Tin ores and concentrates.;Total Exports;Net Weight(Kg);Rwanda;ASEAN
Sep 2024;2762060;26 - Ores, slag and ash.;Total Exports;Quantity;Rwanda;European Union All Countries
Sep 2024;2762074;26 - Ores, slag and ash.;Total Exports;Net Weight(Kg);Rwanda;European Union All Countries
Jan 2020;2789550;26 - Ores, slag and ash.;Total Exports;Net Weight(Kg);DR Congo;European Union All Countries
Dec 2021;2799999;26 - Ores, slag and ash.;Total Exports;FOB Value (US$);DR Congo;European Union All Countries
Apr 2022;2800000;26 - Ores, slag and ash.;Total Exports;Net Weight(Kg);Kenya;ASEAN
Apr 2022;2800000;2614 - Titanium ores and concentrates.;Total Exports;Net Weight(Kg);Kenya;ASEAN
Apr 2022;2800000;26 - Ores, slag and ash.;Total Exports;Quantity;Kenya;ASEAN
Apr 2022;2800000;2614 - Titanium ores and concentrates.;Total Exports;Quantity;Kenya;ASEAN
Aug 2024;2804110;26 - Ores, slag and ash.;Total Exports;Quantity;Rwanda;European Union All Countries
Aug 2024;2804275;26 - Ores, slag and ash.;Total Exports;Net Weight(Kg);Rwanda;European Union All Countries
Dec 2023;2808470;26 - Ores, slag and ash.;Total Exports;Quantity;Rwanda;European Union All Countries
Dec 2023;2808476;26 - Ores, slag and ash.;Total Exports;Net Weight(Kg);Rwanda;European Union All Countries
Mar 2025;2829646;26 - Ores, slag and ash.;Total Imports;Net Weight(Kg);United Republic of Tanzania;SADC
Mar 2025;2829646;26 - Ores, slag and ash.;Total Imports;Quantity;United Republic of Tanzania;SADC
Jan 2025;2870030;26 - Ores, slag and ash.;Total Imports;Net Weight(Kg);DR Congo;SADC
Mar 2024;2920000;2614 - Titanium ores and concentrates.;Total Exports;Net Weight(Kg);Kenya;European Union All Countries
Mar 2024;2920000;2614 - Titanium ores and concentrates.;Total Exports;Quantity;Kenya;European Union All Countries
Sep 2025;2939537;26 - Ores, slag and ash.;Total Imports;CIF Value (US$);United Republic of Tanzania;SADC
Apr 2020;2942330;7108 - Gold (including gold plated with platinum) unwrought or in semi-manufactured forms, or in powder form.;Total Imports;Quantity;Uganda;SADC
Apr 2020;2942330;71081300 - Gold (including gold plated with platinum) unwrought or in semi-manufactured forms, or in powder form.- Non-monetary:-- Other semi-manufactured forms;Total Imports;Quantity;Uganda;SADC
Sep 2025;2942660;2609 - Tin ores and concentrates.;Total Exports;Quantity;Rwanda;ASEAN
Apr 2021;2970000;7108 - Gold (including gold plated with platinum) unwrought or in semi-manufactured forms, or in powder form.;Total Imports;Quantity;Rwanda;SADC
Apr 2021;2970000;71081200 - Gold (including gold plated with platinum) unwrought or in semi-manufactured forms, or in powder form.- Non-monetary:-- Other unwrought forms;Total Imports;Quantity;Rwanda;SADC
Nov 2024;2994080;26 - Ores, slag and ash.;Total Exports;Net Weight(Kg);Kenya;ASEAN
Nov 2024;2994080;26 - Ores, slag and ash.;Total Exports;Quantity;Kenya;ASEAN
May 2023;3000000;26 - Ores, slag and ash.;Total Exports;Net Weight(Kg);Kenya;ASEAN
Mar 2020;3000000;2614 - Titanium ores and concentrates.;Total Exports;Net Weight(Kg);Kenya;ASEAN
Sep 2020;3000000;2614 - Titanium ores and concentrates.;Total Exports;Net Weight(Kg);Kenya;ASEAN
May 2022;3000000;2614 - Titanium ores and concentrates.;Total Exports;Net Weight(Kg);Kenya;ASEAN
May 2023;3000000;2614 - Titanium ores and concentrates.;Total Exports;Net Weight(Kg);Kenya;ASEAN
May 2023;3000000;26 - Ores, slag and ash.;Total Exports;Quantity;Kenya;ASEAN
Mar 2020;3000000;2614 - Titanium ores and concentrates.;Total Exports;Quantity;Kenya;ASEAN
Sep 2020;3000000;2614 - Titanium ores and concentrates.;Total Exports;Quantity;Kenya;ASEAN
May 2022;3000000;2614 - Titanium ores and concentrates.;Total Exports;Quantity;Kenya;ASEAN
May 2023;3000000;2614 - Titanium ores and concentrates.;Total Exports;Quantity;Kenya;ASEAN
Jul 2021;3040000;26 - Ores, slag and ash.;Total Exports;Net Weight(Kg);Kenya;ASEAN
Aug 2023;3040000;26 - Ores, slag and ash.;Total Exports;Net Weight(Kg);Kenya;ASEAN
Jul 2021;3040000;26 - Ores, slag and ash.;Total Exports;Quantity;Kenya;ASEAN
Aug 2023;3040000;26 - Ores, slag and ash.;Total Exports;Quantity;Kenya;ASEAN
Nov 2023;3049203;71081200 - Gold (including gold plated with platinum) unwrought or in semi-manufactured forms, or in powder form.- Non-monetary:-- Other unwrought forms;Total Imports;Quantity;Uganda;SADC
Mar 2021;3052500;26 - Ores, slag and ash.;Total Exports;FOB Value (US$);DR Congo;ASEAN
Oct 2024;3060010;26 - Ores, slag and ash.;Total Exports;Net Weight(Kg);Rwanda;European Union All Countries
Oct 2024;3062160;26 - Ores, slag and ash.;Total Exports;Quantity;Rwanda;European Union All Countries
Nov 2023;3070203;7108 - Gold (including gold plated with platinum) unwrought or in semi-manufactured forms, or in powder form.;Total Imports;Quantity;Uganda;SADC
Jan 2022;3077510;26 - Ores, slag and ash.;Total Imports;Net Weight(Kg);Kenya;SADC
Jan 2022;3077510;26 - Ores, slag and ash.;Total Imports;Quantity;Kenya;SADC
Sep 2022;3137980;71081300 - Gold (including gold plated with platinum) unwrought or in semi-manufactured forms, or in powder form.- Non-monetary:-- Other semi-manufactured forms;Total Imports;CIF Value (US$);Uganda;SADC
Nov 2022;3138710;71081300 - Gold (including gold plated with platinum) unwrought or in semi-manufactured forms, or in powder form.- Non-monetary:-- Other semi-manufactured forms;Total Imports;CIF Value (US$);Uganda;SADC
Jun 2023;3180002;2603 - Copper ores and concentrates.;Total Exports;FOB Value (US$);DR Congo;SADC
Mar 2021;3225760;26 - Ores, slag and ash.;Total Imports;Net Weight(Kg);DR Congo;European Union All Countries
Mar 2021;3225760;2606 - Aluminium ores and concentrates.;Total Imports;Net Weight(Kg);DR Congo;European Union All Countries
May 2024;3240000;26 - Ores, slag and ash.;Total Imports;Net Weight(Kg);United Republic of Tanzania;SADC
May 2024;3240000;26 - Ores, slag and ash.;Total Imports;Quantity;United Republic of Tanzania;SADC
Aug 2023;3256756;2609 - Tin ores and concentrates.;Total Exports;FOB Value (US$);DR Congo;European Union All Countries
Dec 2020;3288000;26 - Ores, slag and ash.;Total Exports;Net Weight(Kg);DR Congo;European Union All Countries
May 2021;3300000;2606 - Aluminium ores and concentrates.;Total Imports;Net Weight(Kg);Kenya;SADC
May 2021;3300000;2606 - Aluminium ores and concentrates.;Total Imports;Quantity;Kenya;SADC
Jan 2023;3343920;26 - Ores, slag and ash.;Total Exports;Net Weight(Kg);DR Congo;SADC
Mar 2024;3361870;26 - Ores, slag and ash.;Total Exports;Quantity;Rwanda;European Union All Countries
Mar 2024;3362798;26 - Ores, slag and ash.;Total Exports;Net Weight(Kg);Rwanda;European Union All Countries
Dec 2022;3366220;2609 - Tin ores and concentrates.;Total Exports;Net Weight(Kg);DR Congo;SADC
May 2025;3392850;26011200 - Iron ores and concentrates, including roasted iron pyrites. - Iron ores and concentrates, other than roasted iron pyrites: -- Agglomerated;Total Imports;Net Weight(Kg);United Republic of Tanzania;SADC
May 2025;3392850;26011200 - Iron ores and concentrates, including roasted iron pyrites. - Iron ores and concentrates, other than roasted iron pyrites: -- Agglomerated;Total Imports;Quantity;United Republic of Tanzania;SADC
Dec 2024;3400000;2614 - Titanium ores and concentrates.;Total Exports;Net Weight(Kg);Kenya;ASEAN
Dec 2024;3400000;2614 - Titanium ores and concentrates.;Total Exports;Quantity;Kenya;ASEAN
Jun 2023;3402500;7108 - Gold (including gold plated with platinum) unwrought or in semi-manufactured forms, or in powder form.;Total Imports;Quantity;Rwanda;SADC
Jun 2023;3402500;71081200 - Gold (including gold plated with platinum) unwrought or in semi-manufactured forms, or in powder form.- Non-monetary:-- Other unwrought forms;Total Imports;Quantity;Rwanda;SADC
Oct 2021;3418150;26 - Ores, slag and ash.;Total Exports;Net Weight(Kg);DR Congo;European Union All Countries
Jan 2023;3420002;2609 - Tin ores and concentrates.;Total Exports;FOB Value (US$);DR Congo;SADC
Mar 2024;3429676;26 - Ores, slag and ash.;Total Imports;CIF Value (US$);United Republic of Tanzania;SADC
Mar 2024;3429676;2601 - Iron ores and concentrates, including roasted iron pyrites.;Total Imports;CIF Value (US$);United Republic of Tanzania;SADC
Mar 2024;3429676;26011100 - Iron ores and concentrates, including roasted iron pyrites. - Iron ores and concentrates, other than roasted iron pyrites: -- Non-agglomerated;Total Imports;CIF Value (US$);United Republic of Tanzania;SADC
Jun 2020;3456000;2603 - Copper ores and concentrates.;Total Exports;Net Weight(Kg);DR Congo;European Union All Countries
May 2024;3487860;26 - Ores, slag and ash.;Total Exports;Net Weight(Kg);Rwanda;European Union All Countries
May 2024;3487860;26 - Ores, slag and ash.;Total Exports;Quantity;Rwanda;European Union All Countries
Dec 2024;3490000;26 - Ores, slag and ash.;Total Exports;Net Weight(Kg);Kenya;European Union All Countries
Dec 2024;3490000;26 - Ores, slag and ash.;Total Exports;Quantity;Kenya;European Union All Countries
Apr 2023;3503897;7108 - Gold (including gold plated with platinum) unwrought or in semi-manufactured forms, or in powder form.;Total Exports;Net Weight(Kg);United Republic of Tanzania;ASEAN
Apr 2023;3503897;71081200 - Gold (including gold plated with platinum) unwrought or in semi-manufactured forms, or in powder form.- Non-monetary:-- Other unwrought forms;Total Exports;Net Weight(Kg);United Republic of Tanzania;ASEAN
Apr 2023;3503897;7108 - Gold (including gold plated with platinum) unwrought or in semi-manufactured forms, or in powder form.;Total Exports;Quantity;United Republic of Tanzania;ASEAN
Apr 2023;3503897;71081200 - Gold (including gold plated with platinum) unwrought or in semi-manufactured forms, or in powder form.- Non-monetary:-- Other unwrought forms;Total Exports;Quantity;United Republic of Tanzania;ASEAN
Aug 2023;3510030;26 - Ores, slag and ash.;Total Imports;Net Weight(Kg);United Republic of Tanzania;SADC
Mar 2020;3520000;26 - Ores, slag and ash.;Total Exports;Net Weight(Kg);Kenya;ASEAN
Sep 2020;3520000;26 - Ores, slag and ash.;Total Exports;Net Weight(Kg);Kenya;ASEAN
Mar 2020;3520000;26 - Ores, slag and ash.;Total Exports;Quantity;Kenya;ASEAN
Sep 2020;3520000;26 - Ores, slag and ash.;Total Exports;Quantity;Kenya;ASEAN
May 2021;3540000;26 - Ores, slag and ash.;Total Imports;Net Weight(Kg);Kenya;SADC
May 2021;3540000;26 - Ores, slag and ash.;Total Imports;Quantity;Kenya;SADC
Oct 2024;3561501;7108 - Gold (including gold plated with platinum) unwrought or in semi-manufactured forms, or in powder form.;Total Exports;Net Weight(Kg);United Republic of Tanzania;SADC
Oct 2024;3561501;71081200 - Gold (including gold plated with platinum) unwrought or in semi-manufactured forms, or in powder form.- Non-monetary:-- Other unwrought forms;Total Exports;Net Weight(Kg);United Republic of Tanzania;SADC
Oct 2024;3561501;7108 - Gold (including gold plated with platinum) unwrought or in semi-manufactured forms, or in powder form.;Total Exports;Quantity;United Republic of Tanzania;SADC
Oct 2024;3561501;71081200 - Gold (including gold plated with platinum) unwrought or in semi-manufactured forms, or in powder form.- Non-monetary:-- Other unwrought forms;Total Exports;Quantity;United Republic of Tanzania;SADC
Dec 2024;3600000;26 - Ores, slag and ash.;Total Imports;Net Weight(Kg);Kenya;SADC
Dec 2024;3600000;2606 - Aluminium ores and concentrates.;Total Imports;Net Weight(Kg);Kenya;SADC
Dec 2024;3600000;26 - Ores, slag and ash.;Total Imports;Quantity;Kenya;SADC
Dec 2024;3600000;2606 - Aluminium ores and concentrates.;Total Imports;Quantity;Kenya;SADC
Dec 2024;3634000;26 - Ores, slag and ash.;Total Exports;Net Weight(Kg);Kenya;ASEAN
Dec 2024;3634000;26 - Ores, slag and ash.;Total Exports;Quantity;Kenya;ASEAN
Jan 2023;3640000;26 - Ores, slag and ash.;Total Exports;Net Weight(Kg);Kenya;ASEAN
Jan 2023;3640000;26 - Ores, slag and ash.;Total Exports;Quantity;Kenya;ASEAN
Jul 2025;3647709;26 - Ores, slag and ash.;Total Imports;CIF Value (US$);DR Congo;European Union All Countries
Jul 2025;3647709;2603 - Copper ores and concentrates.;Total Imports;CIF Value (US$);DR Congo;European Union All Countries
Jul 2025;3650290;26 - Ores, slag and ash.;Total Imports;Net Weight(Kg);United Republic of Tanzania;SADC
Jul 2025;3650290;26 - Ores, slag and ash.;Total Imports;Quantity;United Republic of Tanzania;SADC
Mar 2021;3672000;2609 - Tin ores and concentrates.;Total Exports;Net Weight(Kg);DR Congo;European Union All Countries
Feb 2023;3680000;26 - Ores, slag and ash.;Total Exports;Net Weight(Kg);Kenya;ASEAN
Feb 2023;3680000;26 - Ores, slag and ash.;Total Exports;Quantity;Kenya;ASEAN
Jun 2023;3680503;26 - Ores, slag and ash.;Total Exports;FOB Value (US$);DR Congo;SADC
Jan 2021;3706000;26 - Ores, slag and ash.;Total Exports;Net Weight(Kg);DR Congo;European Union All Countries
Oct 2020;3713280;2603 - Copper ores and concentrates.;Total Exports;FOB Value (US$);DR Congo;European Union All Countries
Sep 2020;3754710;2603 - Copper ores and concentrates.;Total Exports;Net Weight(Kg);DR Congo;SADC
Sep 2020;3759710;26 - Ores, slag and ash.;Total Exports;Net Weight(Kg);DR Congo;SADC
Apr 2021;3785100;26 - Ores, slag and ash.;Total Imports;Net Weight(Kg);DR Congo;SADC
Aug 2024;3820000;2614 - Titanium ores and concentrates.;Total Exports;Net Weight(Kg);Kenya;European Union All Countries
Aug 2024;3820000;2614 - Titanium ores and concentrates.;Total Exports;Quantity;Kenya;European Union All Countries
Jun 2022;3827720;7108 - Gold (including gold plated with platinum) unwrought or in semi-manufactured forms, or in powder form.;Total Imports;CIF Value (US$);Uganda;SADC
Jun 2022;3827720;71081300 - Gold (including gold plated with platinum) unwrought or in semi-manufactured forms, or in powder form.- Non-monetary:-- Other semi-manufactured forms;Total Imports;CIF Value (US$);Uganda;SADC
Jul 2022;3840070;26 - Ores, slag and ash.;Total Exports;Net Weight(Kg);Kenya;European Union All Countries
Jul 2022;3840070;26 - Ores, slag and ash.;Total Exports;Quantity;Kenya;European Union All Countries
May 2021;3901400;7108 - Gold (including gold plated with platinum) unwrought or in semi-manufactured forms, or in powder form.;Total Exports;Net Weight(Kg);United Republic of Tanzania;ASEAN
May 2021;3901400;71081200 - Gold (including gold plated with platinum) unwrought or in semi-manufactured forms, or in powder form.- Non-monetary:-- Other unwrought forms;Total Exports;Net Weight(Kg);United Republic of Tanzania;ASEAN
May 2021;3901400;7108 - Gold (including gold plated with platinum) unwrought or in semi-manufactured forms, or in powder form.;Total Exports;Quantity;United Republic of Tanzania;ASEAN
May 2021;3901400;71081200 - Gold (including gold plated with platinum) unwrought or in semi-manufactured forms, or in powder form.- Non-monetary:-- Other unwrought forms;Total Exports;Quantity;United Republic of Tanzania;ASEAN
Jul 2021;3908900;26 - Ores, slag and ash.;Total Imports;Net Weight(Kg);DR Congo;SADC
Jun 2025;3973661;26 - Ores, slag and ash.;Total Imports;CIF Value (US$);United Republic of Tanzania;SADC
Sep 2025;3986070;26 - Ores, slag and ash.;Total Exports;Quantity;Rwanda;ASEAN
Sep 2022;4000000;2614 - Titanium ores and concentrates.;Total Exports;Net Weight(Kg);Kenya;ASEAN
Sep 2022;4000000;2614 - Titanium ores and concentrates.;Total Exports;Quantity;Kenya;ASEAN
May 2022;4040000;26 - Ores, slag and ash.;Total Exports;Net Weight(Kg);Kenya;ASEAN
May 2022;4040000;26 - Ores, slag and ash.;Total Exports;Quantity;Kenya;ASEAN
Jul 2021;4040030;7108 - Gold (including gold plated with platinum) unwrought or in semi-manufactured forms, or in powder form.;Total Imports;Quantity;Rwanda;SADC
Jul 2021;4040030;71081200 - Gold (including gold plated with platinum) unwrought or in semi-manufactured forms, or in powder form.- Non-monetary:-- Other unwrought forms;Total Imports;Quantity;Rwanda;SADC
May 2021;4053500;26 - Ores, slag and ash.;Total Exports;Net Weight(Kg);DR Congo;European Union All Countries
Jul 2021;4057200;26 - Ores, slag and ash.;Total Exports;Net Weight(Kg);DR Congo;European Union All Countries
Aug 2024;4070000;26 - Ores, slag and ash.;Total Exports;Net Weight(Kg);Kenya;European Union All Countries
Aug 2024;4070000;26 - Ores, slag and ash.;Total Exports;Quantity;Kenya;European Union All Countries
Dec 2021;4080000;26 - Ores, slag and ash.;Total Exports;Net Weight(Kg);Kenya;ASEAN
Dec 2021;4080000;26 - Ores, slag and ash.;Total Exports;Quantity;Kenya;ASEAN
Feb 2022;4150000;7108 - Gold (including gold plated with platinum) unwrought or in semi-manufactured forms, or in powder form.;Total Imports;Quantity;Rwanda;SADC
Feb 2022;4150000;71081200 - Gold (including gold plated with platinum) unwrought or in semi-manufactured forms, or in powder form.- Non-monetary:-- Other unwrought forms;Total Imports;Quantity;Rwanda;SADC
Sep 2020;4159999;26 - Ores, slag and ash.;Total Exports;FOB Value (US$);DR Congo;ASEAN
Sep 2020;4159999;2603 - Copper ores and concentrates.;Total Exports;FOB Value (US$);DR Congo;ASEAN
Mar 2024;4170000;26 - Ores, slag and ash.;Total Exports;Net Weight(Kg);Kenya;European Union All Countries
Mar 2024;4170000;26 - Ores, slag and ash.;Total Exports;Quantity;Kenya;European Union All Countries
Oct 2023;4202200;26 - Ores, slag and ash.;Total Exports;Net Weight(Kg);United Republic of Tanzania;European Union All Countries
Oct 2023;4202200;2603 - Copper ores and concentrates.;Total Exports;Net Weight(Kg);United Republic of Tanzania;European Union All Countries
Oct 2023;4202200;26 - Ores, slag and ash.;Total Exports;Quantity;United Republic of Tanzania;European Union All Countries
Oct 2023;4202200;2603 - Copper ores and concentrates.;Total Exports;Quantity;United Republic of Tanzania;European Union All Countries
Jun 2021;4220000;26 - Ores, slag and ash.;Total Exports;Net Weight(Kg);United Republic of Tanzania;ASEAN
Jun 2021;4220000;2616 - Precious metal ores and concentrates.;Total Exports;Net Weight(Kg);United Republic of Tanzania;ASEAN
Jun 2021;4220000;26 - Ores, slag and ash.;Total Exports;Quantity;United Republic of Tanzania;ASEAN
Jun 2021;4220000;2616 - Precious metal ores and concentrates.;Total Exports;Quantity;United Republic of Tanzania;ASEAN
May 2021;4229072;2607 - Lead ores and concentrates.;Total Exports;FOB Value (US$);United Republic of Tanzania;European Union All Countries
May 2021;4239072;26 - Ores, slag and ash.;Total Exports;FOB Value (US$);United Republic of Tanzania;European Union All Countries
Dec 2022;4260000;7108 - Gold (including gold plated with platinum) unwrought or in semi-manufactured forms, or in powder form.;Total Imports;Quantity;Rwanda;SADC
Dec 2022;4260000;71081200 - Gold (including gold plated with platinum) unwrought or in semi-manufactured forms, or in powder form.- Non-monetary:-- Other unwrought forms;Total Imports;Quantity;Rwanda;SADC
Sep 2022;4266133;26 - Ores, slag and ash.;Total Imports;CIF Value (US$);DR Congo;European Union All Countries
Sep 2025;4277040;26 - Ores, slag and ash.;Total Imports;Quantity;DR Congo;ASEAN
May 2025;4292850;2601 - Iron ores and concentrates, including roasted iron pyrites.;Total Imports;Net Weight(Kg);United Republic of Tanzania;SADC
May 2025;4292850;2601 - Iron ores and concentrates, including roasted iron pyrites.;Total Imports;Quantity;United Republic of Tanzania;SADC
May 2022;4295300;26 - Ores, slag and ash.;Total Exports;Net Weight(Kg);United Republic of Tanzania;ASEAN
May 2022;4295300;2603 - Copper ores and concentrates.;Total Exports;Net Weight(Kg);United Republic of Tanzania;ASEAN
May 2022;4295300;26 - Ores, slag and ash.;Total Exports;Quantity;United Republic of Tanzania;ASEAN
May 2022;4295300;2603 - Copper ores and concentrates.;Total Exports;Quantity;United Republic of Tanzania;ASEAN
May 2025;4302190;26 - Ores, slag and ash.;Total Imports;Net Weight(Kg);United Republic of Tanzania;SADC
May 2025;4302190;26 - Ores, slag and ash.;Total Imports;Quantity;United Republic of Tanzania;SADC
Dec 2021;4319000;2603 - Copper ores and concentrates.;Total Exports;Net Weight(Kg);United Republic of Tanzania;ASEAN
Dec 2021;4319000;2603 - Copper ores and concentrates.;Total Exports;Quantity;United Republic of Tanzania;ASEAN
Sep 2021;4323700;26 - Ores, slag and ash.;Total Exports;Net Weight(Kg);DR Congo;European Union All Countries
Mar 2020;4449060;2603 - Copper ores and concentrates.;Total Imports;Net Weight(Kg);DR Congo;SADC
Nov 2021;4500000;26 - Ores, slag and ash.;Total Exports;Net Weight(Kg);Kenya;ASEAN
Feb 2022;4500000;2606 - Aluminium ores and concentrates.;Total Imports;Net Weight(Kg);Kenya;SADC
Nov 2021;4500000;26 - Ores, slag and ash.;Total Exports;Quantity;Kenya;ASEAN
Feb 2022;4500000;2606 - Aluminium ores and concentrates.;Total Imports;Quantity;Kenya;SADC
Jan 2021;4503470;26 - Ores, slag and ash.;Total Imports;Net Weight(Kg);Kenya;SADC
Jan 2021;4503470;2606 - Aluminium ores and concentrates.;Total Imports;Net Weight(Kg);Kenya;SADC
Jan 2021;4503470;26 - Ores, slag and ash.;Total Imports;Quantity;Kenya;SADC
Jan 2021;4503470;2606 - Aluminium ores and concentrates.;Total Imports;Quantity;Kenya;SADC
Nov 2020;4503800;2603 - Copper ores and concentrates.;Total Exports;Net Weight(Kg);DR Congo;SADC
Dec 2023;4511800;26 - Ores, slag and ash.;Total Exports;Net Weight(Kg);United Republic of Tanzania;European Union All Countries
Dec 2023;4511800;2603 - Copper ores and concentrates.;Total Exports;Net Weight(Kg);United Republic of Tanzania;European Union All Countries
Dec 2023;4511800;26 - Ores, slag and ash.;Total Exports;Quantity;United Republic of Tanzania;European Union All Countries
Dec 2023;4511800;2603 - Copper ores and concentrates.;Total Exports;Quantity;United Republic of Tanzania;European Union All Countries
Jun 2024;4551731;7106 - Silver (including silver plated with gold or platinum), unwrought or in semi-manufactured forms, or in powder form.;Total Exports;FOB Value (US$);Uganda;European Union All Countries
Jun 2024;4551731;71069100 - Silver (including silver plated with gold or platinum), unwrought or in semi-manufactured forms, or in powder form.- Other:-- Unwrought;Total Exports;FOB Value (US$);Uganda;European Union All Countries
Nov 2020;4571160;26 - Ores, slag and ash.;Total Exports;Net Weight(Kg);DR Congo;SADC
Apr 2024;4601100;26 - Ores, slag and ash.;Total Exports;Net Weight(Kg);United Republic of Tanzania;ASEAN
Apr 2024;4601100;2603 - Copper ores and concentrates.;Total Exports;Net Weight(Kg);United Republic of Tanzania;ASEAN
Apr 2024;4601100;26 - Ores, slag and ash.;Total Exports;Quantity;United Republic of Tanzania;ASEAN
Apr 2024;4601100;2603 - Copper ores and concentrates.;Total Exports;Quantity;United Republic of Tanzania;ASEAN
Jul 2020;4608000;2603 - Copper ores and concentrates.;Total Exports;Net Weight(Kg);DR Congo;European Union All Countries
Nov 2020;4675310;26 - Ores, slag and ash.;Total Imports;Net Weight(Kg);DR Congo;SADC
Jul 2020;4690000;7108 - Gold (including gold plated with platinum) unwrought or in semi-manufactured forms, or in powder form.;Total Imports;Quantity;Rwanda;SADC
Jul 2020;4690000;71081200 - Gold (including gold plated with platinum) unwrought or in semi-manufactured forms, or in powder form.- Non-monetary:-- Other unwrought forms;Total Imports;Quantity;Rwanda;SADC
Aug 2021;4710000;26 - Ores, slag and ash.;Total Exports;Net Weight(Kg);DR Congo;European Union All Countries
Nov 2020;4747000;7108 - Gold (including gold plated with platinum) unwrought or in semi-manufactured forms, or in powder form.;Total Imports;Quantity;Rwanda;SADC
Nov 2020;4747000;71081200 - Gold (including gold plated with platinum) unwrought or in semi-manufactured forms, or in powder form.- Non-monetary:-- Other unwrought forms;Total Imports;Quantity;Rwanda;SADC
Oct 2022;4750000;7108 - Gold (including gold plated with platinum) unwrought or in semi-manufactured forms, or in powder form.;Total Imports;Quantity;Rwanda;SADC
Oct 2022;4750000;71081200 - Gold (including gold plated with platinum) unwrought or in semi-manufactured forms, or in powder form.- Non-monetary:-- Other unwrought forms;Total Imports;Quantity;Rwanda;SADC
Aug 2020;4753470;2603 - Copper ores and concentrates.;Total Exports;Net Weight(Kg);DR Congo;SADC
Aug 2020;4755100;26 - Ores, slag and ash.;Total Exports;Net Weight(Kg);DR Congo;SADC
Jun 2023;4800000;2606 - Aluminium ores and concentrates.;Total Imports;Net Weight(Kg);Kenya;SADC
Jun 2023;4800000;2606 - Aluminium ores and concentrates.;Total Imports;Quantity;Kenya;SADC
Aug 2023;4817376;26 - Ores, slag and ash.;Total Imports;CIF Value (US$);United Republic of Tanzania;SADC
May 2023;4901337;71081300 - Gold (including gold plated with platinum) unwrought or in semi-manufactured forms, or in powder form.- Non-monetary:-- Other semi-manufactured forms;Total Imports;Net Weight(Kg);Uganda;SADC
Jan 2025;4933945;26 - Ores, slag and ash.;Total Imports;CIF Value (US$);United Republic of Tanzania;SADC
May 2023;4967953;7108 - Gold (including gold plated with platinum) unwrought or in semi-manufactured forms, or in powder form.;Total Imports;Net Weight(Kg);Uganda;SADC
Apr 2023;4990000;7108 - Gold (including gold plated with platinum) unwrought or in semi-manufactured forms, or in powder form.;Total Imports;Quantity;Rwanda;SADC
Apr 2023;4990000;71081200 - Gold (including gold plated with platinum) unwrought or in semi-manufactured forms, or in powder form.- Non-monetary:-- Other unwrought forms;Total Imports;Quantity;Rwanda;SADC
Feb 2020;5000000;26 - Ores, slag and ash.;Total Exports;Net Weight(Kg);Kenya;ASEAN
Oct 2021;5000000;26 - Ores, slag and ash.;Total Exports;Net Weight(Kg);Kenya;ASEAN
Feb 2020;5000000;2614 - Titanium ores and concentrates.;Total Exports;Net Weight(Kg);Kenya;ASEAN
Jun 2020;5000000;2614 - Titanium ores and concentrates.;Total Exports;Net Weight(Kg);Kenya;ASEAN
Oct 2021;5000000;2614 - Titanium ores and concentrates.;Total Exports;Net Weight(Kg);Kenya;ASEAN
Jun 2022;5000000;2614 - Titanium ores and concentrates.;Total Exports;Net Weight(Kg);Kenya;ASEAN
Feb 2020;5000000;26 - Ores, slag and ash.;Total Exports;Quantity;Kenya;ASEAN
Oct 2021;5000000;26 - Ores, slag and ash.;Total Exports;Quantity;Kenya;ASEAN
Feb 2020;5000000;2614 - Titanium ores and concentrates.;Total Exports;Quantity;Kenya;ASEAN
Jun 2020;5000000;2614 - Titanium ores and concentrates.;Total Exports;Quantity;Kenya;ASEAN
Oct 2021;5000000;2614 - Titanium ores and concentrates.;Total Exports;Quantity;Kenya;ASEAN
Jun 2022;5000000;2614 - Titanium ores and concentrates.;Total Exports;Quantity;Kenya;ASEAN
Feb 2024;5000000;7108 - Gold (including gold plated with platinum) unwrought or in semi-manufactured forms, or in powder form.;Total Imports;Quantity;Rwanda;SADC
Mar 2024;5000000;7108 - Gold (including gold plated with platinum) unwrought or in semi-manufactured forms, or in powder form.;Total Imports;Quantity;Rwanda;SADC
Apr 2024;5000000;7108 - Gold (including gold plated with platinum) unwrought or in semi-manufactured forms, or in powder form.;Total Imports;Quantity;Rwanda;SADC
Sep 2024;5000000;7108 - Gold (including gold plated with platinum) unwrought or in semi-manufactured forms, or in powder form.;Total Imports;Quantity;Rwanda;SADC
Feb 2024;5000000;71081200 - Gold (including gold plated with platinum) unwrought or in semi-manufactured forms, or in powder form.- Non-monetary:-- Other unwrought forms;Total Imports;Quantity;Rwanda;SADC
Mar 2024;5000000;71081200 - Gold (including gold plated with platinum) unwrought or in semi-manufactured forms, or in powder form.- Non-monetary:-- Other unwrought forms;Total Imports;Quantity;Rwanda;SADC
Apr 2024;5000000;71081200 - Gold (including gold plated with platinum) unwrought or in semi-manufactured forms, or in powder form.- Non-monetary:-- Other unwrought forms;Total Imports;Quantity;Rwanda;SADC
Sep 2024;5000000;71081200 - Gold (including gold plated with platinum) unwrought or in semi-manufactured forms, or in powder form.- Non-monetary:-- Other unwrought forms;Total Imports;Quantity;Rwanda;SADC
Feb 2023;5024001;26 - Ores, slag and ash.;Total Exports;FOB Value (US$);DR Congo;European Union All Countries
Feb 2023;5024001;2603 - Copper ores and concentrates.;Total Exports;FOB Value (US$);DR Congo;European Union All Countries
May 2024;5046954;7106 - Silver (including silver plated with gold or platinum), unwrought or in semi-manufactured forms, or in powder form.;Total Exports;FOB Value (US$);Uganda;European Union All Countries
May 2024;5046954;71069100 - Silver (including silver plated with gold or platinum), unwrought or in semi-manufactured forms, or in powder form.- Other:-- Unwrought;Total Exports;FOB Value (US$);Uganda;European Union All Countries
Sep 2020;5092460;26 - Ores, slag and ash.;Total Exports;Net Weight(Kg);DR Congo;European Union All Countries
Jun 2021;5130160;7108 - Gold (including gold plated with platinum) unwrought or in semi-manufactured forms, or in powder form.;Total Imports;Quantity;Rwanda;SADC
Jun 2021;5130160;71081200 - Gold (including gold plated with platinum) unwrought or in semi-manufactured forms, or in powder form.- Non-monetary:-- Other unwrought forms;Total Imports;Quantity;Rwanda;SADC
Jul 2022;5200000;7108 - Gold (including gold plated with platinum) unwrought or in semi-manufactured forms, or in powder form.;Total Imports;Quantity;Rwanda;SADC
Jul 2022;5200000;71081200 - Gold (including gold plated with platinum) unwrought or in semi-manufactured forms, or in powder form.- Non-monetary:-- Other unwrought forms;Total Imports;Quantity;Rwanda;SADC
Jul 2025;5228411;2504 - Natural graphite.;Total Exports;Net Weight(Kg);United Republic of Tanzania;SADC
Jul 2025;5228411;2504 - Natural graphite.;Total Exports;Quantity;United Republic of Tanzania;SADC
Dec 2022;5263987;26 - Ores, slag and ash.;Total Imports;CIF Value (US$);DR Congo;SADC
Nov 2021;5301090;7108 - Gold (including gold plated with platinum) unwrought or in semi-manufactured forms, or in powder form.;Total Exports;Net Weight(Kg);DR Congo;European Union All Countries
Nov 2021;5301090;71081200 - Gold (including gold plated with platinum) unwrought or in semi-manufactured forms, or in powder form.- Non-monetary:-- Other unwrought forms;Total Exports;Net Weight(Kg);DR Congo;European Union All Countries
Apr 2020;5376000;2603 - Copper ores and concentrates.;Total Exports;Net Weight(Kg);DR Congo;European Union All Countries
May 2020;5376820;2603 - Copper ores and concentrates.;Total Exports;Net Weight(Kg);DR Congo;European Union All Countries
Mar 2020;5400000;26 - Ores, slag and ash.;Total Exports;Net Weight(Kg);DR Congo;European Union All Countries
Oct 2025;5406500;7108 - Gold (including gold plated with platinum) unwrought or in semi-manufactured forms, or in powder form.;Total Imports;Net Weight(Kg);DR Congo;European Union All Countries
Oct 2025;5406500;71081200 - Gold (including gold plated with platinum) unwrought or in semi-manufactured forms, or in powder form.- Non-monetary:-- Other unwrought forms;Total Imports;Net Weight(Kg);DR Congo;European Union All Countries
Oct 2022;5410000;26 - Ores, slag and ash.;Total Exports;Net Weight(Kg);Kenya;European Union All Countries
Oct 2022;5410000;26 - Ores, slag and ash.;Total Exports;Quantity;Kenya;European Union All Countries
Nov 2023;5417325;7110 - Platinum, unwrought or in semi-manufactured forms, or in powder form.;Total Imports;CIF Value (US$);DR Congo;European Union All Countries
Aug 2020;5430000;26 - Ores, slag and ash.;Total Exports;Net Weight(Kg);Kenya;European Union All Countries
Aug 2020;5430000;26 - Ores, slag and ash.;Total Exports;Quantity;Kenya;European Union All Countries
May 2025;5500000;7108 - Gold (including gold plated with platinum) unwrought or in semi-manufactured forms, or in powder form.;Total Imports;Quantity;Rwanda;SADC
May 2025;5500000;71081200 - Gold (including gold plated with platinum) unwrought or in semi-manufactured forms, or in powder form.- Non-monetary:-- Other unwrought forms;Total Imports;Quantity;Rwanda;SADC
Mar 2022;5530000;7108 - Gold (including gold plated with platinum) unwrought or in semi-manufactured forms, or in powder form.;Total Imports;Quantity;Rwanda;SADC
Mar 2022;5530000;71081200 - Gold (including gold plated with platinum) unwrought or in semi-manufactured forms, or in powder form.- Non-monetary:-- Other unwrought forms;Total Imports;Quantity;Rwanda;SADC
Nov 2020;5554200;26 - Ores, slag and ash.;Total Exports;Net Weight(Kg);DR Congo;European Union All Countries
Mar 2020;5622660;26 - Ores, slag and ash.;Total Exports;Net Weight(Kg);DR Congo;SADC
Mar 2020;5622660;2603 - Copper ores and concentrates.;Total Exports;Net Weight(Kg);DR Congo;SADC
Jan 2022;5650000;7108 - Gold (including gold plated with platinum) unwrought or in semi-manufactured forms, or in powder form.;Total Imports;Quantity;Rwanda;SADC
Jan 2022;5650000;71081200 - Gold (including gold plated with platinum) unwrought or in semi-manufactured forms, or in powder form.- Non-monetary:-- Other unwrought forms;Total Imports;Quantity;Rwanda;SADC
Aug 2021;5660060;7108 - Gold (including gold plated with platinum) unwrought or in semi-manufactured forms, or in powder form.;Total Imports;Quantity;Rwanda;SADC
Aug 2021;5660060;71081200 - Gold (including gold plated with platinum) unwrought or in semi-manufactured forms, or in powder form.- Non-monetary:-- Other unwrought forms;Total Imports;Quantity;Rwanda;SADC
Oct 2023;5676174;26 - Ores, slag and ash.;Total Imports;CIF Value (US$);United Republic of Tanzania;SADC
Jun 2021;5680000;26 - Ores, slag and ash.;Total Exports;Net Weight(Kg);Kenya;European Union All Countries
Jun 2021;5680000;26 - Ores, slag and ash.;Total Exports;Quantity;Kenya;European Union All Countries
Mar 2020;5682880;7108 - Gold (including gold plated with platinum) unwrought or in semi-manufactured forms, or in powder form.;Total Imports;Quantity;Uganda;SADC
Mar 2020;5682880;71081300 - Gold (including gold plated with platinum) unwrought or in semi-manufactured forms, or in powder form.- Non-monetary:-- Other semi-manufactured forms;Total Imports;Quantity;Uganda;SADC
Jan 2021;5700000;26 - Ores, slag and ash.;Total Exports;Net Weight(Kg);Kenya;European Union All Countries
Jul 2023;5700000;26 - Ores, slag and ash.;Total Exports;Net Weight(Kg);Kenya;European Union All Countries
Jan 2021;5700000;26 - Ores, slag and ash.;Total Exports;Quantity;Kenya;European Union All Countries
Jul 2023;5700000;26 - Ores, slag and ash.;Total Exports;Quantity;Kenya;European Union All Countries
Feb 2023;5707790;26 - Ores, slag and ash.;Total Exports;Net Weight(Kg);DR Congo;SADC
Jun 2022;5720000;26 - Ores, slag and ash.;Total Exports;Net Weight(Kg);Kenya;European Union All Countries
Jun 2022;5720000;26 - Ores, slag and ash.;Total Exports;Quantity;Kenya;European Union All Countries
Jul 2023;5750000;7108 - Gold (including gold plated with platinum) unwrought or in semi-manufactured forms, or in powder form.;Total Imports;Quantity;Rwanda;SADC
Jan 2025;5750000;7108 - Gold (including gold plated with platinum) unwrought or in semi-manufactured forms, or in powder form.;Total Imports;Quantity;Rwanda;SADC
Jul 2023;5750000;71081200 - Gold (including gold plated with platinum) unwrought or in semi-manufactured forms, or in powder form.- Non-monetary:-- Other unwrought forms;Total Imports;Quantity;Rwanda;SADC
Jan 2025;5750000;71081200 - Gold (including gold plated with platinum) unwrought or in semi-manufactured forms, or in powder form.- Non-monetary:-- Other unwrought forms;Total Imports;Quantity;Rwanda;SADC
Nov 2021;5760000;7108 - Gold (including gold plated with platinum) unwrought or in semi-manufactured forms, or in powder form.;Total Imports;Quantity;Rwanda;SADC
Nov 2021;5760000;71081200 - Gold (including gold plated with platinum) unwrought or in semi-manufactured forms, or in powder form.- Non-monetary:-- Other unwrought forms;Total Imports;Quantity;Rwanda;SADC
Oct 2021;5876000;26 - Ores, slag and ash.;Total Exports;FOB Value (US$);DR Congo;ASEAN
Jun 2023;5880000;26 - Ores, slag and ash.;Total Imports;Net Weight(Kg);Kenya;SADC
Jun 2023;5880000;26 - Ores, slag and ash.;Total Imports;Quantity;Kenya;SADC
Sep 2022;5970000;26 - Ores, slag and ash.;Total Exports;Net Weight(Kg);Kenya;European Union All Countries
Sep 2022;5970000;26 - Ores, slag and ash.;Total Exports;Quantity;Kenya;European Union All Countries
Oct 2023;6000000;2606 - Aluminium ores and concentrates.;Total Imports;Net Weight(Kg);Kenya;SADC
Oct 2024;6000000;2614 - Titanium ores and concentrates.;Total Exports;Net Weight(Kg);Kenya;ASEAN
Oct 2023;6000000;2606 - Aluminium ores and concentrates.;Total Imports;Quantity;Kenya;SADC
Oct 2024;6000000;2614 - Titanium ores and concentrates.;Total Exports;Quantity;Kenya;ASEAN
Sep 2021;6060000;7108 - Gold (including gold plated with platinum) unwrought or in semi-manufactured forms, or in powder form.;Total Imports;Quantity;Rwanda;SADC
Sep 2021;6060000;71081200 - Gold (including gold plated with platinum) unwrought or in semi-manufactured forms, or in powder form.- Non-monetary:-- Other unwrought forms;Total Imports;Quantity;Rwanda;SADC
Jan 2024;6100000;26 - Ores, slag and ash.;Total Exports;Net Weight(Kg);Kenya;European Union All Countries
Jan 2024;6100000;26 - Ores, slag and ash.;Total Exports;Quantity;Kenya;European Union All Countries
May 2023;6150000;7108 - Gold (including gold plated with platinum) unwrought or in semi-manufactured forms, or in powder form.;Total Imports;Quantity;Rwanda;SADC
May 2023;6150000;71081200 - Gold (including gold plated with platinum) unwrought or in semi-manufactured forms, or in powder form.- Non-monetary:-- Other unwrought forms;Total Imports;Quantity;Rwanda;SADC
Aug 2022;6170000;7108 - Gold (including gold plated with platinum) unwrought or in semi-manufactured forms, or in powder form.;Total Imports;Quantity;Rwanda;SADC
Aug 2022;6170000;71081200 - Gold (including gold plated with platinum) unwrought or in semi-manufactured forms, or in powder form.- Non-monetary:-- Other unwrought forms;Total Imports;Quantity;Rwanda;SADC
Nov 2020;6180000;26 - Ores, slag and ash.;Total Exports;Net Weight(Kg);Kenya;European Union All Countries
Nov 2020;6180000;26 - Ores, slag and ash.;Total Exports;Quantity;Kenya;European Union All Countries
Sep 2023;6200000;26 - Ores, slag and ash.;Total Exports;Net Weight(Kg);Kenya;European Union All Countries
Sep 2023;6200000;26 - Ores, slag and ash.;Total Exports;Quantity;Kenya;European Union All Countries
Sep 2021;6220000;26 - Ores, slag and ash.;Total Exports;Net Weight(Kg);Kenya;European Union All Countries
Feb 2022;6220000;26 - Ores, slag and ash.;Total Exports;Net Weight(Kg);Kenya;European Union All Countries
Sep 2021;6220000;26 - Ores, slag and ash.;Total Exports;Quantity;Kenya;European Union All Countries
Feb 2022;6220000;26 - Ores, slag and ash.;Total Exports;Quantity;Kenya;European Union All Countries
Oct 2024;6249920;26 - Ores, slag and ash.;Total Exports;Net Weight(Kg);Kenya;ASEAN
Oct 2024;6249920;26 - Ores, slag and ash.;Total Exports;Quantity;Kenya;ASEAN
Dec 2020;6256820;2603 - Copper ores and concentrates.;Total Exports;Net Weight(Kg);DR Congo;SADC
Jan 2024;6258580;7108 - Gold (including gold plated with platinum) unwrought or in semi-manufactured forms, or in powder form.;Total Imports;Quantity;Uganda;SADC
Jan 2024;6258580;71081200 - Gold (including gold plated with platinum) unwrought or in semi-manufactured forms, or in powder form.- Non-monetary:-- Other unwrought forms;Total Imports;Quantity;Uganda;SADC
Dec 2020;6263810;26 - Ores, slag and ash.;Total Exports;Net Weight(Kg);DR Congo;SADC
Dec 2023;6320000;26 - Ores, slag and ash.;Total Exports;Net Weight(Kg);Kenya;European Union All Countries
Dec 2023;6320000;26 - Ores, slag and ash.;Total Exports;Quantity;Kenya;European Union All Countries
May 2022;6320000;7108 - Gold (including gold plated with platinum) unwrought or in semi-manufactured forms, or in powder form.;Total Imports;Quantity;Rwanda;SADC
May 2022;6320000;71081200 - Gold (including gold plated with platinum) unwrought or in semi-manufactured forms, or in powder form.- Non-monetary:-- Other unwrought forms;Total Imports;Quantity;Rwanda;SADC
Mar 2022;6397168;7110 - Platinum, unwrought or in semi-manufactured forms, or in powder form.;Total Imports;CIF Value (US$);DR Congo;SADC
Dec 2024;6416030;7108 - Gold (including gold plated with platinum) unwrought or in semi-manufactured forms, or in powder form.;Total Exports;Net Weight(Kg);DR Congo;SADC
Dec 2024;6416030;71081200 - Gold (including gold plated with platinum) unwrought or in semi-manufactured forms, or in powder form.- Non-monetary:-- Other unwrought forms;Total Exports;Net Weight(Kg);DR Congo;SADC
Feb 2021;6460000;26 - Ores, slag and ash.;Total Exports;Net Weight(Kg);Kenya;European Union All Countries
Feb 2021;6460000;26 - Ores, slag and ash.;Total Exports;Quantity;Kenya;European Union All Countries
May 2020;6521480;71081300 - Gold (including gold plated with platinum) unwrought or in semi-manufactured forms, or in powder form.- Non-monetary:-- Other semi-manufactured forms;Total Imports;Quantity;Uganda;SADC
Jun 2020;6560000;26 - Ores, slag and ash.;Total Exports;Net Weight(Kg);Kenya;ASEAN
Jun 2020;6560000;26 - Ores, slag and ash.;Total Exports;Quantity;Kenya;ASEAN
Sep 2022;6600000;26 - Ores, slag and ash.;Total Exports;Net Weight(Kg);Kenya;ASEAN
May 2023;6600000;26 - Ores, slag and ash.;Total Imports;Net Weight(Kg);Kenya;SADC
May 2023;6600000;2606 - Aluminium ores and concentrates.;Total Imports;Net Weight(Kg);Kenya;SADC
Sep 2022;6600000;26 - Ores, slag and ash.;Total Exports;Quantity;Kenya;ASEAN
May 2023;6600000;26 - Ores, slag and ash.;Total Imports;Quantity;Kenya;SADC
May 2023;6600000;2606 - Aluminium ores and concentrates.;Total Imports;Quantity;Kenya;SADC
Mar 2021;6634010;26 - Ores, slag and ash.;Total Exports;Net Weight(Kg);DR Congo;European Union All Countries
Mar 2022;6640140;2603 - Copper ores and concentrates.;Total Exports;Net Weight(Kg);DR Congo;ASEAN
Oct 2025;6643346;26 - Ores, slag and ash.;Total Exports;FOB Value (US$);DR Congo;European Union All Countries
Oct 2025;6643346;2603 - Copper ores and concentrates.;Total Exports;FOB Value (US$);DR Congo;European Union All Countries
Jun 2022;6661460;2609 - Tin ores and concentrates.;Total Exports;Net Weight(Kg);DR Congo;SADC
Mar 2022;6723830;26 - Ores, slag and ash.;Total Exports;Net Weight(Kg);Kenya;European Union All Countries
Mar 2022;6723830;26 - Ores, slag and ash.;Total Exports;Quantity;Kenya;European Union All Countries
Jun 2021;6765690;2603 - Copper ores and concentrates.;Total Exports;Net Weight(Kg);DR Congo;SADC
May 2022;6784592;7108 - Gold (including gold plated with platinum) unwrought or in semi-manufactured forms, or in powder form.;Total Exports;FOB Value (US$);United Republic of Tanzania;ASEAN
May 2022;6784592;71081200 - Gold (including gold plated with platinum) unwrought or in semi-manufactured forms, or in powder form.- Non-monetary:-- Other unwrought forms;Total Exports;FOB Value (US$);United Republic of Tanzania;ASEAN
Oct 2023;6800000;7108 - Gold (including gold plated with platinum) unwrought or in semi-manufactured forms, or in powder form.;Total Imports;Quantity;Rwanda;SADC
Oct 2023;6800000;71081200 - Gold (including gold plated with platinum) unwrought or in semi-manufactured forms, or in powder form.- Non-monetary:-- Other unwrought forms;Total Imports;Quantity;Rwanda;SADC
Jun 2021;6855690;26 - Ores, slag and ash.;Total Exports;Net Weight(Kg);DR Congo;SADC
Nov 2021;6882204;26 - Ores, slag and ash.;Total Imports;CIF Value (US$);DR Congo;European Union All Countries
Nov 2021;6882204;2601 - Iron ores and concentrates, including roasted iron pyrites.;Total Imports;CIF Value (US$);DR Congo;European Union All Countries
Nov 2021;6882204;26012000 - Iron ores and concentrates, including roasted iron pyrites. - Roasted iron pyrites;Total Imports;CIF Value (US$);DR Congo;European Union All Countries
Aug 2025;6958956;26 - Ores, slag and ash.;Total Imports;Quantity;DR Congo;SADC
Oct 2021;6970000;26 - Ores, slag and ash.;Total Exports;Net Weight(Kg);Kenya;European Union All Countries
Mar 2023;6970000;26 - Ores, slag and ash.;Total Exports;Net Weight(Kg);Kenya;European Union All Countries
Oct 2021;6970000;26 - Ores, slag and ash.;Total Exports;Quantity;Kenya;European Union All Countries
Mar 2023;6970000;26 - Ores, slag and ash.;Total Exports;Quantity;Kenya;European Union All Countries
Feb 2025;6989586;26 - Ores, slag and ash.;Total Imports;CIF Value (US$);United Republic of Tanzania;SADC
May 2025;7001652;26 - Ores, slag and ash.;Total Exports;Net Weight(Kg);Kenya;European Union All Countries
May 2025;7001652;26 - Ores, slag and ash.;Total Exports;Quantity;Kenya;European Union All Countries
Jun 2022;7080000;26 - Ores, slag and ash.;Total Exports;Net Weight(Kg);Kenya;ASEAN
Jun 2022;7080000;26 - Ores, slag and ash.;Total Exports;Quantity;Kenya;ASEAN
Apr 2024;7103406;26 - Ores, slag and ash.;Total Exports;Net Weight(Kg);Rwanda;ASEAN
Apr 2024;7103406;2609 - Tin ores and concentrates.;Total Exports;Net Weight(Kg);Rwanda;ASEAN
Oct 2020;7230000;7108 - Gold (including gold plated with platinum) unwrought or in semi-manufactured forms, or in powder form.;Total Imports;Quantity;Rwanda;SADC
Oct 2020;7230000;71081200 - Gold (including gold plated with platinum) unwrought or in semi-manufactured forms, or in powder form.- Non-monetary:-- Other unwrought forms;Total Imports;Quantity;Rwanda;SADC
Feb 2020;7260000;26 - Ores, slag and ash.;Total Exports;Net Weight(Kg);Kenya;European Union All Countries
Feb 2020;7260000;26 - Ores, slag and ash.;Total Exports;Quantity;Kenya;European Union All Countries
Apr 2024;7270285;7108 - Gold (including gold plated with platinum) unwrought or in semi-manufactured forms, or in powder form.;Total Exports;FOB Value (US$);United Republic of Tanzania;European Union All Countries
Apr 2024;7270285;71081200 - Gold (including gold plated with platinum) unwrought or in semi-manufactured forms, or in powder form.- Non-monetary:-- Other unwrought forms;Total Exports;FOB Value (US$);United Republic of Tanzania;European Union All Countries
Feb 2022;7272585;2603 - Copper ores and concentrates.;Total Exports;Quantity;DR Congo;European Union All Countries
Nov 2020;7288980;71081200 - Gold (including gold plated with platinum) unwrought or in semi-manufactured forms, or in powder form.- Non-monetary:-- Other unwrought forms;Total Imports;Quantity;Uganda;SADC
Dec 2021;7290270;7108 - Gold (including gold plated with platinum) unwrought or in semi-manufactured forms, or in powder form.;Total Exports;Net Weight(Kg);DR Congo;European Union All Countries
Dec 2021;7290270;71081200 - Gold (including gold plated with platinum) unwrought or in semi-manufactured forms, or in powder form.- Non-monetary:-- Other unwrought forms;Total Exports;Net Weight(Kg);DR Congo;European Union All Countries
Jun 2022;7300000;7108 - Gold (including gold plated with platinum) unwrought or in semi-manufactured forms, or in powder form.;Total Imports;Quantity;Rwanda;SADC
Jun 2022;7300000;71081200 - Gold (including gold plated with platinum) unwrought or in semi-manufactured forms, or in powder form.- Non-monetary:-- Other unwrought forms;Total Imports;Quantity;Rwanda;SADC
Jan 2023;7310000;7108 - Gold (including gold plated with platinum) unwrought or in semi-manufactured forms, or in powder form.;Total Imports;Quantity;Rwanda;SADC
Jan 2023;7310000;71081200 - Gold (including gold plated with platinum) unwrought or in semi-manufactured forms, or in powder form.- Non-monetary:-- Other unwrought forms;Total Imports;Quantity;Rwanda;SADC
Jun 2021;7328450;26 - Ores, slag and ash.;Total Exports;Net Weight(Kg);DR Congo;European Union All Countries
Apr 2021;7380000;2614 - Titanium ores and concentrates.;Total Exports;Net Weight(Kg);Kenya;SADC
Apr 2021;7380000;2614 - Titanium ores and concentrates.;Total Exports;Quantity;Kenya;SADC
Feb 2022;7440000;26 - Ores, slag and ash.;Total Exports;Net Weight(Kg);Kenya;ASEAN
Feb 2022;7440000;26 - Ores, slag and ash.;Total Exports;Quantity;Kenya;ASEAN
May 2022;7441520;2603 - Copper ores and concentrates.;Total Exports;Net Weight(Kg);DR Congo;SADC
May 2024;7469972;7108 - Gold (including gold plated with platinum) unwrought or in semi-manufactured forms, or in powder form.;Total Exports;FOB Value (US$);United Republic of Tanzania;European Union All Countries
May 2024;7469972;71081200 - Gold (including gold plated with platinum) unwrought or in semi-manufactured forms, or in powder form.- Non-monetary:-- Other unwrought forms;Total Exports;FOB Value (US$);United Republic of Tanzania;European Union All Countries
Apr 2021;7588300;26 - Ores, slag and ash.;Total Exports;Net Weight(Kg);DR Congo;European Union All Countries
May 2022;7644757;7108 - Gold (including gold plated with platinum) unwrought or in semi-manufactured forms, or in powder form.;Total Exports;Net Weight(Kg);United Republic of Tanzania;European Union All Countries
May 2022;7644757;71081200 - Gold (including gold plated with platinum) unwrought or in semi-manufactured forms, or in powder form.- Non-monetary:-- Other unwrought forms;Total Exports;Net Weight(Kg);United Republic of Tanzania;European Union All Countries
May 2022;7644757;7108 - Gold (including gold plated with platinum) unwrought or in semi-manufactured forms, or in powder form.;Total Exports;Quantity;United Republic of Tanzania;European Union All Countries
May 2022;7644757;71081200 - Gold (including gold plated with platinum) unwrought or in semi-manufactured forms, or in powder form.- Non-monetary:-- Other unwrought forms;Total Exports;Quantity;United Republic of Tanzania;European Union All Countries
Aug 2020;7709000;2616 - Precious metal ores and concentrates.;Total Exports;Net Weight(Kg);United Republic of Tanzania;European Union All Countries
Aug 2020;7709000;2616 - Precious metal ores and concentrates.;Total Exports;Quantity;United Republic of Tanzania;European Union All Countries
May 2020;7740000;26 - Ores, slag and ash.;Total Exports;Net Weight(Kg);Kenya;European Union All Countries
May 2020;7740000;26 - Ores, slag and ash.;Total Exports;Quantity;Kenya;European Union All Countries
Nov 2022;7745490;26 - Ores, slag and ash.;Total Imports;Net Weight(Kg);United Republic of Tanzania;SADC
Nov 2022;7745490;26 - Ores, slag and ash.;Total Imports;Quantity;United Republic of Tanzania;SADC
Dec 2020;7793590;71081200 - Gold (including gold plated with platinum) unwrought or in semi-manufactured forms, or in powder form.- Non-monetary:-- Other unwrought forms;Total Imports;Quantity;Uganda;SADC
Sep 2022;7860000;7108 - Gold (including gold plated with platinum) unwrought or in semi-manufactured forms, or in powder form.;Total Imports;Quantity;Rwanda;SADC
Sep 2022;7860000;71081200 - Gold (including gold plated with platinum) unwrought or in semi-manufactured forms, or in powder form.- Non-monetary:-- Other unwrought forms;Total Imports;Quantity;Rwanda;SADC
Aug 2025;7958460;2603 - Copper ores and concentrates.;Total Imports;Net Weight(Kg);DR Congo;European Union All Countries
Sep 2023;8000000;7108 - Gold (including gold plated with platinum) unwrought or in semi-manufactured forms, or in powder form.;Total Imports;Quantity;Rwanda;SADC
Jan 2024;8000000;7108 - Gold (including gold plated with platinum) unwrought or in semi-manufactured forms, or in powder form.;Total Imports;Quantity;Rwanda;SADC
Sep 2023;8000000;71081200 - Gold (including gold plated with platinum) unwrought or in semi-manufactured forms, or in powder form.- Non-monetary:-- Other unwrought forms;Total Imports;Quantity;Rwanda;SADC
Jan 2024;8000000;71081200 - Gold (including gold plated with platinum) unwrought or in semi-manufactured forms, or in powder form.- Non-monetary:-- Other unwrought forms;Total Imports;Quantity;Rwanda;SADC
Oct 2022;8038400;26 - Ores, slag and ash.;Total Exports;Net Weight(Kg);United Republic of Tanzania;ASEAN
Oct 2022;8038400;2603 - Copper ores and concentrates.;Total Exports;Net Weight(Kg);United Republic of Tanzania;ASEAN
Oct 2022;8038400;26 - Ores, slag and ash.;Total Exports;Quantity;United Republic of Tanzania;ASEAN
Oct 2022;8038400;2603 - Copper ores and concentrates.;Total Exports;Quantity;United Republic of Tanzania;ASEAN
Aug 2023;8060000;7108 - Gold (including gold plated with platinum) unwrought or in semi-manufactured forms, or in powder form.;Total Imports;Quantity;Rwanda;SADC
Aug 2023;8060000;71081200 - Gold (including gold plated with platinum) unwrought or in semi-manufactured forms, or in powder form.- Non-monetary:-- Other unwrought forms;Total Imports;Quantity;Rwanda;SADC
Oct 2024;8061828;7108 - Gold (including gold plated with platinum) unwrought or in semi-manufactured forms, or in powder form.;Total Exports;FOB Value (US$);Uganda;ASEAN
Oct 2024;8061828;71081300 - Gold (including gold plated with platinum) unwrought or in semi-manufactured forms, or in powder form.- Non-monetary:-- Other semi-manufactured forms;Total Exports;FOB Value (US$);Uganda;ASEAN
Aug 2025;8099760;26 - Ores, slag and ash.;Total Imports;Net Weight(Kg);DR Congo;European Union All Countries
Apr 2020;8110000;26 - Ores, slag and ash.;Total Exports;Net Weight(Kg);Kenya;European Union All Countries
Apr 2020;8110000;26 - Ores, slag and ash.;Total Exports;Quantity;Kenya;European Union All Countries
Mar 2025;8169900;7108 - Gold (including gold plated with platinum) unwrought or in semi-manufactured forms, or in powder form.;Total Imports;Quantity;Rwanda;SADC
Mar 2025;8169900;71081200 - Gold (including gold plated with platinum) unwrought or in semi-manufactured forms, or in powder form.- Non-monetary:-- Other unwrought forms;Total Imports;Quantity;Rwanda;SADC
Jul 2021;8256450;26 - Ores, slag and ash.;Total Exports;Net Weight(Kg);DR Congo;SADC
Jul 2021;8256450;2603 - Copper ores and concentrates.;Total Exports;Net Weight(Kg);DR Congo;SADC
May 2020;8317180;7108 - Gold (including gold plated with platinum) unwrought or in semi-manufactured forms, or in powder form.;Total Imports;Quantity;Uganda;SADC
Mar 2022;8327430;26 - Ores, slag and ash.;Total Exports;Net Weight(Kg);DR Congo;ASEAN
Aug 2022;8363100;2603 - Copper ores and concentrates.;Total Exports;Net Weight(Kg);United Republic of Tanzania;European Union All Countries
Aug 2022;8363100;2603 - Copper ores and concentrates.;Total Exports;Quantity;United Republic of Tanzania;European Union All Countries
Apr 2021;8376090;71081200 - Gold (including gold plated with platinum) unwrought or in semi-manufactured forms, or in powder form.- Non-monetary:-- Other unwrought forms;Total Imports;Quantity;Uganda;SADC
Jun 2020;8466000;26 - Ores, slag and ash.;Total Exports;Net Weight(Kg);DR Congo;European Union All Countries
Oct 2022;8475590;26 - Ores, slag and ash.;Total Exports;Net Weight(Kg);DR Congo;SADC
Feb 2020;8479170;26 - Ores, slag and ash.;Total Exports;Net Weight(Kg);DR Congo;European Union All Countries
Sep 2020;8480000;7108 - Gold (including gold plated with platinum) unwrought or in semi-manufactured forms, or in powder form.;Total Imports;Quantity;Rwanda;SADC
Sep 2020;8480000;71081200 - Gold (including gold plated with platinum) unwrought or in semi-manufactured forms, or in powder form.- Non-monetary:-- Other unwrought forms;Total Imports;Quantity;Rwanda;SADC
May 2020;8496820;26 - Ores, slag and ash.;Total Exports;Net Weight(Kg);DR Congo;European Union All Countries
Dec 2021;8520000;7108 - Gold (including gold plated with platinum) unwrought or in semi-manufactured forms, or in powder form.;Total Imports;Quantity;Rwanda;SADC
Dec 2021;8520000;71081200 - Gold (including gold plated with platinum) unwrought or in semi-manufactured forms, or in powder form.- Non-monetary:-- Other unwrought forms;Total Imports;Quantity;Rwanda;SADC
Oct 2023;8530400;26 - Ores, slag and ash.;Total Exports;Net Weight(Kg);United Republic of Tanzania;ASEAN
Oct 2023;8530400;2603 - Copper ores and concentrates.;Total Exports;Net Weight(Kg);United Republic of Tanzania;ASEAN
Oct 2023;8530400;26 - Ores, slag and ash.;Total Exports;Quantity;United Republic of Tanzania;ASEAN
Oct 2023;8530400;2603 - Copper ores and concentrates.;Total Exports;Quantity;United Republic of Tanzania;ASEAN
Dec 2023;8548615;26 - Ores, slag and ash.;Total Imports;Net Weight(Kg);Rwanda;SADC
Dec 2023;8548615;2609 - Tin ores and concentrates.;Total Imports;Net Weight(Kg);Rwanda;SADC
May 2022;8572700;2603 - Copper ores and concentrates.;Total Exports;Net Weight(Kg);United Republic of Tanzania;European Union All Countries
May 2022;8572700;2603 - Copper ores and concentrates.;Total Exports;Quantity;United Republic of Tanzania;European Union All Countries
Oct 2021;8601300;26 - Ores, slag and ash.;Total Exports;Net Weight(Kg);United Republic of Tanzania;European Union All Countries
Oct 2021;8601300;2616 - Precious metal ores and concentrates.;Total Exports;Net Weight(Kg);United Republic of Tanzania;European Union All Countries
Oct 2021;8601300;26 - Ores, slag and ash.;Total Exports;Quantity;United Republic of Tanzania;European Union All Countries
Oct 2021;8601300;2616 - Precious metal ores and concentrates.;Total Exports;Quantity;United Republic of Tanzania;European Union All Countries
Aug 2022;8613198;26 - Ores, slag and ash.;Total Exports;Net Weight(Kg);United Republic of Tanzania;European Union All Countries
Aug 2022;8613198;26 - Ores, slag and ash.;Total Exports;Quantity;United Republic of Tanzania;European Union All Countries
Oct 2021;8673400;2616 - Precious metal ores and concentrates.;Total Exports;Net Weight(Kg);United Republic of Tanzania;ASEAN
Oct 2021;8673400;2616 - Precious metal ores and concentrates.;Total Exports;Quantity;United Republic of Tanzania;ASEAN
Oct 2021;8673430;26 - Ores, slag and ash.;Total Exports;Net Weight(Kg);United Republic of Tanzania;ASEAN
Oct 2021;8673430;26 - Ores, slag and ash.;Total Exports;Quantity;United Republic of Tanzania;ASEAN
Dec 2021;8738200;2616 - Precious metal ores and concentrates.;Total Exports;Net Weight(Kg);United Republic of Tanzania;European Union All Countries
Dec 2021;8738200;2616 - Precious metal ores and concentrates.;Total Exports;Quantity;United Republic of Tanzania;European Union All Countries
Dec 2021;8738225;26 - Ores, slag and ash.;Total Exports;Net Weight(Kg);United Republic of Tanzania;European Union All Countries
Dec 2021;8738225;26 - Ores, slag and ash.;Total Exports;Quantity;United Republic of Tanzania;European Union All Countries
Oct 2020;8746570;26 - Ores, slag and ash.;Total Exports;Net Weight(Kg);DR Congo;European Union All Countries
Aug 2021;8785930;2603 - Copper ores and concentrates.;Total Exports;Net Weight(Kg);DR Congo;SADC
Feb 2023;8850000;7108 - Gold (including gold plated with platinum) unwrought or in semi-manufactured forms, or in powder form.;Total Imports;Quantity;Rwanda;SADC
Feb 2023;8850000;71081200 - Gold (including gold plated with platinum) unwrought or in semi-manufactured forms, or in powder form.- Non-monetary:-- Other unwrought forms;Total Imports;Quantity;Rwanda;SADC
Sep 2020;8876070;71081200 - Gold (including gold plated with platinum) unwrought or in semi-manufactured forms, or in powder form.- Non-monetary:-- Other unwrought forms;Total Imports;Quantity;Uganda;SADC
Apr 2021;8940760;2603 - Copper ores and concentrates.;Total Exports;Net Weight(Kg);DR Congo;SADC
Apr 2021;8940960;26 - Ores, slag and ash.;Total Exports;Net Weight(Kg);DR Congo;SADC
Aug 2020;8959000;26 - Ores, slag and ash.;Total Exports;Net Weight(Kg);United Republic of Tanzania;European Union All Countries
Aug 2020;8959000;26 - Ores, slag and ash.;Total Exports;Quantity;United Republic of Tanzania;European Union All Countries
May 2022;9000000;2606 - Aluminium ores and concentrates.;Total Exports;Net Weight(Kg);United Republic of Tanzania;SADC
May 2022;9000000;2606 - Aluminium ores and concentrates.;Total Exports;Quantity;United Republic of Tanzania;SADC
Feb 2023;9115428;7108 - Gold (including gold plated with platinum) unwrought or in semi-manufactured forms, or in powder form.;Total Imports;CIF Value (US$);United Republic of Tanzania;SADC
Feb 2023;9115428;71081300 - Gold (including gold plated with platinum) unwrought or in semi-manufactured forms, or in powder form.- Non-monetary:-- Other semi-manufactured forms;Total Imports;CIF Value (US$);United Republic of Tanzania;SADC
Dec 2024;9118608;26 - Ores, slag and ash.;Total Imports;CIF Value (US$);United Republic of Tanzania;SADC
Dec 2023;9150000;7108 - Gold (including gold plated with platinum) unwrought or in semi-manufactured forms, or in powder form.;Total Imports;Quantity;Rwanda;SADC
Dec 2023;9150000;71081200 - Gold (including gold plated with platinum) unwrought or in semi-manufactured forms, or in powder form.- Non-monetary:-- Other unwrought forms;Total Imports;Quantity;Rwanda;SADC
Aug 2021;9199230;26 - Ores, slag and ash.;Total Exports;Net Weight(Kg);DR Congo;SADC
Nov 2022;9263403;26 - Ores, slag and ash.;Total Exports;FOB Value (US$);DR Congo;European Union All Countries
Jul 2022;9298598;26 - Ores, slag and ash.;Total Imports;CIF Value (US$);DR Congo;SADC
Jan 2020;9321670;71081300 - Gold (including gold plated with platinum) unwrought or in semi-manufactured forms, or in powder form.- Non-monetary:-- Other semi-manufactured forms;Total Imports;Quantity;Uganda;SADC
Jan 2020;9386840;7108 - Gold (including gold plated with platinum) unwrought or in semi-manufactured forms, or in powder form.;Total Imports;Quantity;Uganda;SADC
Nov 2023;9400000;7108 - Gold (including gold plated with platinum) unwrought or in semi-manufactured forms, or in powder form.;Total Imports;Quantity;Rwanda;SADC
Nov 2023;9400000;71081200 - Gold (including gold plated with platinum) unwrought or in semi-manufactured forms, or in powder form.- Non-monetary:-- Other unwrought forms;Total Imports;Quantity;Rwanda;SADC
Apr 2025;9414745;26 - Ores, slag and ash.;Total Exports;FOB Value (US$);Rwanda;SADC
Jun 2022;9479299;7106 - Silver (including silver plated with gold or platinum), unwrought or in semi-manufactured forms, or in powder form.;Total Imports;CIF Value (US$);DR Congo;SADC
Jun 2022;9479299;71069200 - Silver (including silver plated with gold or platinum), unwrought or in semi-manufactured forms, or in powder form.- Other:-- Semi-manufactured;Total Imports;CIF Value (US$);DR Congo;SADC
Mar 2023;9490000;7108 - Gold (including gold plated with platinum) unwrought or in semi-manufactured forms, or in powder form.;Total Imports;Quantity;Rwanda;SADC
Mar 2023;9490000;71081200 - Gold (including gold plated with platinum) unwrought or in semi-manufactured forms, or in powder form.- Non-monetary:-- Other unwrought forms;Total Imports;Quantity;Rwanda;SADC
May 2022;9656000;26 - Ores, slag and ash.;Total Exports;Net Weight(Kg);United Republic of Tanzania;SADC
May 2022;9656000;26 - Ores, slag and ash.;Total Exports;Quantity;United Republic of Tanzania;SADC
Jan 2024;9663000;26 - Ores, slag and ash.;Total Imports;Net Weight(Kg);Kenya;SADC
Jan 2024;9663000;2606 - Aluminium ores and concentrates.;Total Imports;Net Weight(Kg);Kenya;SADC
Jan 2024;9663000;26 - Ores, slag and ash.;Total Imports;Quantity;Kenya;SADC
Jan 2024;9663000;2606 - Aluminium ores and concentrates.;Total Imports;Quantity;Kenya;SADC
Aug 2023;9830000;26 - Ores, slag and ash.;Total Exports;Net Weight(Kg);Kenya;European Union All Countries
Aug 2023;9830000;26 - Ores, slag and ash.;Total Exports;Quantity;Kenya;European Union All Countries
Jul 2022;9933619;26 - Ores, slag and ash.;Total Imports;Net Weight(Kg);United Republic of Tanzania;SADC
Jul 2022;9933619;26 - Ores, slag and ash.;Total Imports;Quantity;United Republic of Tanzania;SADC
Jul 2025;9951678;7108 - Gold (including gold plated with platinum) unwrought or in semi-manufactured forms, or in powder form.;Total Imports;Net Weight(Kg);Uganda;SADC
Jul 2025;9951678;71081200 - Gold (including gold plated with platinum) unwrought or in semi-manufactured forms, or in powder form.- Non-monetary:-- Other unwrought forms;Total Imports;Net Weight(Kg);Uganda;SADC
Nov 2023;10000000;26 - Ores, slag and ash.;Total Exports;Net Weight(Kg);Kenya;SADC
Nov 2023;10000000;26 - Ores, slag and ash.;Total Exports;Quantity;Kenya;SADC
Jul 2024;10000000;7108 - Gold (including gold plated with platinum) unwrought or in semi-manufactured forms, or in powder form.;Total Imports;Quantity;Rwanda;SADC
Jul 2024;10000000;71081200 - Gold (including gold plated with platinum) unwrought or in semi-manufactured forms, or in powder form.- Non-monetary:-- Other unwrought forms;Total Imports;Quantity;Rwanda;SADC
Apr 2020;10152000;26 - Ores, slag and ash.;Total Exports;Net Weight(Kg);DR Congo;European Union All Countries
Oct 2024;10200000;2606 - Aluminium ores and concentrates.;Total Imports;Net Weight(Kg);Kenya;SADC
Oct 2024;10200000;2606 - Aluminium ores and concentrates.;Total Imports;Quantity;Kenya;SADC
Aug 2021;10327980;26 - Ores, slag and ash.;Total Exports;FOB Value (US$);DR Congo;European Union All Countries
Jul 2020;10360000;26 - Ores, slag and ash.;Total Exports;Net Weight(Kg);Kenya;European Union All Countries
Jul 2024;10360000;26 - Ores, slag and ash.;Total Exports;Net Weight(Kg);Kenya;European Union All Countries
Jul 2020;10360000;26 - Ores, slag and ash.;Total Exports;Quantity;Kenya;European Union All Countries
Jul 2024;10360000;26 - Ores, slag and ash.;Total Exports;Quantity;Kenya;European Union All Countries
Dec 2020;10380000;26 - Ores, slag and ash.;Total Exports;Net Weight(Kg);Kenya;European Union All Countries
Dec 2020;10380000;26 - Ores, slag and ash.;Total Exports;Quantity;Kenya;European Union All Countries
Aug 2022;10460610;26 - Ores, slag and ash.;Total Exports;Net Weight(Kg);Kenya;European Union All Countries
Aug 2022;10460610;26 - Ores, slag and ash.;Total Exports;Quantity;Kenya;European Union All Countries
Dec 2024;10650001;26 - Ores, slag and ash.;Total Imports;CIF Value (US$);DR Congo;SADC
Jul 2020;10755200;26 - Ores, slag and ash.;Total Exports;Net Weight(Kg);DR Congo;European Union All Countries
Oct 2024;10930000;26 - Ores, slag and ash.;Total Imports;Net Weight(Kg);Kenya;SADC
Oct 2024;10930000;26 - Ores, slag and ash.;Total Imports;Quantity;Kenya;SADC
Dec 2021;10988921;26 - Ores, slag and ash.;Total Imports;CIF Value (US$);DR Congo;European Union All Countries
Dec 2021;10988921;2616 - Precious metal ores and concentrates.;Total Imports;CIF Value (US$);DR Congo;European Union All Countries
Mar 2024;11326098;26 - Ores, slag and ash.;Total Imports;CIF Value (US$);DR Congo;SADC
Aug 2020;11500760;71081300 - Gold (including gold plated with platinum) unwrought or in semi-manufactured forms, or in powder form.- Non-monetary:-- Other semi-manufactured forms;Total Imports;Quantity;Uganda;SADC
Jul 2020;11586990;71081200 - Gold (including gold plated with platinum) unwrought or in semi-manufactured forms, or in powder form.- Non-monetary:-- Other unwrought forms;Total Imports;Quantity;Uganda;SADC
Mar 2021;11650000;26 - Ores, slag and ash.;Total Exports;Net Weight(Kg);Kenya;European Union All Countries
Mar 2021;11650000;26 - Ores, slag and ash.;Total Exports;Quantity;Kenya;European Union All Countries
Mar 2022;11700000;2606 - Aluminium ores and concentrates.;Total Imports;Net Weight(Kg);Kenya;SADC
Mar 2022;11700000;2606 - Aluminium ores and concentrates.;Total Imports;Quantity;Kenya;SADC
Nov 2024;11731500;2606 - Aluminium ores and concentrates.;Total Imports;Net Weight(Kg);Kenya;SADC
Nov 2024;11731500;2606 - Aluminium ores and concentrates.;Total Imports;Quantity;Kenya;SADC
Jun 2022;11792534;7108 - Gold (including gold plated with platinum) unwrought or in semi-manufactured forms, or in powder form.;Total Exports;FOB Value (US$);United Republic of Tanzania;European Union All Countries
Jun 2022;11792534;71081200 - Gold (including gold plated with platinum) unwrought or in semi-manufactured forms, or in powder form.- Non-monetary:-- Other unwrought forms;Total Exports;FOB Value (US$);United Republic of Tanzania;European Union All Countries
Sep 2021;11825500;26 - Ores, slag and ash.;Total Exports;FOB Value (US$);DR Congo;ASEAN
Nov 2022;11867337;7110 - Platinum, unwrought or in semi-manufactured forms, or in powder form.;Total Imports;CIF Value (US$);DR Congo;European Union All Countries
Jun 2023;11869600;26 - Ores, slag and ash.;Total Exports;Net Weight(Kg);United Republic of Tanzania;ASEAN
Jun 2023;11869600;2603 - Copper ores and concentrates.;Total Exports;Net Weight(Kg);United Republic of Tanzania;ASEAN
Jun 2023;11869600;26 - Ores, slag and ash.;Total Exports;Quantity;United Republic of Tanzania;ASEAN
Jun 2023;11869600;2603 - Copper ores and concentrates.;Total Exports;Quantity;United Republic of Tanzania;ASEAN
May 2024;11930000;26 - Ores, slag and ash.;Total Exports;Net Weight(Kg);Kenya;European Union All Countries
May 2024;11930000;26 - Ores, slag and ash.;Total Exports;Quantity;Kenya;European Union All Countries
Nov 2024;11941500;26 - Ores, slag and ash.;Total Imports;Net Weight(Kg);Kenya;SADC
Nov 2024;11941500;26 - Ores, slag and ash.;Total Imports;Quantity;Kenya;SADC
Dec 2022;11960000;26 - Ores, slag and ash.;Total Exports;Net Weight(Kg);Kenya;European Union All Countries
Dec 2022;11960000;26 - Ores, slag and ash.;Total Exports;Quantity;Kenya;European Union All Countries
Mar 2022;12200000;26 - Ores, slag and ash.;Total Imports;Net Weight(Kg);Kenya;SADC
Mar 2022;12200000;26 - Ores, slag and ash.;Total Imports;Quantity;Kenya;SADC
May 2025;12403605;7108 - Gold (including gold plated with platinum) unwrought or in semi-manufactured forms, or in powder form.;Total Exports;Net Weight(Kg);United Republic of Tanzania;SADC
May 2025;12403605;71081200 - Gold (including gold plated with platinum) unwrought or in semi-manufactured forms, or in powder form.- Non-monetary:-- Other unwrought forms;Total Exports;Net Weight(Kg);United Republic of Tanzania;SADC
May 2025;12403605;7108 - Gold (including gold plated with platinum) unwrought or in semi-manufactured forms, or in powder form.;Total Exports;Quantity;United Republic of Tanzania;SADC
May 2025;12403605;71081200 - Gold (including gold plated with platinum) unwrought or in semi-manufactured forms, or in powder form.- Non-monetary:-- Other unwrought forms;Total Exports;Quantity;United Republic of Tanzania;SADC
Jan 2025;12405400;2603 - Copper ores and concentrates.;Total Exports;Net Weight(Kg);United Republic of Tanzania;ASEAN
Jan 2025;12405400;2603 - Copper ores and concentrates.;Total Exports;Quantity;United Republic of Tanzania;ASEAN
Jan 2022;12440000;26 - Ores, slag and ash.;Total Exports;Net Weight(Kg);Kenya;European Union All Countries
Jan 2022;12440000;26 - Ores, slag and ash.;Total Exports;Quantity;Kenya;European Union All Countries
Apr 2022;12460419;26 - Ores, slag and ash.;Total Exports;FOB Value (US$);Uganda;European Union All Countries
Jun 2022;12460736;26 - Ores, slag and ash.;Total Exports;FOB Value (US$);Uganda;European Union All Countries
Feb 2024;12520000;26 - Ores, slag and ash.;Total Exports;Net Weight(Kg);Kenya;European Union All Countries
Feb 2024;12520000;26 - Ores, slag and ash.;Total Exports;Quantity;Kenya;European Union All Countries
May 2021;12580670;26 - Ores, slag and ash.;Total Exports;Net Weight(Kg);DR Congo;SADC
May 2021;12580670;2603 - Copper ores and concentrates.;Total Exports;Net Weight(Kg);DR Congo;SADC
Oct 2020;12588650;71081300 - Gold (including gold plated with platinum) unwrought or in semi-manufactured forms, or in powder form.- Non-monetary:-- Other semi-manufactured forms;Total Imports;Quantity;Uganda;SADC
Feb 2023;12602999;26 - Ores, slag and ash.;Total Exports;FOB Value (US$);Uganda;European Union All Countries
Nov 2023;12618307;26 - Ores, slag and ash.;Total Exports;FOB Value (US$);Uganda;European Union All Countries
Feb 2023;12678700;26 - Ores, slag and ash.;Total Exports;Net Weight(Kg);United Republic of Tanzania;ASEAN
Feb 2023;12678700;2603 - Copper ores and concentrates.;Total Exports;Net Weight(Kg);United Republic of Tanzania;ASEAN
Feb 2023;12678700;26 - Ores, slag and ash.;Total Exports;Quantity;United Republic of Tanzania;ASEAN
Feb 2023;12678700;2603 - Copper ores and concentrates.;Total Exports;Quantity;United Republic of Tanzania;ASEAN
Apr 2021;12713472;26 - Ores, slag and ash.;Total Exports;FOB Value (US$);DR Congo;European Union All Countries
Jul 2022;12738300;26 - Ores, slag and ash.;Total Exports;Net Weight(Kg);United Republic of Tanzania;ASEAN
Jul 2022;12738300;2603 - Copper ores and concentrates.;Total Exports;Net Weight(Kg);United Republic of Tanzania;ASEAN
Jul 2022;12738300;26 - Ores, slag and ash.;Total Exports;Quantity;United Republic of Tanzania;ASEAN
Jul 2022;12738300;2603 - Copper ores and concentrates.;Total Exports;Quantity;United Republic of Tanzania;ASEAN
Aug 2020;12777570;71081200 - Gold (including gold plated with platinum) unwrought or in semi-manufactured forms, or in powder form.- Non-monetary:-- Other unwrought forms;Total Imports;Quantity;Uganda;SADC
Aug 2022;12813896;26 - Ores, slag and ash.;Total Exports;FOB Value (US$);Uganda;European Union All Countries
Oct 2022;12815127;26 - Ores, slag and ash.;Total Exports;FOB Value (US$);Uganda;European Union All Countries
Oct 2023;12819901;26 - Ores, slag and ash.;Total Exports;FOB Value (US$);Rwanda;European Union All Countries
Sep 2023;12824605;26 - Ores, slag and ash.;Total Exports;Net Weight(Kg);United Republic of Tanzania;European Union All Countries
Sep 2023;12824605;2603 - Copper ores and concentrates.;Total Exports;Net Weight(Kg);United Republic of Tanzania;European Union All Countries
Sep 2023;12824605;26 - Ores, slag and ash.;Total Exports;Quantity;United Republic of Tanzania;European Union All Countries
Sep 2023;12824605;2603 - Copper ores and concentrates.;Total Exports;Quantity;United Republic of Tanzania;European Union All Countries
Jun 2023;12878300;2603 - Copper ores and concentrates.;Total Exports;Net Weight(Kg);United Republic of Tanzania;European Union All Countries
Jun 2023;12878300;2603 - Copper ores and concentrates.;Total Exports;Quantity;United Republic of Tanzania;European Union All Countries
Nov 2024;12899998;26 - Ores, slag and ash.;Total Imports;CIF Value (US$);DR Congo;SADC
Jan 2025;12925400;26 - Ores, slag and ash.;Total Exports;Net Weight(Kg);United Republic of Tanzania;ASEAN
Jan 2025;12925400;26 - Ores, slag and ash.;Total Exports;Quantity;United Republic of Tanzania;ASEAN
Aug 2020;12930000;7108 - Gold (including gold plated with platinum) unwrought or in semi-manufactured forms, or in powder form.;Total Imports;Quantity;Rwanda;SADC
Aug 2020;12930000;71081200 - Gold (including gold plated with platinum) unwrought or in semi-manufactured forms, or in powder form.- Non-monetary:-- Other unwrought forms;Total Imports;Quantity;Rwanda;SADC
Jul 2022;12936100;26 - Ores, slag and ash.;Total Exports;Net Weight(Kg);United Republic of Tanzania;European Union All Countries
Jul 2022;12936100;2603 - Copper ores and concentrates.;Total Exports;Net Weight(Kg);United Republic of Tanzania;European Union All Countries
Jul 2022;12936100;26 - Ores, slag and ash.;Total Exports;Quantity;United Republic of Tanzania;European Union All Countries
Jul 2022;12936100;2603 - Copper ores and concentrates.;Total Exports;Quantity;United Republic of Tanzania;European Union All Countries
Jul 2021;13010000;26 - Ores, slag and ash.;Total Exports;Net Weight(Kg);Kenya;European Union All Countries
Jul 2021;13010000;26 - Ores, slag and ash.;Total Exports;Quantity;Kenya;European Union All Countries
Nov 2023;13143000;26 - Ores, slag and ash.;Total Exports;Net Weight(Kg);United Republic of Tanzania;ASEAN
Nov 2023;13143000;2603 - Copper ores and concentrates.;Total Exports;Net Weight(Kg);United Republic of Tanzania;ASEAN
Nov 2023;13143000;26 - Ores, slag and ash.;Total Exports;Quantity;United Republic of Tanzania;ASEAN
Nov 2023;13143000;2603 - Copper ores and concentrates.;Total Exports;Quantity;United Republic of Tanzania;ASEAN
Feb 2022;13150173;26 - Ores, slag and ash.;Total Exports;FOB Value (US$);Uganda;European Union All Countries
Dec 2021;13150955;26 - Ores, slag and ash.;Total Exports;FOB Value (US$);Uganda;European Union All Countries
Jan 2022;13151323;26 - Ores, slag and ash.;Total Exports;FOB Value (US$);Uganda;European Union All Countries
May 2022;13190000;26 - Ores, slag and ash.;Total Exports;Net Weight(Kg);Kenya;European Union All Countries
May 2022;13190000;26 - Ores, slag and ash.;Total Exports;Quantity;Kenya;European Union All Countries
Apr 2021;13200000;2606 - Aluminium ores and concentrates.;Total Imports;Net Weight(Kg);Kenya;SADC
Apr 2021;13200000;2606 - Aluminium ores and concentrates.;Total Imports;Quantity;Kenya;SADC
Feb 2020;13257200;7108 - Gold (including gold plated with platinum) unwrought or in semi-manufactured forms, or in powder form.;Total Imports;Quantity;Uganda;SADC
Feb 2020;13257200;71081300 - Gold (including gold plated with platinum) unwrought or in semi-manufactured forms, or in powder form.- Non-monetary:-- Other semi-manufactured forms;Total Imports;Quantity;Uganda;SADC
Apr 2023;13260000;26 - Ores, slag and ash.;Total Exports;Net Weight(Kg);Kenya;European Union All Countries
Apr 2023;13260000;26 - Ores, slag and ash.;Total Exports;Quantity;Kenya;European Union All Countries
Dec 2021;13282001;2603 - Copper ores and concentrates.;Total Exports;FOB Value (US$);DR Congo;SADC
Jun 2020;13364710;71081300 - Gold (including gold plated with platinum) unwrought or in semi-manufactured forms, or in powder form.- Non-monetary:-- Other semi-manufactured forms;Total Imports;Quantity;Uganda;SADC
Dec 2023;13370900;26 - Ores, slag and ash.;Total Exports;Net Weight(Kg);United Republic of Tanzania;ASEAN
Dec 2023;13370900;2603 - Copper ores and concentrates.;Total Exports;Net Weight(Kg);United Republic of Tanzania;ASEAN
Dec 2023;13370900;26 - Ores, slag and ash.;Total Exports;Quantity;United Republic of Tanzania;ASEAN
Dec 2023;13370900;2603 - Copper ores and concentrates.;Total Exports;Quantity;United Republic of Tanzania;ASEAN
Apr 2021;13470000;26 - Ores, slag and ash.;Total Imports;Net Weight(Kg);Kenya;SADC
Apr 2021;13470000;26 - Ores, slag and ash.;Total Imports;Quantity;Kenya;SADC
Jul 2025;13542300;26 - Ores, slag and ash.;Total Exports;Net Weight(Kg);United Republic of Tanzania;ASEAN
Jul 2025;13542300;2603 - Copper ores and concentrates.;Total Exports;Net Weight(Kg);United Republic of Tanzania;ASEAN
Jul 2025;13542300;26 - Ores, slag and ash.;Total Exports;Quantity;United Republic of Tanzania;ASEAN
Jul 2025;13542300;2603 - Copper ores and concentrates.;Total Exports;Quantity;United Republic of Tanzania;ASEAN
Oct 2020;13598520;71081200 - Gold (including gold plated with platinum) unwrought or in semi-manufactured forms, or in powder form.- Non-monetary:-- Other unwrought forms;Total Imports;Quantity;Uganda;SADC
Feb 2025;13624000;26 - Ores, slag and ash.;Total Exports;Net Weight(Kg);United Republic of Tanzania;ASEAN
Feb 2025;13624000;2603 - Copper ores and concentrates.;Total Exports;Net Weight(Kg);United Republic of Tanzania;ASEAN
Feb 2025;13624000;26 - Ores, slag and ash.;Total Exports;Quantity;United Republic of Tanzania;ASEAN
Feb 2025;13624000;2603 - Copper ores and concentrates.;Total Exports;Quantity;United Republic of Tanzania;ASEAN
Jul 2022;13625530;26 - Ores, slag and ash.;Total Exports;Net Weight(Kg);DR Congo;SADC
Feb 2020;13700000;7106 - Silver (including silver plated with gold or platinum), unwrought or in semi-manufactured forms, or in powder form.;Total Exports;Quantity;Kenya;SADC
Feb 2020;13700000;71069100 - Silver (including silver plated with gold or platinum), unwrought or in semi-manufactured forms, or in powder form.- Other:-- Unwrought;Total Exports;Quantity;Kenya;SADC
Sep 2021;13744301;26 - Ores, slag and ash.;Total Exports;FOB Value (US$);Uganda;European Union All Countries
Nov 2022;13800000;2606 - Aluminium ores and concentrates.;Total Imports;Net Weight(Kg);Kenya;SADC
Nov 2022;13800000;2606 - Aluminium ores and concentrates.;Total Imports;Quantity;Kenya;SADC
Mar 2025;14073726;7108 - Gold (including gold plated with platinum) unwrought or in semi-manufactured forms, or in powder form.;Total Exports;FOB Value (US$);United Republic of Tanzania;European Union All Countries
Mar 2025;14073726;71081200 - Gold (including gold plated with platinum) unwrought or in semi-manufactured forms, or in powder form.- Non-monetary:-- Other unwrought forms;Total Exports;FOB Value (US$);United Republic of Tanzania;European Union All Countries
Jun 2020;14262440;7108 - Gold (including gold plated with platinum) unwrought or in semi-manufactured forms, or in powder form.;Total Imports;Quantity;Uganda;SADC
Sep 2021;14297796;26 - Ores, slag and ash.;Total Imports;CIF Value (US$);DR Congo;ASEAN
Sep 2021;14297796;2609 - Tin ores and concentrates.;Total Imports;CIF Value (US$);DR Congo;ASEAN
Feb 2021;14400000;2606 - Aluminium ores and concentrates.;Total Imports;Net Weight(Kg);Kenya;SADC
Feb 2021;14400000;2606 - Aluminium ores and concentrates.;Total Imports;Quantity;Kenya;SADC
Feb 2020;14425030;26 - Ores, slag and ash.;Total Imports;Net Weight(Kg);DR Congo;SADC
Dec 2021;14528000;7108 - Gold (including gold plated with platinum) unwrought or in semi-manufactured forms, or in powder form.;Total Exports;Net Weight(Kg);DR Congo;ASEAN
Nov 2022;14540000;26 - Ores, slag and ash.;Total Imports;Net Weight(Kg);Kenya;SADC
Nov 2022;14540000;26 - Ores, slag and ash.;Total Imports;Quantity;Kenya;SADC
Sep 2021;14700000;2606 - Aluminium ores and concentrates.;Total Imports;Net Weight(Kg);Kenya;SADC
Sep 2021;14700000;2606 - Aluminium ores and concentrates.;Total Imports;Quantity;Kenya;SADC
Jun 2023;14878300;26 - Ores, slag and ash.;Total Exports;Net Weight(Kg);United Republic of Tanzania;European Union All Countries
Jun 2023;14878300;26 - Ores, slag and ash.;Total Exports;Quantity;United Republic of Tanzania;European Union All Countries
Sep 2021;14980000;26 - Ores, slag and ash.;Total Imports;Net Weight(Kg);Kenya;SADC
Sep 2021;14980000;26 - Ores, slag and ash.;Total Imports;Quantity;Kenya;SADC
May 2021;14980860;26 - Ores, slag and ash.;Total Imports;Net Weight(Kg);DR Congo;SADC
Mar 2023;15000000;2606 - Aluminium ores and concentrates.;Total Imports;Net Weight(Kg);Kenya;SADC
Mar 2023;15000000;2606 - Aluminium ores and concentrates.;Total Imports;Quantity;Kenya;SADC
Feb 2021;15480000;26 - Ores, slag and ash.;Total Imports;Net Weight(Kg);Kenya;SADC
Feb 2021;15480000;26 - Ores, slag and ash.;Total Imports;Quantity;Kenya;SADC
Sep 2024;15540000;26 - Ores, slag and ash.;Total Exports;Net Weight(Kg);Kenya;European Union All Countries
Sep 2024;15540000;26 - Ores, slag and ash.;Total Exports;Quantity;Kenya;European Union All Countries
Jan 2020;15600000;26 - Ores, slag and ash.;Total Exports;Net Weight(Kg);Kenya;European Union All Countries
Jul 2021;15600000;26 - Ores, slag and ash.;Total Imports;Net Weight(Kg);Kenya;SADC
Sep 2023;15600000;26 - Ores, slag and ash.;Total Imports;Net Weight(Kg);Kenya;SADC
Jul 2021;15600000;2606 - Aluminium ores and concentrates.;Total Imports;Net Weight(Kg);Kenya;SADC
Sep 2023;15600000;2606 - Aluminium ores and concentrates.;Total Imports;Net Weight(Kg);Kenya;SADC
Sep 2024;15600000;2606 - Aluminium ores and concentrates.;Total Imports;Net Weight(Kg);Kenya;SADC
Jan 2020;15600000;26 - Ores, slag and ash.;Total Exports;Quantity;Kenya;European Union All Countries
Jul 2021;15600000;26 - Ores, slag and ash.;Total Imports;Quantity;Kenya;SADC
Sep 2023;15600000;26 - Ores, slag and ash.;Total Imports;Quantity;Kenya;SADC
Jul 2021;15600000;2606 - Aluminium ores and concentrates.;Total Imports;Quantity;Kenya;SADC
Sep 2023;15600000;2606 - Aluminium ores and concentrates.;Total Imports;Quantity;Kenya;SADC
Sep 2024;15600000;2606 - Aluminium ores and concentrates.;Total Imports;Quantity;Kenya;SADC
Apr 2021;15818300;71081300 - Gold (including gold plated with platinum) unwrought or in semi-manufactured forms, or in powder form.- Non-monetary:-- Other semi-manufactured forms;Total Imports;Quantity;Uganda;SADC
Jul 2023;15959700;26 - Ores, slag and ash.;Total Exports;Net Weight(Kg);United Republic of Tanzania;ASEAN
Jul 2023;15959700;2603 - Copper ores and concentrates.;Total Exports;Net Weight(Kg);United Republic of Tanzania;ASEAN
Jul 2023;15959700;26 - Ores, slag and ash.;Total Exports;Quantity;United Republic of Tanzania;ASEAN
Jul 2023;15959700;2603 - Copper ores and concentrates.;Total Exports;Quantity;United Republic of Tanzania;ASEAN
Sep 2025;15984864;2605 - Cobalt ores and concentrates.;Total Exports;FOB Value (US$);DR Congo;SADC
Jul 2022;15996331;7106 - Silver (including silver plated with gold or platinum), unwrought or in semi-manufactured forms, or in powder form.;Total Imports;CIF Value (US$);DR Congo;European Union All Countries
Jul 2022;15996331;71069100 - Silver (including silver plated with gold or platinum), unwrought or in semi-manufactured forms, or in powder form.- Other:-- Unwrought;Total Imports;CIF Value (US$);DR Congo;European Union All Countries
Sep 2024;16140000;26 - Ores, slag and ash.;Total Imports;Net Weight(Kg);Kenya;SADC
Sep 2024;16140000;26 - Ores, slag and ash.;Total Imports;Quantity;Kenya;SADC
Jun 2020;16197178;26 - Ores, slag and ash.;Total Exports;FOB Value (US$);Rwanda;European Union All Countries
Jun 2023;16213121;26 - Ores, slag and ash.;Total Imports;CIF Value (US$);DR Congo;SADC
Apr 2023;16239345;26 - Ores, slag and ash.;Total Exports;FOB Value (US$);DR Congo;European Union All Countries
Mar 2021;16319250;7108 - Gold (including gold plated with platinum) unwrought or in semi-manufactured forms, or in powder form.;Total Imports;Quantity;Uganda;SADC
Mar 2021;16319250;71081300 - Gold (including gold plated with platinum) unwrought or in semi-manufactured forms, or in powder form.- Non-monetary:-- Other semi-manufactured forms;Total Imports;Quantity;Uganda;SADC
Oct 2025;16423114;26 - Ores, slag and ash.;Total Imports;Net Weight(Kg);United Republic of Tanzania;SADC
Oct 2025;16423114;26 - Ores, slag and ash.;Total Imports;Quantity;United Republic of Tanzania;SADC
Oct 2022;16500000;26 - Ores, slag and ash.;Total Imports;Net Weight(Kg);Kenya;SADC
Jun 2022;16500000;2606 - Aluminium ores and concentrates.;Total Imports;Net Weight(Kg);Kenya;SADC
Oct 2022;16500000;2606 - Aluminium ores and concentrates.;Total Imports;Net Weight(Kg);Kenya;SADC
Oct 2022;16500000;26 - Ores, slag and ash.;Total Imports;Quantity;Kenya;SADC
Jun 2022;16500000;2606 - Aluminium ores and concentrates.;Total Imports;Quantity;Kenya;SADC
Oct 2022;16500000;2606 - Aluminium ores and concentrates.;Total Imports;Quantity;Kenya;SADC
Jun 2022;16530060;26 - Ores, slag and ash.;Total Imports;Net Weight(Kg);Kenya;SADC
Jun 2022;16530060;26 - Ores, slag and ash.;Total Imports;Quantity;Kenya;SADC
Jun 2021;16534130;71081300 - Gold (including gold plated with platinum) unwrought or in semi-manufactured forms, or in powder form.- Non-monetary:-- Other semi-manufactured forms;Total Imports;Quantity;Uganda;SADC
Jan 2025;16627137;7108 - Gold (including gold plated with platinum) unwrought or in semi-manufactured forms, or in powder form.;Total Imports;Quantity;Uganda;SADC
Jan 2025;16627137;71081200 - Gold (including gold plated with platinum) unwrought or in semi-manufactured forms, or in powder form.- Non-monetary:-- Other unwrought forms;Total Imports;Quantity;Uganda;SADC
Jul 2025;16700925;26 - Ores, slag and ash.;Total Imports;CIF Value (US$);United Republic of Tanzania;SADC
Aug 2022;16748100;26 - Ores, slag and ash.;Total Exports;Net Weight(Kg);United Republic of Tanzania;ASEAN
Aug 2022;16748100;2603 - Copper ores and concentrates.;Total Exports;Net Weight(Kg);United Republic of Tanzania;ASEAN
Aug 2022;16748100;26 - Ores, slag and ash.;Total Exports;Quantity;United Republic of Tanzania;ASEAN
Aug 2022;16748100;2603 - Copper ores and concentrates.;Total Exports;Quantity;United Republic of Tanzania;ASEAN
Aug 2024;16800000;26 - Ores, slag and ash.;Total Imports;Net Weight(Kg);Kenya;SADC
Sep 2022;16800000;2606 - Aluminium ores and concentrates.;Total Imports;Net Weight(Kg);Kenya;SADC
Aug 2024;16800000;2606 - Aluminium ores and concentrates.;Total Imports;Net Weight(Kg);Kenya;SADC
Aug 2024;16800000;26 - Ores, slag and ash.;Total Imports;Quantity;Kenya;SADC
Sep 2022;16800000;2606 - Aluminium ores and concentrates.;Total Imports;Quantity;Kenya;SADC
Aug 2024;16800000;2606 - Aluminium ores and concentrates.;Total Imports;Quantity;Kenya;SADC
Sep 2020;16813460;71081300 - Gold (including gold plated with platinum) unwrought or in semi-manufactured forms, or in powder form.- Non-monetary:-- Other semi-manufactured forms;Total Imports;Quantity;Uganda;SADC
Nov 2020;16836960;71081300 - Gold (including gold plated with platinum) unwrought or in semi-manufactured forms, or in powder form.- Non-monetary:-- Other semi-manufactured forms;Total Imports;Quantity;Uganda;SADC
Jun 2021;16863870;7108 - Gold (including gold plated with platinum) unwrought or in semi-manufactured forms, or in powder form.;Total Exports;Net Weight(Kg);DR Congo;ASEAN
Jun 2021;16863870;71081200 - Gold (including gold plated with platinum) unwrought or in semi-manufactured forms, or in powder form.- Non-monetary:-- Other unwrought forms;Total Exports;Net Weight(Kg);DR Congo;ASEAN
Nov 2021;16873600;26 - Ores, slag and ash.;Total Exports;Net Weight(Kg);United Republic of Tanzania;ASEAN
Nov 2021;16873600;2616 - Precious metal ores and concentrates.;Total Exports;Net Weight(Kg);United Republic of Tanzania;ASEAN
Nov 2021;16873600;26 - Ores, slag and ash.;Total Exports;Quantity;United Republic of Tanzania;ASEAN
Nov 2021;16873600;2616 - Precious metal ores and concentrates.;Total Exports;Quantity;United Republic of Tanzania;ASEAN
Apr 2024;16910000;26 - Ores, slag and ash.;Total Exports;Net Weight(Kg);Kenya;European Union All Countries
Apr 2024;16910000;26 - Ores, slag and ash.;Total Exports;Quantity;Kenya;European Union All Countries
Sep 2021;16919800;26 - Ores, slag and ash.;Total Exports;Net Weight(Kg);United Republic of Tanzania;ASEAN
Sep 2021;16919800;2616 - Precious metal ores and concentrates.;Total Exports;Net Weight(Kg);United Republic of Tanzania;ASEAN
Sep 2021;16919800;26 - Ores, slag and ash.;Total Exports;Quantity;United Republic of Tanzania;ASEAN
Sep 2021;16919800;2616 - Precious metal ores and concentrates.;Total Exports;Quantity;United Republic of Tanzania;ASEAN
Jun 2022;17290300;26 - Ores, slag and ash.;Total Exports;Net Weight(Kg);United Republic of Tanzania;ASEAN
Jun 2022;17290300;2603 - Copper ores and concentrates.;Total Exports;Net Weight(Kg);United Republic of Tanzania;ASEAN
Jun 2022;17290300;26 - Ores, slag and ash.;Total Exports;Quantity;United Republic of Tanzania;ASEAN
Jun 2022;17290300;2603 - Copper ores and concentrates.;Total Exports;Quantity;United Republic of Tanzania;ASEAN
May 2023;17294200;26 - Ores, slag and ash.;Total Exports;Net Weight(Kg);United Republic of Tanzania;ASEAN
May 2023;17294200;2603 - Copper ores and concentrates.;Total Exports;Net Weight(Kg);United Republic of Tanzania;ASEAN
May 2023;17294200;26 - Ores, slag and ash.;Total Exports;Quantity;United Republic of Tanzania;ASEAN
May 2023;17294200;2603 - Copper ores and concentrates.;Total Exports;Quantity;United Republic of Tanzania;ASEAN
Mar 2025;17411592;26 - Ores, slag and ash.;Total Imports;CIF Value (US$);DR Congo;SADC
Sep 2020;17476393;7111 - Base metals, silver or gold,clad with platinum, not further worked than semi-manufactured.;Total Exports;FOB Value (US$);Kenya;SADC
Jan 2023;17590000;26 - Ores, slag and ash.;Total Exports;Net Weight(Kg);Kenya;European Union All Countries
Jan 2023;17590000;26 - Ores, slag and ash.;Total Exports;Quantity;Kenya;European Union All Countries
Mar 2021;18000000;2606 - Aluminium ores and concentrates.;Total Imports;Net Weight(Kg);Kenya;SADC
Mar 2021;18000000;2606 - Aluminium ores and concentrates.;Total Imports;Quantity;Kenya;SADC
Jun 2025;18147000;26 - Ores, slag and ash.;Total Exports;Net Weight(Kg);United Republic of Tanzania;ASEAN
Jun 2025;18147000;2603 - Copper ores and concentrates.;Total Exports;Net Weight(Kg);United Republic of Tanzania;ASEAN
Jun 2025;18147000;26 - Ores, slag and ash.;Total Exports;Quantity;United Republic of Tanzania;ASEAN
Jun 2025;18147000;2603 - Copper ores and concentrates.;Total Exports;Quantity;United Republic of Tanzania;ASEAN
Nov 2024;18283900;7108 - Gold (including gold plated with platinum) unwrought or in semi-manufactured forms, or in powder form.;Total Imports;Quantity;Uganda;SADC
Nov 2024;18283900;71081200 - Gold (including gold plated with platinum) unwrought or in semi-manufactured forms, or in powder form.- Non-monetary:-- Other unwrought forms;Total Imports;Quantity;Uganda;SADC
Apr 2025;18307100;2603 - Copper ores and concentrates.;Total Exports;Net Weight(Kg);United Republic of Tanzania;ASEAN
Apr 2025;18307100;2603 - Copper ores and concentrates.;Total Exports;Quantity;United Republic of Tanzania;ASEAN
Jul 2020;18312800;71081300 - Gold (including gold plated with platinum) unwrought or in semi-manufactured forms, or in powder form.- Non-monetary:-- Other semi-manufactured forms;Total Imports;Quantity;Uganda;SADC
Feb 2023;18470000;26 - Ores, slag and ash.;Total Exports;Net Weight(Kg);Kenya;European Union All Countries
Feb 2023;18470000;26 - Ores, slag and ash.;Total Exports;Quantity;Kenya;European Union All Countries
Feb 2022;18470300;26 - Ores, slag and ash.;Total Exports;Net Weight(Kg);United Republic of Tanzania;ASEAN
Feb 2022;18470300;2603 - Copper ores and concentrates.;Total Exports;Net Weight(Kg);United Republic of Tanzania;ASEAN
Feb 2022;18470300;26 - Ores, slag and ash.;Total Exports;Quantity;United Republic of Tanzania;ASEAN
Feb 2022;18470300;2603 - Copper ores and concentrates.;Total Exports;Quantity;United Republic of Tanzania;ASEAN
Sep 2022;18476540;2609 - Tin ores and concentrates.;Total Exports;Net Weight(Kg);DR Congo;ASEAN
Jan 2022;18510500;26 - Ores, slag and ash.;Total Exports;Net Weight(Kg);United Republic of Tanzania;ASEAN
Jan 2022;18510500;2603 - Copper ores and concentrates.;Total Exports;Net Weight(Kg);United Republic of Tanzania;ASEAN
Jan 2022;18510500;26 - Ores, slag and ash.;Total Exports;Quantity;United Republic of Tanzania;ASEAN
Jan 2022;18510500;2603 - Copper ores and concentrates.;Total Exports;Quantity;United Republic of Tanzania;ASEAN
Sep 2022;18586540;26 - Ores, slag and ash.;Total Exports;Net Weight(Kg);DR Congo;ASEAN
Feb 2025;18729111;26 - Ores, slag and ash.;Total Exports;FOB Value (US$);DR Congo;European Union All Countries
Apr 2025;18767100;26 - Ores, slag and ash.;Total Exports;Net Weight(Kg);United Republic of Tanzania;ASEAN
Apr 2025;18767100;26 - Ores, slag and ash.;Total Exports;Quantity;United Republic of Tanzania;ASEAN
Mar 2023;18919000;2603 - Copper ores and concentrates.;Total Exports;Net Weight(Kg);United Republic of Tanzania;ASEAN
Mar 2023;18919000;2603 - Copper ores and concentrates.;Total Exports;Quantity;United Republic of Tanzania;ASEAN
Oct 2020;18980000;7106 - Silver (including silver plated with gold or platinum), unwrought or in semi-manufactured forms, or in powder form.;Total Exports;Quantity;Kenya;SADC
Oct 2020;18980000;71069100 - Silver (including silver plated with gold or platinum), unwrought or in semi-manufactured forms, or in powder form.- Other:-- Unwrought;Total Exports;Quantity;Kenya;SADC
May 2021;18994470;71081300 - Gold (including gold plated with platinum) unwrought or in semi-manufactured forms, or in powder form.- Non-monetary:-- Other semi-manufactured forms;Total Imports;Quantity;Uganda;SADC
Mar 2021;19035270;26 - Ores, slag and ash.;Total Imports;Net Weight(Kg);Kenya;SADC
Mar 2021;19035270;26 - Ores, slag and ash.;Total Imports;Quantity;Kenya;SADC
Mar 2023;19085241;26 - Ores, slag and ash.;Total Imports;CIF Value (US$);DR Congo;SADC
Mar 2023;19119000;26 - Ores, slag and ash.;Total Exports;Net Weight(Kg);United Republic of Tanzania;ASEAN
Mar 2023;19119000;26 - Ores, slag and ash.;Total Exports;Quantity;United Republic of Tanzania;ASEAN
May 2021;19493790;7108 - Gold (including gold plated with platinum) unwrought or in semi-manufactured forms, or in powder form.;Total Imports;Quantity;Uganda;SADC
Oct 2025;19693400;26 - Ores, slag and ash.;Total Exports;Net Weight(Kg);United Republic of Tanzania;ASEAN
Oct 2025;19693400;2603 - Copper ores and concentrates.;Total Exports;Net Weight(Kg);United Republic of Tanzania;ASEAN
Oct 2025;19693400;26 - Ores, slag and ash.;Total Exports;Quantity;United Republic of Tanzania;ASEAN
Oct 2025;19693400;2603 - Copper ores and concentrates.;Total Exports;Quantity;United Republic of Tanzania;ASEAN
Apr 2022;19902111;7108 - Gold (including gold plated with platinum) unwrought or in semi-manufactured forms, or in powder form.;Total Exports;FOB Value (US$);DR Congo;ASEAN
Mar 2022;19936370;2603 - Copper ores and concentrates.;Total Exports;Net Weight(Kg);DR Congo;SADC
Dec 2021;20129000;2616 - Precious metal ores and concentrates.;Total Exports;Net Weight(Kg);United Republic of Tanzania;ASEAN
Dec 2021;20129000;2616 - Precious metal ores and concentrates.;Total Exports;Quantity;United Republic of Tanzania;ASEAN
Aug 2025;20264129;26 - Ores, slag and ash.;Total Imports;CIF Value (US$);DR Congo;SADC
Nov 2022;20348395;26 - Ores, slag and ash.;Total Imports;CIF Value (US$);DR Congo;SADC
Dec 2020;20474630;26 - Ores, slag and ash.;Total Imports;Net Weight(Kg);DR Congo;SADC
Feb 2021;20505170;26 - Ores, slag and ash.;Total Imports;Net Weight(Kg);DR Congo;SADC
Oct 2023;20572205;26 - Ores, slag and ash.;Total Imports;CIF Value (US$);DR Congo;SADC
Sep 2022;20784200;2603 - Copper ores and concentrates.;Total Exports;Net Weight(Kg);United Republic of Tanzania;ASEAN
Sep 2022;20784200;2603 - Copper ores and concentrates.;Total Exports;Quantity;United Republic of Tanzania;ASEAN
Sep 2022;20784210;26 - Ores, slag and ash.;Total Exports;Net Weight(Kg);United Republic of Tanzania;ASEAN
Sep 2022;20784210;26 - Ores, slag and ash.;Total Exports;Quantity;United Republic of Tanzania;ASEAN
Jan 2023;20910600;26 - Ores, slag and ash.;Total Exports;Net Weight(Kg);United Republic of Tanzania;ASEAN
Jan 2023;20910600;2603 - Copper ores and concentrates.;Total Exports;Net Weight(Kg);United Republic of Tanzania;ASEAN
Jan 2023;20910600;26 - Ores, slag and ash.;Total Exports;Quantity;United Republic of Tanzania;ASEAN
Jan 2023;20910600;2603 - Copper ores and concentrates.;Total Exports;Quantity;United Republic of Tanzania;ASEAN
Nov 2021;21000000;26 - Ores, slag and ash.;Total Imports;Net Weight(Kg);Kenya;SADC
Nov 2021;21000000;2606 - Aluminium ores and concentrates.;Total Imports;Net Weight(Kg);Kenya;SADC
Nov 2021;21000000;26 - Ores, slag and ash.;Total Imports;Quantity;Kenya;SADC
Nov 2021;21000000;2606 - Aluminium ores and concentrates.;Total Imports;Quantity;Kenya;SADC
Feb 2022;21043640;26 - Ores, slag and ash.;Total Exports;FOB Value (US$);DR Congo;ASEAN
May 2021;21048200;26 - Ores, slag and ash.;Total Exports;Net Weight(Kg);United Republic of Tanzania;ASEAN
May 2021;21048200;2616 - Precious metal ores and concentrates.;Total Exports;Net Weight(Kg);United Republic of Tanzania;ASEAN
May 2021;21048200;26 - Ores, slag and ash.;Total Exports;Quantity;United Republic of Tanzania;ASEAN
May 2021;21048200;2616 - Precious metal ores and concentrates.;Total Exports;Quantity;United Republic of Tanzania;ASEAN
Apr 2022;21055100;26 - Ores, slag and ash.;Total Exports;Net Weight(Kg);United Republic of Tanzania;ASEAN
Apr 2022;21055100;2603 - Copper ores and concentrates.;Total Exports;Net Weight(Kg);United Republic of Tanzania;ASEAN
Apr 2022;21055100;26 - Ores, slag and ash.;Total Exports;Quantity;United Republic of Tanzania;ASEAN
Apr 2022;21055100;2603 - Copper ores and concentrates.;Total Exports;Quantity;United Republic of Tanzania;ASEAN
Mar 2022;21205650;26 - Ores, slag and ash.;Total Exports;Net Weight(Kg);United Republic of Tanzania;ASEAN
Mar 2022;21205650;2603 - Copper ores and concentrates.;Total Exports;Net Weight(Kg);United Republic of Tanzania;ASEAN
Mar 2022;21205650;26 - Ores, slag and ash.;Total Exports;Quantity;United Republic of Tanzania;ASEAN
Mar 2022;21205650;2603 - Copper ores and concentrates.;Total Exports;Quantity;United Republic of Tanzania;ASEAN
Apr 2024;21236798;7108 - Gold (including gold plated with platinum) unwrought or in semi-manufactured forms, or in powder form.;Total Exports;Net Weight(Kg);United Republic of Tanzania;SADC
Apr 2024;21236798;71081200 - Gold (including gold plated with platinum) unwrought or in semi-manufactured forms, or in powder form.- Non-monetary:-- Other unwrought forms;Total Exports;Net Weight(Kg);United Republic of Tanzania;SADC
Apr 2024;21236798;7108 - Gold (including gold plated with platinum) unwrought or in semi-manufactured forms, or in powder form.;Total Exports;Quantity;United Republic of Tanzania;SADC
Apr 2024;21236798;71081200 - Gold (including gold plated with platinum) unwrought or in semi-manufactured forms, or in powder form.- Non-monetary:-- Other unwrought forms;Total Exports;Quantity;United Republic of Tanzania;SADC
Aug 2021;21417250;26 - Ores, slag and ash.;Total Exports;Net Weight(Kg);United Republic of Tanzania;ASEAN
Aug 2021;21417250;2616 - Precious metal ores and concentrates.;Total Exports;Net Weight(Kg);United Republic of Tanzania;ASEAN
Aug 2021;21417250;26 - Ores, slag and ash.;Total Exports;Quantity;United Republic of Tanzania;ASEAN
Aug 2021;21417250;2616 - Precious metal ores and concentrates.;Total Exports;Quantity;United Republic of Tanzania;ASEAN
Sep 2023;21615522;26 - Ores, slag and ash.;Total Imports;CIF Value (US$);DR Congo;SADC
Apr 2023;21714600;26 - Ores, slag and ash.;Total Exports;Net Weight(Kg);United Republic of Tanzania;ASEAN
Apr 2023;21714600;2603 - Copper ores and concentrates.;Total Exports;Net Weight(Kg);United Republic of Tanzania;ASEAN
Apr 2023;21714600;26 - Ores, slag and ash.;Total Exports;Quantity;United Republic of Tanzania;ASEAN
Apr 2023;21714600;2603 - Copper ores and concentrates.;Total Exports;Quantity;United Republic of Tanzania;ASEAN
Aug 2023;22071591;26 - Ores, slag and ash.;Total Imports;CIF Value (US$);DR Congo;SADC
Oct 2024;22313640;7108 - Gold (including gold plated with platinum) unwrought or in semi-manufactured forms, or in powder form.;Total Imports;Quantity;Uganda;SADC
Oct 2024;22313640;71081200 - Gold (including gold plated with platinum) unwrought or in semi-manufactured forms, or in powder form.- Non-monetary:-- Other unwrought forms;Total Imports;Quantity;Uganda;SADC
Mar 2025;22364400;26 - Ores, slag and ash.;Total Exports;Net Weight(Kg);United Republic of Tanzania;ASEAN
Mar 2025;22364400;2603 - Copper ores and concentrates.;Total Exports;Net Weight(Kg);United Republic of Tanzania;ASEAN
Mar 2025;22364400;26 - Ores, slag and ash.;Total Exports;Quantity;United Republic of Tanzania;ASEAN
Mar 2025;22364400;2603 - Copper ores and concentrates.;Total Exports;Quantity;United Republic of Tanzania;ASEAN
Apr 2023;22435802;26 - Ores, slag and ash.;Total Imports;CIF Value (US$);DR Congo;SADC
May 2025;22599100;26 - Ores, slag and ash.;Total Exports;Net Weight(Kg);United Republic of Tanzania;ASEAN
May 2025;22599100;2603 - Copper ores and concentrates.;Total Exports;Net Weight(Kg);United Republic of Tanzania;ASEAN
May 2025;22599100;26 - Ores, slag and ash.;Total Exports;Quantity;United Republic of Tanzania;ASEAN
May 2025;22599100;2603 - Copper ores and concentrates.;Total Exports;Quantity;United Republic of Tanzania;ASEAN
Mar 2020;22750000;7106 - Silver (including silver plated with gold or platinum), unwrought or in semi-manufactured forms, or in powder form.;Total Exports;Quantity;Kenya;SADC
Mar 2020;22750000;71069100 - Silver (including silver plated with gold or platinum), unwrought or in semi-manufactured forms, or in powder form.- Other:-- Unwrought;Total Exports;Quantity;Kenya;SADC
Dec 2021;22800000;26 - Ores, slag and ash.;Total Imports;Net Weight(Kg);Kenya;SADC
Dec 2021;22800000;2606 - Aluminium ores and concentrates.;Total Imports;Net Weight(Kg);Kenya;SADC
Dec 2021;22800000;26 - Ores, slag and ash.;Total Imports;Quantity;Kenya;SADC
Dec 2021;22800000;2606 - Aluminium ores and concentrates.;Total Imports;Quantity;Kenya;SADC
Aug 2024;22864300;7108 - Gold (including gold plated with platinum) unwrought or in semi-manufactured forms, or in powder form.;Total Imports;Quantity;Uganda;SADC
Aug 2024;22864300;71081200 - Gold (including gold plated with platinum) unwrought or in semi-manufactured forms, or in powder form.- Non-monetary:-- Other unwrought forms;Total Imports;Quantity;Uganda;SADC
Aug 2025;22977200;26 - Ores, slag and ash.;Total Exports;Net Weight(Kg);United Republic of Tanzania;ASEAN
Aug 2025;22977200;2603 - Copper ores and concentrates.;Total Exports;Net Weight(Kg);United Republic of Tanzania;ASEAN
Aug 2025;22977200;26 - Ores, slag and ash.;Total Exports;Quantity;United Republic of Tanzania;ASEAN
Aug 2025;22977200;2603 - Copper ores and concentrates.;Total Exports;Quantity;United Republic of Tanzania;ASEAN
Jun 2025;23100000;2603 - Copper ores and concentrates.;Total Exports;Net Weight(Kg);DR Congo;ASEAN
Oct 2022;23142252;26 - Ores, slag and ash.;Total Imports;CIF Value (US$);United Republic of Tanzania;SADC
Dec 2020;23330890;71081300 - Gold (including gold plated with platinum) unwrought or in semi-manufactured forms, or in powder form.- Non-monetary:-- Other semi-manufactured forms;Total Imports;Quantity;Uganda;SADC
Apr 2025;23844219;7108 - Gold (including gold plated with platinum) unwrought or in semi-manufactured forms, or in powder form.;Total Exports;Net Weight(Kg);United Republic of Tanzania;SADC
Apr 2025;23844219;71081200 - Gold (including gold plated with platinum) unwrought or in semi-manufactured forms, or in powder form.- Non-monetary:-- Other unwrought forms;Total Exports;Net Weight(Kg);United Republic of Tanzania;SADC
Apr 2025;23844219;7108 - Gold (including gold plated with platinum) unwrought or in semi-manufactured forms, or in powder form.;Total Exports;Quantity;United Republic of Tanzania;SADC
Apr 2025;23844219;71081200 - Gold (including gold plated with platinum) unwrought or in semi-manufactured forms, or in powder form.- Non-monetary:-- Other unwrought forms;Total Exports;Quantity;United Republic of Tanzania;SADC
Apr 2020;24123996;7106 - Silver (including silver plated with gold or platinum), unwrought or in semi-manufactured forms, or in powder form.;Total Imports;CIF Value (US$);DR Congo;SADC
Apr 2020;24123996;71069100 - Silver (including silver plated with gold or platinum), unwrought or in semi-manufactured forms, or in powder form.- Other:-- Unwrought;Total Imports;CIF Value (US$);DR Congo;SADC
Nov 2020;24125940;7108 - Gold (including gold plated with platinum) unwrought or in semi-manufactured forms, or in powder form.;Total Imports;Quantity;Uganda;SADC
Apr 2021;24194390;7108 - Gold (including gold plated with platinum) unwrought or in semi-manufactured forms, or in powder form.;Total Imports;Quantity;Uganda;SADC
Aug 2020;24278330;7108 - Gold (including gold plated with platinum) unwrought or in semi-manufactured forms, or in powder form.;Total Imports;Quantity;Uganda;SADC
Oct 2021;24300000;2606 - Aluminium ores and concentrates.;Total Imports;Net Weight(Kg);Kenya;SADC
Oct 2021;24300000;2606 - Aluminium ores and concentrates.;Total Imports;Quantity;Kenya;SADC
Dec 2024;24422950;7108 - Gold (including gold plated with platinum) unwrought or in semi-manufactured forms, or in powder form.;Total Imports;Quantity;Uganda;SADC
Dec 2024;24422950;71081200 - Gold (including gold plated with platinum) unwrought or in semi-manufactured forms, or in powder form.- Non-monetary:-- Other unwrought forms;Total Imports;Quantity;Uganda;SADC
Dec 2021;24448000;26 - Ores, slag and ash.;Total Exports;Net Weight(Kg);United Republic of Tanzania;ASEAN
Dec 2021;24448000;26 - Ores, slag and ash.;Total Exports;Quantity;United Republic of Tanzania;ASEAN
Dec 2022;24609800;26 - Ores, slag and ash.;Total Exports;Net Weight(Kg);United Republic of Tanzania;ASEAN
Dec 2022;24609800;2603 - Copper ores and concentrates.;Total Exports;Net Weight(Kg);United Republic of Tanzania;ASEAN
Dec 2022;24609800;26 - Ores, slag and ash.;Total Exports;Quantity;United Republic of Tanzania;ASEAN
Dec 2022;24609800;2603 - Copper ores and concentrates.;Total Exports;Quantity;United Republic of Tanzania;ASEAN
Jan 2020;24624613;71081200 - Gold (including gold plated with platinum) unwrought or in semi-manufactured forms, or in powder form.- Non-monetary:-- Other unwrought forms;Total Imports;CIF Value (US$);Uganda;SADC
Oct 2021;24800000;26 - Ores, slag and ash.;Total Imports;Net Weight(Kg);Kenya;SADC
Oct 2021;24800000;26 - Ores, slag and ash.;Total Imports;Quantity;Kenya;SADC
Jun 2025;24835000;26 - Ores, slag and ash.;Total Exports;Net Weight(Kg);DR Congo;ASEAN
May 2021;25012438;26 - Ores, slag and ash.;Total Exports;Quantity;United Republic of Tanzania;European Union All Countries
Nov 2021;25541999;2603 - Copper ores and concentrates.;Total Exports;FOB Value (US$);DR Congo;SADC
Sep 2020;25689530;7108 - Gold (including gold plated with platinum) unwrought or in semi-manufactured forms, or in powder form.;Total Imports;Quantity;Uganda;SADC
Apr 2023;26032200;26 - Ores, slag and ash.;Total Exports;Net Weight(Kg);DR Congo;ASEAN
Apr 2023;26032200;2603 - Copper ores and concentrates.;Total Exports;Net Weight(Kg);DR Congo;ASEAN
Oct 2020;26187170;7108 - Gold (including gold plated with platinum) unwrought or in semi-manufactured forms, or in powder form.;Total Imports;Quantity;Uganda;SADC
Jan 2023;26485917;26 - Ores, slag and ash.;Total Exports;Quantity;DR Congo;European Union All Countries
Sep 2025;26605228;7108 - Gold (including gold plated with platinum) unwrought or in semi-manufactured forms, or in powder form.;Total Exports;Net Weight(Kg);United Republic of Tanzania;SADC
Sep 2025;26605228;71081200 - Gold (including gold plated with platinum) unwrought or in semi-manufactured forms, or in powder form.- Non-monetary:-- Other unwrought forms;Total Exports;Net Weight(Kg);United Republic of Tanzania;SADC
Sep 2025;26605228;7108 - Gold (including gold plated with platinum) unwrought or in semi-manufactured forms, or in powder form.;Total Exports;Quantity;United Republic of Tanzania;SADC
Sep 2025;26605228;71081200 - Gold (including gold plated with platinum) unwrought or in semi-manufactured forms, or in powder form.- Non-monetary:-- Other unwrought forms;Total Exports;Quantity;United Republic of Tanzania;SADC
Dec 2023;26668222;7108 - Gold (including gold plated with platinum) unwrought or in semi-manufactured forms, or in powder form.;Total Exports;FOB Value (US$);Uganda;European Union All Countries
Dec 2023;26668222;71081300 - Gold (including gold plated with platinum) unwrought or in semi-manufactured forms, or in powder form.- Non-monetary:-- Other semi-manufactured forms;Total Exports;FOB Value (US$);Uganda;European Union All Countries
Jul 2025;26748765;26 - Ores, slag and ash.;Total Imports;CIF Value (US$);DR Congo;SADC
Jun 2024;27198355;7108 - Gold (including gold plated with platinum) unwrought or in semi-manufactured forms, or in powder form.;Total Exports;Net Weight(Kg);United Republic of Tanzania;SADC
Jun 2024;27198355;71081200 - Gold (including gold plated with platinum) unwrought or in semi-manufactured forms, or in powder form.- Non-monetary:-- Other unwrought forms;Total Exports;Net Weight(Kg);United Republic of Tanzania;SADC
Jun 2024;27198355;7108 - Gold (including gold plated with platinum) unwrought or in semi-manufactured forms, or in powder form.;Total Exports;Quantity;United Republic of Tanzania;SADC
Jun 2024;27198355;71081200 - Gold (including gold plated with platinum) unwrought or in semi-manufactured forms, or in powder form.- Non-monetary:-- Other unwrought forms;Total Exports;Quantity;United Republic of Tanzania;SADC
Jan 2023;27291345;7108 - Gold (including gold plated with platinum) unwrought or in semi-manufactured forms, or in powder form.;Total Exports;FOB Value (US$);United Republic of Tanzania;ASEAN
Jan 2023;27291345;71081200 - Gold (including gold plated with platinum) unwrought or in semi-manufactured forms, or in powder form.- Non-monetary:-- Other unwrought forms;Total Exports;FOB Value (US$);United Republic of Tanzania;ASEAN
Sep 2025;27429800;26 - Ores, slag and ash.;Total Exports;Net Weight(Kg);United Republic of Tanzania;ASEAN
Sep 2025;27429800;2603 - Copper ores and concentrates.;Total Exports;Net Weight(Kg);United Republic of Tanzania;ASEAN
Sep 2025;27429800;26 - Ores, slag and ash.;Total Exports;Quantity;United Republic of Tanzania;ASEAN
Sep 2025;27429800;2603 - Copper ores and concentrates.;Total Exports;Quantity;United Republic of Tanzania;ASEAN
Feb 2024;27451197;7108 - Gold (including gold plated with platinum) unwrought or in semi-manufactured forms, or in powder form.;Total Exports;Net Weight(Kg);United Republic of Tanzania;SADC
Feb 2024;27451197;71081200 - Gold (including gold plated with platinum) unwrought or in semi-manufactured forms, or in powder form.- Non-monetary:-- Other unwrought forms;Total Exports;Net Weight(Kg);United Republic of Tanzania;SADC
Feb 2021;28023059;26 - Ores, slag and ash.;Total Exports;FOB Value (US$);DR Congo;European Union All Countries
Jun 2023;28173727;2603 - Copper ores and concentrates.;Total Exports;Quantity;DR Congo;European Union All Countries
Jun 2023;28173827;26 - Ores, slag and ash.;Total Exports;Quantity;DR Congo;European Union All Countries
Oct 2022;28509901;7108 - Gold (including gold plated with platinum) unwrought or in semi-manufactured forms, or in powder form.;Total Imports;CIF Value (US$);Uganda;SADC
Oct 2022;28509901;71081300 - Gold (including gold plated with platinum) unwrought or in semi-manufactured forms, or in powder form.- Non-monetary:-- Other semi-manufactured forms;Total Imports;CIF Value (US$);Uganda;SADC
Feb 2022;28812347;7108 - Gold (including gold plated with platinum) unwrought or in semi-manufactured forms, or in powder form.;Total Exports;FOB Value (US$);DR Congo;European Union All Countries
Dec 2022;28884351;71081200 - Gold (including gold plated with platinum) unwrought or in semi-manufactured forms, or in powder form.- Non-monetary:-- Other unwrought forms;Total Imports;Quantity;Uganda;SADC
Nov 2020;29030000;7108 - Gold (including gold plated with platinum) unwrought or in semi-manufactured forms, or in powder form.;Total Exports;Quantity;Kenya;SADC
Nov 2020;29030000;71081300 - Gold (including gold plated with platinum) unwrought or in semi-manufactured forms, or in powder form.- Non-monetary:-- Other semi-manufactured forms;Total Exports;Quantity;Kenya;SADC
Mar 2021;29132320;26 - Ores, slag and ash.;Total Imports;Net Weight(Kg);DR Congo;SADC
Dec 2024;29141600;7108 - Gold (including gold plated with platinum) unwrought or in semi-manufactured forms, or in powder form.;Total Exports;Quantity;Kenya;SADC
Dec 2024;29141600;71081300 - Gold (including gold plated with platinum) unwrought or in semi-manufactured forms, or in powder form.- Non-monetary:-- Other semi-manufactured forms;Total Exports;Quantity;Kenya;SADC
Feb 2024;29273990;7108 - Gold (including gold plated with platinum) unwrought or in semi-manufactured forms, or in powder form.;Total Imports;Quantity;Uganda;SADC
Feb 2024;29273990;71081200 - Gold (including gold plated with platinum) unwrought or in semi-manufactured forms, or in powder form.- Non-monetary:-- Other unwrought forms;Total Imports;Quantity;Uganda;SADC
Jul 2025;29391441;7108 - Gold (including gold plated with platinum) unwrought or in semi-manufactured forms, or in powder form.;Total Exports;Net Weight(Kg);United Republic of Tanzania;SADC
Jul 2025;29391441;71081200 - Gold (including gold plated with platinum) unwrought or in semi-manufactured forms, or in powder form.- Non-monetary:-- Other unwrought forms;Total Exports;Net Weight(Kg);United Republic of Tanzania;SADC
Jul 2025;29391441;7108 - Gold (including gold plated with platinum) unwrought or in semi-manufactured forms, or in powder form.;Total Exports;Quantity;United Republic of Tanzania;SADC
Jul 2025;29391441;71081200 - Gold (including gold plated with platinum) unwrought or in semi-manufactured forms, or in powder form.- Non-monetary:-- Other unwrought forms;Total Exports;Quantity;United Republic of Tanzania;SADC
Sep 2025;29426571;2609 - Tin ores and concentrates.;Total Exports;Net Weight(Kg);Rwanda;ASEAN
Dec 2022;29511855;7108 - Gold (including gold plated with platinum) unwrought or in semi-manufactured forms, or in powder form.;Total Imports;Quantity;Uganda;SADC
Jul 2020;29899790;7108 - Gold (including gold plated with platinum) unwrought or in semi-manufactured forms, or in powder form.;Total Imports;Quantity;Uganda;SADC
Oct 2020;29976600;2603 - Copper ores and concentrates.;Total Imports;Net Weight(Kg);DR Congo;SADC
Jun 2023;30300629;2504 - Natural graphite.;Total Imports;CIF Value (US$);DR Congo;SADC
Jan 2022;30379538;26 - Ores, slag and ash.;Total Exports;Quantity;DR Congo;European Union All Countries
Dec 2022;30431340;2603 - Copper ores and concentrates.;Total Exports;Net Weight(Kg);DR Congo;ASEAN
Aug 2025;30644465;7108 - Gold (including gold plated with platinum) unwrought or in semi-manufactured forms, or in powder form.;Total Exports;Net Weight(Kg);United Republic of Tanzania;SADC
Aug 2025;30644465;71081200 - Gold (including gold plated with platinum) unwrought or in semi-manufactured forms, or in powder form.- Non-monetary:-- Other unwrought forms;Total Exports;Net Weight(Kg);United Republic of Tanzania;SADC
Aug 2025;30644465;7108 - Gold (including gold plated with platinum) unwrought or in semi-manufactured forms, or in powder form.;Total Exports;Quantity;United Republic of Tanzania;SADC
Aug 2025;30644465;71081200 - Gold (including gold plated with platinum) unwrought or in semi-manufactured forms, or in powder form.- Non-monetary:-- Other unwrought forms;Total Exports;Quantity;United Republic of Tanzania;SADC
Mar 2025;30688198;7108 - Gold (including gold plated with platinum) unwrought or in semi-manufactured forms, or in powder form.;Total Exports;Net Weight(Kg);United Republic of Tanzania;SADC
Mar 2025;30688198;71081200 - Gold (including gold plated with platinum) unwrought or in semi-manufactured forms, or in powder form.- Non-monetary:-- Other unwrought forms;Total Exports;Net Weight(Kg);United Republic of Tanzania;SADC
Mar 2025;30688198;7108 - Gold (including gold plated with platinum) unwrought or in semi-manufactured forms, or in powder form.;Total Exports;Quantity;United Republic of Tanzania;SADC
Mar 2025;30688198;71081200 - Gold (including gold plated with platinum) unwrought or in semi-manufactured forms, or in powder form.- Non-monetary:-- Other unwrought forms;Total Exports;Quantity;United Republic of Tanzania;SADC
Jun 2023;30697890;2603 - Copper ores and concentrates.;Total Exports;FOB Value (US$);DR Congo;European Union All Countries
Nov 2022;30797420;26 - Ores, slag and ash.;Total Exports;Net Weight(Kg);DR Congo;ASEAN
May 2024;30859556;7108 - Gold (including gold plated with platinum) unwrought or in semi-manufactured forms, or in powder form.;Total Exports;Net Weight(Kg);United Republic of Tanzania;SADC
May 2024;30859556;71081200 - Gold (including gold plated with platinum) unwrought or in semi-manufactured forms, or in powder form.- Non-monetary:-- Other unwrought forms;Total Exports;Net Weight(Kg);United Republic of Tanzania;SADC
May 2024;30859556;7108 - Gold (including gold plated with platinum) unwrought or in semi-manufactured forms, or in powder form.;Total Exports;Quantity;United Republic of Tanzania;SADC
May 2024;30859556;71081200 - Gold (including gold plated with platinum) unwrought or in semi-manufactured forms, or in powder form.- Non-monetary:-- Other unwrought forms;Total Exports;Quantity;United Republic of Tanzania;SADC
Aug 2024;30928219;7108 - Gold (including gold plated with platinum) unwrought or in semi-manufactured forms, or in powder form.;Total Exports;Net Weight(Kg);United Republic of Tanzania;SADC
Aug 2024;30928219;71081200 - Gold (including gold plated with platinum) unwrought or in semi-manufactured forms, or in powder form.- Non-monetary:-- Other unwrought forms;Total Exports;Net Weight(Kg);United Republic of Tanzania;SADC
Aug 2024;30928219;7108 - Gold (including gold plated with platinum) unwrought or in semi-manufactured forms, or in powder form.;Total Exports;Quantity;United Republic of Tanzania;SADC
Aug 2024;30928219;71081200 - Gold (including gold plated with platinum) unwrought or in semi-manufactured forms, or in powder form.- Non-monetary:-- Other unwrought forms;Total Exports;Quantity;United Republic of Tanzania;SADC
Jan 2023;30987520;26 - Ores, slag and ash.;Total Exports;FOB Value (US$);DR Congo;European Union All Countries
May 2025;31094002;2601 - Iron ores and concentrates, including roasted iron pyrites.;Total Imports;CIF Value (US$);United Republic of Tanzania;SADC
Dec 2020;31124480;7108 - Gold (including gold plated with platinum) unwrought or in semi-manufactured forms, or in powder form.;Total Imports;Quantity;Uganda;SADC
Aug 2021;31200000;2606 - Aluminium ores and concentrates.;Total Imports;Net Weight(Kg);Kenya;SADC
Aug 2021;31200000;2606 - Aluminium ores and concentrates.;Total Imports;Quantity;Kenya;SADC
Aug 2021;31200370;26 - Ores, slag and ash.;Total Imports;Net Weight(Kg);Kenya;SADC
Aug 2021;31200370;26 - Ores, slag and ash.;Total Imports;Quantity;Kenya;SADC
Nov 2022;31241378;71081200 - Gold (including gold plated with platinum) unwrought or in semi-manufactured forms, or in powder form.- Non-monetary:-- Other unwrought forms;Total Imports;CIF Value (US$);Uganda;SADC
Jul 2024;31393690;7108 - Gold (including gold plated with platinum) unwrought or in semi-manufactured forms, or in powder form.;Total Imports;Quantity;Uganda;SADC
Jul 2024;31393690;71081200 - Gold (including gold plated with platinum) unwrought or in semi-manufactured forms, or in powder form.- Non-monetary:-- Other unwrought forms;Total Imports;Quantity;Uganda;SADC
Feb 2025;31434866;7108 - Gold (including gold plated with platinum) unwrought or in semi-manufactured forms, or in powder form.;Total Exports;Net Weight(Kg);United Republic of Tanzania;SADC
Feb 2025;31434866;71081200 - Gold (including gold plated with platinum) unwrought or in semi-manufactured forms, or in powder form.- Non-monetary:-- Other unwrought forms;Total Exports;Net Weight(Kg);United Republic of Tanzania;SADC
Feb 2025;31434866;7108 - Gold (including gold plated with platinum) unwrought or in semi-manufactured forms, or in powder form.;Total Exports;Quantity;United Republic of Tanzania;SADC
Feb 2025;31434866;71081200 - Gold (including gold plated with platinum) unwrought or in semi-manufactured forms, or in powder form.- Non-monetary:-- Other unwrought forms;Total Exports;Quantity;United Republic of Tanzania;SADC
May 2025;31720202;26 - Ores, slag and ash.;Total Imports;CIF Value (US$);United Republic of Tanzania;SADC
Sep 2025;31827921;26 - Ores, slag and ash.;Total Exports;FOB Value (US$);Kenya;ASEAN
Jan 2025;31905799;7108 - Gold (including gold plated with platinum) unwrought or in semi-manufactured forms, or in powder form.;Total Exports;Net Weight(Kg);United Republic of Tanzania;SADC
Jan 2025;31905799;71081200 - Gold (including gold plated with platinum) unwrought or in semi-manufactured forms, or in powder form.- Non-monetary:-- Other unwrought forms;Total Exports;Net Weight(Kg);United Republic of Tanzania;SADC
Jan 2025;31905799;7108 - Gold (including gold plated with platinum) unwrought or in semi-manufactured forms, or in powder form.;Total Exports;Quantity;United Republic of Tanzania;SADC
Jan 2025;31905799;71081200 - Gold (including gold plated with platinum) unwrought or in semi-manufactured forms, or in powder form.- Non-monetary:-- Other unwrought forms;Total Exports;Quantity;United Republic of Tanzania;SADC
Dec 2021;31999995;2609 - Tin ores and concentrates.;Total Exports;FOB Value (US$);DR Congo;SADC
May 2025;32220000;2603 - Copper ores and concentrates.;Total Exports;Net Weight(Kg);DR Congo;ASEAN
Apr 2021;32230000;7108 - Gold (including gold plated with platinum) unwrought or in semi-manufactured forms, or in powder form.;Total Exports;Quantity;Kenya;SADC
Apr 2021;32230000;71081300 - Gold (including gold plated with platinum) unwrought or in semi-manufactured forms, or in powder form.- Non-monetary:-- Other semi-manufactured forms;Total Exports;Quantity;Kenya;SADC
Dec 2022;32637603;71081300 - Gold (including gold plated with platinum) unwrought or in semi-manufactured forms, or in powder form.- Non-monetary:-- Other semi-manufactured forms;Total Imports;CIF Value (US$);Uganda;SADC
Oct 2020;32715960;26 - Ores, slag and ash.;Total Imports;Net Weight(Kg);DR Congo;SADC
Nov 2023;32779830;2609 - Tin ores and concentrates.;Total Exports;Net Weight(Kg);DR Congo;ASEAN
Nov 2022;32877450;26 - Ores, slag and ash.;Total Exports;Net Weight(Kg);United Republic of Tanzania;ASEAN
Nov 2022;32877450;2603 - Copper ores and concentrates.;Total Exports;Net Weight(Kg);United Republic of Tanzania;ASEAN
Nov 2022;32877450;26 - Ores, slag and ash.;Total Exports;Quantity;United Republic of Tanzania;ASEAN
Nov 2022;32877450;2603 - Copper ores and concentrates.;Total Exports;Quantity;United Republic of Tanzania;ASEAN
Aug 2023;33000000;2606 - Aluminium ores and concentrates.;Total Imports;Net Weight(Kg);Kenya;SADC
Aug 2023;33000000;2606 - Aluminium ores and concentrates.;Total Imports;Quantity;Kenya;SADC
Jun 2021;33149700;26 - Ores, slag and ash.;Total Imports;Net Weight(Kg);DR Congo;SADC
Aug 2022;33182180;71081200 - Gold (including gold plated with platinum) unwrought or in semi-manufactured forms, or in powder form.- Non-monetary:-- Other unwrought forms;Total Imports;Quantity;Uganda;SADC
Aug 2022;33248880;7108 - Gold (including gold plated with platinum) unwrought or in semi-manufactured forms, or in powder form.;Total Imports;Quantity;Uganda;SADC
May 2025;33455000;26 - Ores, slag and ash.;Total Exports;Net Weight(Kg);DR Congo;ASEAN
Sep 2020;33770000;7111 - Base metals, silver or gold,clad with platinum, not further worked than semi-manufactured.;Total Exports;Quantity;Kenya;SADC
Sep 2020;33961983;7108 - Gold (including gold plated with platinum) unwrought or in semi-manufactured forms, or in powder form.;Total Exports;FOB Value (US$);DR Congo;European Union All Countries
Sep 2020;33961983;71081200 - Gold (including gold plated with platinum) unwrought or in semi-manufactured forms, or in powder form.- Non-monetary:-- Other unwrought forms;Total Exports;FOB Value (US$);DR Congo;European Union All Countries
Apr 2025;33990000;2603 - Copper ores and concentrates.;Total Exports;Net Weight(Kg);DR Congo;ASEAN
Jul 2025;34060210;26 - Ores, slag and ash.;Total Imports;Net Weight(Kg);DR Congo;SADC
Aug 2022;34112602;71081300 - Gold (including gold plated with platinum) unwrought or in semi-manufactured forms, or in powder form.- Non-monetary:-- Other semi-manufactured forms;Total Imports;CIF Value (US$);Uganda;SADC
Jul 2024;34488535;7108 - Gold (including gold plated with platinum) unwrought or in semi-manufactured forms, or in powder form.;Total Exports;Net Weight(Kg);United Republic of Tanzania;SADC
Jul 2024;34488535;71081200 - Gold (including gold plated with platinum) unwrought or in semi-manufactured forms, or in powder form.- Non-monetary:-- Other unwrought forms;Total Exports;Net Weight(Kg);United Republic of Tanzania;SADC
Jul 2024;34488535;7108 - Gold (including gold plated with platinum) unwrought or in semi-manufactured forms, or in powder form.;Total Exports;Quantity;United Republic of Tanzania;SADC
Jul 2024;34488535;71081200 - Gold (including gold plated with platinum) unwrought or in semi-manufactured forms, or in powder form.- Non-monetary:-- Other unwrought forms;Total Exports;Quantity;United Republic of Tanzania;SADC
Nov 2024;34740019;7108 - Gold (including gold plated with platinum) unwrought or in semi-manufactured forms, or in powder form.;Total Exports;Net Weight(Kg);United Republic of Tanzania;SADC
Nov 2024;34740019;71081200 - Gold (including gold plated with platinum) unwrought or in semi-manufactured forms, or in powder form.- Non-monetary:-- Other unwrought forms;Total Exports;Net Weight(Kg);United Republic of Tanzania;SADC
Nov 2024;34740019;7108 - Gold (including gold plated with platinum) unwrought or in semi-manufactured forms, or in powder form.;Total Exports;Quantity;United Republic of Tanzania;SADC
Nov 2024;34740019;71081200 - Gold (including gold plated with platinum) unwrought or in semi-manufactured forms, or in powder form.- Non-monetary:-- Other unwrought forms;Total Exports;Quantity;United Republic of Tanzania;SADC
Mar 2020;34743630;26 - Ores, slag and ash.;Total Imports;Net Weight(Kg);DR Congo;SADC
Jul 2020;35000002;2609 - Tin ores and concentrates.;Total Exports;FOB Value (US$);DR Congo;SADC
Jun 2023;35008228;26 - Ores, slag and ash.;Total Imports;CIF Value (US$);Rwanda;SADC
Jun 2023;35008228;2609 - Tin ores and concentrates.;Total Imports;CIF Value (US$);Rwanda;SADC
Jan 2021;35040000;7106 - Silver (including silver plated with gold or platinum), unwrought or in semi-manufactured forms, or in powder form.;Total Exports;Quantity;Kenya;SADC
Jan 2021;35040000;71069100 - Silver (including silver plated with gold or platinum), unwrought or in semi-manufactured forms, or in powder form.- Other:-- Unwrought;Total Exports;Quantity;Kenya;SADC
Apr 2025;35370000;26 - Ores, slag and ash.;Total Exports;Net Weight(Kg);DR Congo;ASEAN
Aug 2023;35700000;26 - Ores, slag and ash.;Total Imports;Net Weight(Kg);Kenya;SADC
Aug 2023;35700000;26 - Ores, slag and ash.;Total Imports;Quantity;Kenya;SADC
Mar 2025;35722130;2603 - Copper ores and concentrates.;Total Exports;Net Weight(Kg);DR Congo;SADC
May 2022;35898060;26 - Ores, slag and ash.;Total Exports;Net Weight(Kg);DR Congo;ASEAN
Jul 2022;36146159;7108 - Gold (including gold plated with platinum) unwrought or in semi-manufactured forms, or in powder form.;Total Imports;CIF Value (US$);Uganda;SADC
Jul 2022;36146159;71081300 - Gold (including gold plated with platinum) unwrought or in semi-manufactured forms, or in powder form.- Non-monetary:-- Other semi-manufactured forms;Total Imports;CIF Value (US$);Uganda;SADC
Jan 2021;36538320;26 - Ores, slag and ash.;Total Imports;Net Weight(Kg);DR Congo;SADC
Sep 2024;36840731;7108 - Gold (including gold plated with platinum) unwrought or in semi-manufactured forms, or in powder form.;Total Exports;Net Weight(Kg);United Republic of Tanzania;SADC
Sep 2024;36840731;71081200 - Gold (including gold plated with platinum) unwrought or in semi-manufactured forms, or in powder form.- Non-monetary:-- Other unwrought forms;Total Exports;Net Weight(Kg);United Republic of Tanzania;SADC
Sep 2024;36840731;7108 - Gold (including gold plated with platinum) unwrought or in semi-manufactured forms, or in powder form.;Total Exports;Quantity;United Republic of Tanzania;SADC
Sep 2024;36840731;71081200 - Gold (including gold plated with platinum) unwrought or in semi-manufactured forms, or in powder form.- Non-monetary:-- Other unwrought forms;Total Exports;Quantity;United Republic of Tanzania;SADC
Dec 2024;37245325;7108 - Gold (including gold plated with platinum) unwrought or in semi-manufactured forms, or in powder form.;Total Exports;Net Weight(Kg);United Republic of Tanzania;SADC
Dec 2024;37245325;71081200 - Gold (including gold plated with platinum) unwrought or in semi-manufactured forms, or in powder form.- Non-monetary:-- Other unwrought forms;Total Exports;Net Weight(Kg);United Republic of Tanzania;SADC
Dec 2024;37245325;7108 - Gold (including gold plated with platinum) unwrought or in semi-manufactured forms, or in powder form.;Total Exports;Quantity;United Republic of Tanzania;SADC
Dec 2024;37245325;71081200 - Gold (including gold plated with platinum) unwrought or in semi-manufactured forms, or in powder form.- Non-monetary:-- Other unwrought forms;Total Exports;Quantity;United Republic of Tanzania;SADC
Jul 2020;38000000;7106 - Silver (including silver plated with gold or platinum), unwrought or in semi-manufactured forms, or in powder form.;Total Exports;Quantity;Kenya;SADC
Jul 2020;38000000;71069100 - Silver (including silver plated with gold or platinum), unwrought or in semi-manufactured forms, or in powder form.- Other:-- Unwrought;Total Exports;Quantity;Kenya;SADC
Dec 2024;38109800;2603 - Copper ores and concentrates.;Total Exports;Net Weight(Kg);DR Congo;ASEAN
Apr 2022;39038650;2603 - Copper ores and concentrates.;Total Exports;Net Weight(Kg);DR Congo;SADC
Dec 2024;39328800;26 - Ores, slag and ash.;Total Exports;Net Weight(Kg);DR Congo;ASEAN
May 2025;39753018;2504 - Natural graphite.;Total Imports;CIF Value (US$);DR Congo;European Union All Countries
Sep 2025;39860671;26 - Ores, slag and ash.;Total Exports;Net Weight(Kg);Rwanda;ASEAN
Sep 2025;39940201;2603 - Copper ores and concentrates.;Total Imports;Quantity;DR Congo;European Union All Countries
Sep 2025;39948201;26 - Ores, slag and ash.;Total Imports;Quantity;DR Congo;European Union All Countries
Jun 2021;40670000;71081200 - Gold (including gold plated with platinum) unwrought or in semi-manufactured forms, or in powder form.- Non-monetary:-- Other unwrought forms;Total Imports;Quantity;Uganda;SADC
Apr 2023;41346020;2603 - Copper ores and concentrates.;Total Exports;Net Weight(Kg);DR Congo;SADC
Apr 2023;41353310;26 - Ores, slag and ash.;Total Exports;Net Weight(Kg);DR Congo;SADC
Dec 2024;42075235;7108 - Gold (including gold plated with platinum) unwrought or in semi-manufactured forms, or in powder form.;Total Exports;FOB Value (US$);Uganda;SADC
Dec 2024;42075235;71081300 - Gold (including gold plated with platinum) unwrought or in semi-manufactured forms, or in powder form.- Non-monetary:-- Other semi-manufactured forms;Total Exports;FOB Value (US$);Uganda;SADC
Apr 2022;42479470;2603 - Copper ores and concentrates.;Total Exports;Net Weight(Kg);DR Congo;ASEAN
Nov 2024;42567270;7108 - Gold (including gold plated with platinum) unwrought or in semi-manufactured forms, or in powder form.;Total Exports;FOB Value (US$);Uganda;SADC
Nov 2024;42567270;71081300 - Gold (including gold plated with platinum) unwrought or in semi-manufactured forms, or in powder form.- Non-monetary:-- Other semi-manufactured forms;Total Exports;FOB Value (US$);Uganda;SADC
Sep 2025;42723904;26 - Ores, slag and ash.;Total Exports;FOB Value (US$);Rwanda;European Union All Countries
Apr 2025;42827193;26 - Ores, slag and ash.;Total Imports;CIF Value (US$);DR Congo;SADC
Oct 2025;43241618;26 - Ores, slag and ash.;Total Imports;CIF Value (US$);DR Congo;SADC
Mar 2023;43295580;2603 - Copper ores and concentrates.;Total Exports;Net Weight(Kg);DR Congo;SADC
Apr 2025;43542604;26 - Ores, slag and ash.;Total Exports;FOB Value (US$);Rwanda;European Union All Countries
Jul 2023;43800000;2606 - Aluminium ores and concentrates.;Total Imports;Net Weight(Kg);Kenya;SADC
Jul 2023;43800000;2606 - Aluminium ores and concentrates.;Total Imports;Quantity;Kenya;SADC
Nov 2022;44047930;2603 - Copper ores and concentrates.;Total Exports;Net Weight(Kg);DR Congo;SADC
Apr 2020;44991750;26 - Ores, slag and ash.;Total Exports;Net Weight(Kg);United Republic of Tanzania;ASEAN
Apr 2020;44991750;2616 - Precious metal ores and concentrates.;Total Exports;Net Weight(Kg);United Republic of Tanzania;ASEAN
Apr 2020;44991750;26 - Ores, slag and ash.;Total Exports;Quantity;United Republic of Tanzania;ASEAN
Apr 2020;44991750;2616 - Precious metal ores and concentrates.;Total Exports;Quantity;United Republic of Tanzania;ASEAN
Jan 2020;45066600;26 - Ores, slag and ash.;Total Imports;Net Weight(Kg);DR Congo;SADC
Nov 2022;46104740;2609 - Tin ores and concentrates.;Total Exports;Net Weight(Kg);DR Congo;SADC
Feb 2022;46297768;26 - Ores, slag and ash.;Total Exports;FOB Value (US$);Kenya;ASEAN
Dec 2021;46493902;26 - Ores, slag and ash.;Total Exports;FOB Value (US$);DR Congo;SADC
Jan 2022;47092250;26 - Ores, slag and ash.;Total Exports;Net Weight(Kg);DR Congo;SADC
Sep 2022;47503630;2603 - Copper ores and concentrates.;Total Exports;Net Weight(Kg);DR Congo;SADC
Apr 2021;47589700;26 - Ores, slag and ash.;Total Exports;Net Weight(Kg);Kenya;SADC
Apr 2021;47589700;26 - Ores, slag and ash.;Total Exports;Quantity;Kenya;SADC
Sep 2025;47723999;7108 - Gold (including gold plated with platinum) unwrought or in semi-manufactured forms, or in powder form.;Total Exports;FOB Value (US$);Uganda;European Union All Countries
Sep 2025;47723999;71081300 - Gold (including gold plated with platinum) unwrought or in semi-manufactured forms, or in powder form.- Non-monetary:-- Other semi-manufactured forms;Total Exports;FOB Value (US$);Uganda;European Union All Countries
Mar 2021;49310258;7108 - Gold (including gold plated with platinum) unwrought or in semi-manufactured forms, or in powder form.;Total Exports;FOB Value (US$);DR Congo;ASEAN
Mar 2021;49310258;71081200 - Gold (including gold plated with platinum) unwrought or in semi-manufactured forms, or in powder form.- Non-monetary:-- Other unwrought forms;Total Exports;FOB Value (US$);DR Congo;ASEAN
Oct 2025;49893737;7108 - Gold (including gold plated with platinum) unwrought or in semi-manufactured forms, or in powder form.;Total Exports;Net Weight(Kg);United Republic of Tanzania;SADC
Oct 2025;49893737;71081200 - Gold (including gold plated with platinum) unwrought or in semi-manufactured forms, or in powder form.- Non-monetary:-- Other unwrought forms;Total Exports;Net Weight(Kg);United Republic of Tanzania;SADC
Oct 2025;49893737;7108 - Gold (including gold plated with platinum) unwrought or in semi-manufactured forms, or in powder form.;Total Exports;Quantity;United Republic of Tanzania;SADC
Oct 2025;49893737;71081200 - Gold (including gold plated with platinum) unwrought or in semi-manufactured forms, or in powder form.- Non-monetary:-- Other unwrought forms;Total Exports;Quantity;United Republic of Tanzania;SADC
Oct 2024;50000000;2614 - Titanium ores and concentrates.;Total Exports;Net Weight(Kg);Kenya;European Union All Countries
Oct 2024;50000000;2614 - Titanium ores and concentrates.;Total Exports;Quantity;Kenya;European Union All Countries
May 2021;50012438;26 - Ores, slag and ash.;Total Exports;Net Weight(Kg);United Republic of Tanzania;European Union All Countries
Aug 2023;50426385;26 - Ores, slag and ash.;Total Exports;Quantity;DR Congo;European Union All Countries
Aug 2023;50426385;2603 - Copper ores and concentrates.;Total Exports;Quantity;DR Congo;European Union All Countries
May 2023;50749999;2504 - Natural graphite.;Total Exports;FOB Value (US$);United Republic of Tanzania;SADC
Apr 2020;51370350;26 - Ores, slag and ash.;Total Exports;Net Weight(Kg);United Republic of Tanzania;European Union All Countries
Apr 2020;51370350;2616 - Precious metal ores and concentrates.;Total Exports;Net Weight(Kg);United Republic of Tanzania;European Union All Countries
Apr 2020;51370350;26 - Ores, slag and ash.;Total Exports;Quantity;United Republic of Tanzania;European Union All Countries
Apr 2020;51370350;2616 - Precious metal ores and concentrates.;Total Exports;Quantity;United Republic of Tanzania;European Union All Countries
Mar 2023;53222769;2609 - Tin ores and concentrates.;Total Exports;FOB Value (US$);DR Congo;SADC
Aug 2021;53535808;7108 - Gold (including gold plated with platinum) unwrought or in semi-manufactured forms, or in powder form.;Total Exports;FOB Value (US$);DR Congo;ASEAN
Aug 2021;53535808;71081200 - Gold (including gold plated with platinum) unwrought or in semi-manufactured forms, or in powder form.- Non-monetary:-- Other unwrought forms;Total Exports;FOB Value (US$);DR Congo;ASEAN
Oct 2024;54680000;26 - Ores, slag and ash.;Total Exports;Net Weight(Kg);Kenya;European Union All Countries
Oct 2024;54680000;26 - Ores, slag and ash.;Total Exports;Quantity;Kenya;European Union All Countries
Jun 2025;55450514;2603 - Copper ores and concentrates.;Total Exports;Net Weight(Kg);DR Congo;SADC
Apr 2022;56141510;26 - Ores, slag and ash.;Total Exports;Net Weight(Kg);DR Congo;ASEAN
Sep 2022;56407050;2609 - Tin ores and concentrates.;Total Exports;Net Weight(Kg);DR Congo;SADC
Jun 2021;57204130;7108 - Gold (including gold plated with platinum) unwrought or in semi-manufactured forms, or in powder form.;Total Imports;Quantity;Uganda;SADC
Apr 2025;59134453;2603 - Copper ores and concentrates.;Total Exports;Net Weight(Kg);DR Congo;SADC
Oct 2021;61370002;2603 - Copper ores and concentrates.;Total Exports;FOB Value (US$);DR Congo;SADC
Jun 2025;61441524;7108 - Gold (including gold plated with platinum) unwrought or in semi-manufactured forms, or in powder form.;Total Exports;Net Weight(Kg);United Republic of Tanzania;SADC
Jun 2025;61441524;71081200 - Gold (including gold plated with platinum) unwrought or in semi-manufactured forms, or in powder form.- Non-monetary:-- Other unwrought forms;Total Exports;Net Weight(Kg);United Republic of Tanzania;SADC
Jun 2025;61441524;7108 - Gold (including gold plated with platinum) unwrought or in semi-manufactured forms, or in powder form.;Total Exports;Quantity;United Republic of Tanzania;SADC
Jun 2025;61441524;71081200 - Gold (including gold plated with platinum) unwrought or in semi-manufactured forms, or in powder form.- Non-monetary:-- Other unwrought forms;Total Exports;Quantity;United Republic of Tanzania;SADC
Aug 2020;62090200;2603 - Copper ores and concentrates.;Total Imports;Net Weight(Kg);DR Congo;SADC
May 2025;62405710;2603 - Copper ores and concentrates.;Total Exports;Net Weight(Kg);DR Congo;SADC
Dec 2021;62462867;2616 - Precious metal ores and concentrates.;Total Exports;FOB Value (US$);United Republic of Tanzania;European Union All Countries
Dec 2021;62463977;26 - Ores, slag and ash.;Total Exports;FOB Value (US$);United Republic of Tanzania;European Union All Countries
Nov 2022;62628478;7108 - Gold (including gold plated with platinum) unwrought or in semi-manufactured forms, or in powder form.;Total Imports;CIF Value (US$);Uganda;SADC
Oct 2021;62690810;2616 - Precious metal ores and concentrates.;Total Exports;FOB Value (US$);United Republic of Tanzania;ASEAN
Mar 2025;66909710;2603 - Copper ores and concentrates.;Total Exports;Net Weight(Kg);DR Congo;ASEAN
Mar 2025;68366710;26 - Ores, slag and ash.;Total Exports;Net Weight(Kg);DR Congo;ASEAN
Mar 2022;69298741;2603 - Copper ores and concentrates.;Total Exports;FOB Value (US$);DR Congo;ASEAN
Aug 2023;69607030;2603 - Copper ores and concentrates.;Total Exports;FOB Value (US$);DR Congo;European Union All Countries
Jul 2022;72178225;26 - Ores, slag and ash.;Total Exports;FOB Value (US$);DR Congo;European Union All Countries
Aug 2020;73142400;26 - Ores, slag and ash.;Total Imports;Net Weight(Kg);DR Congo;SADC
Apr 2022;74960980;26 - Ores, slag and ash.;Total Exports;Net Weight(Kg);DR Congo;SADC
Jun 2021;79888426;7108 - Gold (including gold plated with platinum) unwrought or in semi-manufactured forms, or in powder form.;Total Imports;CIF Value (US$);Kenya;European Union All Countries
Jun 2021;79888426;71081300 - Gold (including gold plated with platinum) unwrought or in semi-manufactured forms, or in powder form.- Non-monetary:-- Other semi-manufactured forms;Total Imports;CIF Value (US$);Kenya;European Union All Countries
May 2022;80131210;2609 - Tin ores and concentrates.;Total Exports;Net Weight(Kg);DR Congo;SADC
Jan 2020;80510000;7108 - Gold (including gold plated with platinum) unwrought or in semi-manufactured forms, or in powder form.;Total Exports;Quantity;Kenya;SADC
Jan 2020;80510000;71081300 - Gold (including gold plated with platinum) unwrought or in semi-manufactured forms, or in powder form.- Non-monetary:-- Other semi-manufactured forms;Total Exports;Quantity;Kenya;SADC
Jul 2023;84703670;2609 - Tin ores and concentrates.;Total Exports;Net Weight(Kg);DR Congo;SADC
Jan 2021;85700000;7108 - Gold (including gold plated with platinum) unwrought or in semi-manufactured forms, or in powder form.;Total Exports;Quantity;Kenya;SADC
Jan 2021;85700000;71081300 - Gold (including gold plated with platinum) unwrought or in semi-manufactured forms, or in powder form.- Non-monetary:-- Other semi-manufactured forms;Total Exports;Quantity;Kenya;SADC
Feb 2022;87093221;26 - Ores, slag and ash.;Total Exports;Quantity;DR Congo;European Union All Countries
Jun 2020;87354602;26 - Ores, slag and ash.;Total Imports;CIF Value (US$);DR Congo;European Union All Countries
Nov 2021;88744099;2609 - Tin ores and concentrates.;Total Exports;FOB Value (US$);DR Congo;SADC
Jul 2025;89521452;2504 - Natural graphite.;Total Imports;CIF Value (US$);DR Congo;European Union All Countries
Nov 2022;90192050;26 - Ores, slag and ash.;Total Exports;Net Weight(Kg);DR Congo;SADC
Feb 2025;90250830;2603 - Copper ores and concentrates.;Total Exports;Net Weight(Kg);DR Congo;ASEAN
Mar 2025;90592496;7108 - Gold (including gold plated with platinum) unwrought or in semi-manufactured forms, or in powder form.;Total Imports;CIF Value (US$);United Republic of Tanzania;European Union All Countries
Mar 2025;90592496;71081300 - Gold (including gold plated with platinum) unwrought or in semi-manufactured forms, or in powder form.- Non-monetary:-- Other semi-manufactured forms;Total Imports;CIF Value (US$);United Republic of Tanzania;European Union All Countries
May 2022;90609750;26 - Ores, slag and ash.;Total Exports;Net Weight(Kg);DR Congo;SADC
May 2022;91111416;26 - Ores, slag and ash.;Total Exports;Net Weight(Kg);United Republic of Tanzania;European Union All Countries
May 2022;91111416;26 - Ores, slag and ash.;Total Exports;Quantity;United Republic of Tanzania;European Union All Countries
Feb 2025;91186830;26 - Ores, slag and ash.;Total Exports;Net Weight(Kg);DR Congo;ASEAN
Nov 2021;94364303;26 - Ores, slag and ash.;Total Imports;CIF Value (US$);DR Congo;SADC
Dec 2020;94590000;7108 - Gold (including gold plated with platinum) unwrought or in semi-manufactured forms, or in powder form.;Total Exports;Quantity;Kenya;SADC
Dec 2020;94590000;71081300 - Gold (including gold plated with platinum) unwrought or in semi-manufactured forms, or in powder form.- Non-monetary:-- Other semi-manufactured forms;Total Exports;Quantity;Kenya;SADC
Apr 2020;95999999;26 - Ores, slag and ash.;Total Exports;FOB Value (US$);DR Congo;ASEAN
Jul 2022;96318143;26 - Ores, slag and ash.;Total Imports;CIF Value (US$);United Republic of Tanzania;SADC
Mar 2020;98007379;26 - Ores, slag and ash.;Total Imports;CIF Value (US$);DR Congo;European Union All Countries
Mar 2022;98242890;26 - Ores, slag and ash.;Total Exports;Net Weight(Kg);DR Congo;SADC
Oct 2022;99368012;26 - Ores, slag and ash.;Total Exports;FOB Value (US$);Kenya;European Union All Countries
Oct 2020;100000000;2614 - Titanium ores and concentrates.;Total Exports;Net Weight(Kg);Kenya;European Union All Countries
Dec 2021;100000000;2614 - Titanium ores and concentrates.;Total Exports;Net Weight(Kg);Kenya;European Union All Countries
Oct 2020;100000000;2614 - Titanium ores and concentrates.;Total Exports;Quantity;Kenya;European Union All Countries
Dec 2021;100000000;2614 - Titanium ores and concentrates.;Total Exports;Quantity;Kenya;European Union All Countries
Nov 2023;100163980;2603 - Copper ores and concentrates.;Total Exports;Net Weight(Kg);DR Congo;ASEAN
Jun 2024;100999999;2504 - Natural graphite.;Total Exports;FOB Value (US$);United Republic of Tanzania;SADC
Apr 2020;101300440;2603 - Copper ores and concentrates.;Total Imports;Net Weight(Kg);DR Congo;SADC
Aug 2021;101500000;2614 - Titanium ores and concentrates.;Total Exports;Net Weight(Kg);Kenya;European Union All Countries
Aug 2021;101500000;2614 - Titanium ores and concentrates.;Total Exports;Quantity;Kenya;European Union All Countries
Jan 2020;101614000;7108 - Gold (including gold plated with platinum) unwrought or in semi-manufactured forms, or in powder form.;Total Imports;CIF Value (US$);Rwanda;SADC
Jan 2020;101614000;71081200 - Gold (including gold plated with platinum) unwrought or in semi-manufactured forms, or in powder form.- Non-monetary:-- Other unwrought forms;Total Imports;CIF Value (US$);Rwanda;SADC
Sep 2022;101781623;26 - Ores, slag and ash.;Total Exports;FOB Value (US$);Rwanda;European Union All Countries
Sep 2022;101781623;2609 - Tin ores and concentrates.;Total Exports;FOB Value (US$);Rwanda;European Union All Countries
Jul 2022;102000000;2614 - Titanium ores and concentrates.;Total Exports;Net Weight(Kg);Kenya;ASEAN
Jul 2022;102000000;2614 - Titanium ores and concentrates.;Total Exports;Quantity;Kenya;ASEAN
Aug 2023;102292448;26 - Ores, slag and ash.;Total Imports;CIF Value (US$);Rwanda;SADC
Aug 2023;102292448;2609 - Tin ores and concentrates.;Total Imports;CIF Value (US$);Rwanda;SADC
Dec 2022;103200000;2614 - Titanium ores and concentrates.;Total Exports;Net Weight(Kg);Kenya;ASEAN
Dec 2022;103200000;2614 - Titanium ores and concentrates.;Total Exports;Quantity;Kenya;ASEAN
Jul 2022;103560000;26 - Ores, slag and ash.;Total Exports;Net Weight(Kg);Kenya;ASEAN
Jul 2022;103560000;26 - Ores, slag and ash.;Total Exports;Quantity;Kenya;ASEAN
Sep 2022;103949240;26 - Ores, slag and ash.;Total Exports;Net Weight(Kg);DR Congo;SADC
Feb 2024;104774594;26 - Ores, slag and ash.;Total Imports;CIF Value (US$);United Republic of Tanzania;SADC
Dec 2022;105280000;26 - Ores, slag and ash.;Total Exports;Net Weight(Kg);Kenya;ASEAN
Dec 2022;105280000;26 - Ores, slag and ash.;Total Exports;Quantity;Kenya;ASEAN
Oct 2020;105930000;26 - Ores, slag and ash.;Total Exports;Net Weight(Kg);Kenya;European Union All Countries
Oct 2020;105930000;26 - Ores, slag and ash.;Total Exports;Quantity;Kenya;European Union All Countries
Dec 2021;106220000;26 - Ores, slag and ash.;Total Exports;Net Weight(Kg);Kenya;European Union All Countries
Dec 2021;106220000;26 - Ores, slag and ash.;Total Exports;Quantity;Kenya;European Union All Countries
Mar 2023;106823940;2609 - Tin ores and concentrates.;Total Exports;Net Weight(Kg);DR Congo;ASEAN
Apr 2025;107104453;2603 - Copper ores and concentrates.;Total Exports;FOB Value (US$);DR Congo;ASEAN
Jan 2025;108689540;2603 - Copper ores and concentrates.;Total Exports;Net Weight(Kg);DR Congo;ASEAN
Aug 2021;109025340;26 - Ores, slag and ash.;Total Exports;Net Weight(Kg);Kenya;European Union All Countries
Aug 2021;109025340;26 - Ores, slag and ash.;Total Exports;Quantity;Kenya;European Union All Countries
Aug 2023;109312416;26 - Ores, slag and ash.;Total Exports;FOB Value (US$);United Republic of Tanzania;European Union All Countries
Aug 2022;109658287;2504 - Natural graphite.;Total Exports;FOB Value (US$);Rwanda;SADC
Jan 2020;110000000;26 - Ores, slag and ash.;Total Exports;Net Weight(Kg);Kenya;ASEAN
Sep 2020;110000000;2614 - Titanium ores and concentrates.;Total Exports;Net Weight(Kg);Kenya;European Union All Countries
May 2021;110000000;2614 - Titanium ores and concentrates.;Total Exports;Net Weight(Kg);Kenya;European Union All Countries
May 2023;110000000;2614 - Titanium ores and concentrates.;Total Exports;Net Weight(Kg);Kenya;European Union All Countries
Nov 2023;110000000;2614 - Titanium ores and concentrates.;Total Exports;Net Weight(Kg);Kenya;European Union All Countries
Jan 2020;110000000;2614 - Titanium ores and concentrates.;Total Exports;Net Weight(Kg);Kenya;ASEAN
Jul 2020;110000000;2614 - Titanium ores and concentrates.;Total Exports;Net Weight(Kg);Kenya;ASEAN
Jan 2020;110000000;26 - Ores, slag and ash.;Total Exports;Quantity;Kenya;ASEAN
Sep 2020;110000000;2614 - Titanium ores and concentrates.;Total Exports;Quantity;Kenya;European Union All Countries
May 2021;110000000;2614 - Titanium ores and concentrates.;Total Exports;Quantity;Kenya;European Union All Countries
May 2023;110000000;2614 - Titanium ores and concentrates.;Total Exports;Quantity;Kenya;European Union All Countries
Nov 2023;110000000;2614 - Titanium ores and concentrates.;Total Exports;Quantity;Kenya;European Union All Countries
Jan 2020;110000000;2614 - Titanium ores and concentrates.;Total Exports;Quantity;Kenya;ASEAN
Jul 2020;110000000;2614 - Titanium ores and concentrates.;Total Exports;Quantity;Kenya;ASEAN
Sep 2020;110419600;2603 - Copper ores and concentrates.;Total Imports;Net Weight(Kg);DR Congo;SADC
Jan 2025;110887540;26 - Ores, slag and ash.;Total Exports;Net Weight(Kg);DR Congo;ASEAN
Nov 2023;111000000;26 - Ores, slag and ash.;Total Exports;Net Weight(Kg);Kenya;European Union All Countries
Sep 2021;111000000;2614 - Titanium ores and concentrates.;Total Exports;Net Weight(Kg);Kenya;ASEAN
Nov 2023;111000000;26 - Ores, slag and ash.;Total Exports;Quantity;Kenya;European Union All Countries
Sep 2021;111000000;2614 - Titanium ores and concentrates.;Total Exports;Quantity;Kenya;ASEAN
Jul 2020;111040000;26 - Ores, slag and ash.;Total Exports;Net Weight(Kg);Kenya;ASEAN
Jul 2020;111040000;26 - Ores, slag and ash.;Total Exports;Quantity;Kenya;ASEAN
Mar 2021;111200000;26 - Ores, slag and ash.;Total Exports;Net Weight(Kg);Kenya;ASEAN
Mar 2021;111200000;2614 - Titanium ores and concentrates.;Total Exports;Net Weight(Kg);Kenya;ASEAN
Mar 2021;111200000;26 - Ores, slag and ash.;Total Exports;Quantity;Kenya;ASEAN
Mar 2021;111200000;2614 - Titanium ores and concentrates.;Total Exports;Quantity;Kenya;ASEAN
Sep 2020;111500000;26 - Ores, slag and ash.;Total Exports;Net Weight(Kg);Kenya;European Union All Countries
Sep 2020;111500000;26 - Ores, slag and ash.;Total Exports;Quantity;Kenya;European Union All Countries
Jan 2022;111600000;2614 - Titanium ores and concentrates.;Total Exports;Net Weight(Kg);Kenya;ASEAN
Jan 2022;111600000;2614 - Titanium ores and concentrates.;Total Exports;Quantity;Kenya;ASEAN
Oct 2021;111844274;7108 - Gold (including gold plated with platinum) unwrought or in semi-manufactured forms, or in powder form.;Total Imports;CIF Value (US$);Rwanda;SADC
Oct 2021;111844274;71081200 - Gold (including gold plated with platinum) unwrought or in semi-manufactured forms, or in powder form.- Non-monetary:-- Other unwrought forms;Total Imports;CIF Value (US$);Rwanda;SADC
Sep 2020;111856060;26 - Ores, slag and ash.;Total Imports;Net Weight(Kg);DR Congo;SADC
Jul 2023;112000000;26 - Ores, slag and ash.;Total Exports;Net Weight(Kg);Kenya;ASEAN
Jul 2023;112000000;2614 - Titanium ores and concentrates.;Total Exports;Net Weight(Kg);Kenya;ASEAN
Jul 2023;112000000;26 - Ores, slag and ash.;Total Exports;Quantity;Kenya;ASEAN
Jul 2023;112000000;2614 - Titanium ores and concentrates.;Total Exports;Quantity;Kenya;ASEAN
Sep 2021;112040000;26 - Ores, slag and ash.;Total Exports;Net Weight(Kg);Kenya;ASEAN
Sep 2021;112040000;26 - Ores, slag and ash.;Total Exports;Quantity;Kenya;ASEAN
Feb 2022;112494180;2603 - Copper ores and concentrates.;Total Exports;FOB Value (US$);DR Congo;European Union All Countries
Nov 2020;113020000;26 - Ores, slag and ash.;Total Exports;Net Weight(Kg);Kenya;ASEAN
Nov 2020;113020000;2614 - Titanium ores and concentrates.;Total Exports;Net Weight(Kg);Kenya;ASEAN
Nov 2020;113020000;26 - Ores, slag and ash.;Total Exports;Quantity;Kenya;ASEAN
Nov 2020;113020000;2614 - Titanium ores and concentrates.;Total Exports;Quantity;Kenya;ASEAN
Aug 2025;114518417;26 - Ores, slag and ash.;Total Imports;Quantity;DR Congo;ASEAN
May 2020;115000000;2614 - Titanium ores and concentrates.;Total Exports;Net Weight(Kg);Kenya;ASEAN
May 2020;115000000;2614 - Titanium ores and concentrates.;Total Exports;Quantity;Kenya;ASEAN
May 2020;115935605;2609 - Tin ores and concentrates.;Total Imports;CIF Value (US$);DR Congo;SADC
Jan 2021;116000000;26 - Ores, slag and ash.;Total Exports;Net Weight(Kg);Kenya;ASEAN
Jan 2021;116000000;2614 - Titanium ores and concentrates.;Total Exports;Net Weight(Kg);Kenya;ASEAN
Jan 2021;116000000;26 - Ores, slag and ash.;Total Exports;Quantity;Kenya;ASEAN
Jan 2021;116000000;2614 - Titanium ores and concentrates.;Total Exports;Quantity;Kenya;ASEAN
May 2020;116560000;26 - Ores, slag and ash.;Total Exports;Net Weight(Kg);Kenya;ASEAN
May 2020;116560000;26 - Ores, slag and ash.;Total Exports;Quantity;Kenya;ASEAN
May 2022;116737366;2609 - Tin ores and concentrates.;Total Imports;CIF Value (US$);DR Congo;SADC
Jun 2021;116982958;2609 - Tin ores and concentrates.;Total Exports;FOB Value (US$);Rwanda;ASEAN
Jul 2020;117203450;2616 - Precious metal ores and concentrates.;Total Exports;Net Weight(Kg);United Republic of Tanzania;European Union All Countries
Jul 2020;117203450;2616 - Precious metal ores and concentrates.;Total Exports;Quantity;United Republic of Tanzania;European Union All Countries
Jul 2020;117203460;26 - Ores, slag and ash.;Total Exports;Net Weight(Kg);United Republic of Tanzania;European Union All Countries
Jul 2020;117203460;26 - Ores, slag and ash.;Total Exports;Quantity;United Republic of Tanzania;European Union All Countries
Jun 2022;117386620;26 - Ores, slag and ash.;Total Exports;Net Weight(Kg);DR Congo;ASEAN
Nov 2021;118500000;2614 - Titanium ores and concentrates.;Total Exports;Net Weight(Kg);Kenya;European Union All Countries
Nov 2021;118500000;2614 - Titanium ores and concentrates.;Total Exports;Quantity;Kenya;European Union All Countries
Jul 2020;119115000;2603 - Copper ores and concentrates.;Total Imports;Net Weight(Kg);DR Congo;SADC
Dec 2020;120331236;7108 - Gold (including gold plated with platinum) unwrought or in semi-manufactured forms, or in powder form.;Total Imports;CIF Value (US$);Rwanda;SADC
Dec 2020;120331236;71081200 - Gold (including gold plated with platinum) unwrought or in semi-manufactured forms, or in powder form.- Non-monetary:-- Other unwrought forms;Total Imports;CIF Value (US$);Rwanda;SADC
Apr 2022;121680000;2614 - Titanium ores and concentrates.;Total Exports;Net Weight(Kg);Kenya;European Union All Countries
Apr 2022;121680000;2614 - Titanium ores and concentrates.;Total Exports;Quantity;Kenya;European Union All Countries
May 2021;122170000;26 - Ores, slag and ash.;Total Exports;Net Weight(Kg);Kenya;European Union All Countries
May 2021;122170000;26 - Ores, slag and ash.;Total Exports;Quantity;Kenya;European Union All Countries
Aug 2022;122440909;26 - Ores, slag and ash.;Total Exports;FOB Value (US$);Rwanda;European Union All Countries
May 2023;122690000;26 - Ores, slag and ash.;Total Exports;Net Weight(Kg);Kenya;European Union All Countries
May 2023;122690000;26 - Ores, slag and ash.;Total Exports;Quantity;Kenya;European Union All Countries
Feb 2025;122714530;2603 - Copper ores and concentrates.;Total Exports;Net Weight(Kg);DR Congo;SADC
Jul 2021;124224001;2603 - Copper ores and concentrates.;Total Exports;FOB Value (US$);DR Congo;European Union All Countries
Jan 2020;124763842;26 - Ores, slag and ash.;Total Exports;FOB Value (US$);Rwanda;ASEAN
Nov 2021;124970000;26 - Ores, slag and ash.;Total Exports;Net Weight(Kg);Kenya;European Union All Countries
Nov 2021;124970000;26 - Ores, slag and ash.;Total Exports;Quantity;Kenya;European Union All Countries
Dec 2020;126229382;26 - Ores, slag and ash.;Total Exports;FOB Value (US$);Kenya;European Union All Countries
Apr 2022;127400000;26 - Ores, slag and ash.;Total Exports;Net Weight(Kg);Kenya;European Union All Countries
Apr 2022;127400000;26 - Ores, slag and ash.;Total Exports;Quantity;Kenya;European Union All Countries
Apr 2023;128390802;2609 - Tin ores and concentrates.;Total Exports;FOB Value (US$);DR Congo;SADC
Jan 2022;128989866;2606 - Aluminium ores and concentrates.;Total Imports;CIF Value (US$);Kenya;SADC
Sep 2022;130639600;71081200 - Gold (including gold plated with platinum) unwrought or in semi-manufactured forms, or in powder form.- Non-monetary:-- Other unwrought forms;Total Imports;CIF Value (US$);Uganda;SADC
Apr 2024;130889038;26 - Ores, slag and ash.;Total Exports;FOB Value (US$);Rwanda;ASEAN
Apr 2024;130889038;2609 - Tin ores and concentrates.;Total Exports;FOB Value (US$);Rwanda;ASEAN
Jul 2025;132971580;2603 - Copper ores and concentrates.;Total Exports;Net Weight(Kg);DR Congo;SADC
Dec 2023;133118210;26 - Ores, slag and ash.;Total Exports;Net Weight(Kg);DR Congo;ASEAN
Sep 2022;133777580;7108 - Gold (including gold plated with platinum) unwrought or in semi-manufactured forms, or in powder form.;Total Imports;CIF Value (US$);Uganda;SADC
Jan 2022;137640000;26 - Ores, slag and ash.;Total Exports;Net Weight(Kg);Kenya;ASEAN
Jan 2022;137640000;26 - Ores, slag and ash.;Total Exports;Quantity;Kenya;ASEAN
Mar 2023;138061480;26 - Ores, slag and ash.;Total Exports;Net Weight(Kg);DR Congo;SADC
Mar 2025;138682155;2609 - Tin ores and concentrates.;Total Exports;FOB Value (US$);Rwanda;European Union All Countries
Aug 2025;140171005;2609 - Tin ores and concentrates.;Total Exports;FOB Value (US$);Rwanda;ASEAN
Nov 2023;140271620;26 - Ores, slag and ash.;Total Exports;Net Weight(Kg);DR Congo;ASEAN
Apr 2024;140736327;26 - Ores, slag and ash.;Total Imports;CIF Value (US$);DR Congo;European Union All Countries
Feb 2025;140917334;26 - Ores, slag and ash.;Total Exports;FOB Value (US$);Kenya;ASEAN
May 2020;141410800;26 - Ores, slag and ash.;Total Exports;Net Weight(Kg);United Republic of Tanzania;European Union All Countries
May 2020;141410800;2616 - Precious metal ores and concentrates.;Total Exports;Net Weight(Kg);United Republic of Tanzania;European Union All Countries
May 2020;141410800;26 - Ores, slag and ash.;Total Exports;Quantity;United Republic of Tanzania;European Union All Countries
May 2020;141410800;2616 - Precious metal ores and concentrates.;Total Exports;Quantity;United Republic of Tanzania;European Union All Countries
May 2025;143135258;26 - Ores, slag and ash.;Total Imports;CIF Value (US$);Kenya;SADC
Apr 2025;145790926;2609 - Tin ores and concentrates.;Total Exports;FOB Value (US$);Rwanda;ASEAN
Mar 2023;147077320;26 - Ores, slag and ash.;Total Exports;Net Weight(Kg);DR Congo;ASEAN
Apr 2025;147092924;26 - Ores, slag and ash.;Total Exports;FOB Value (US$);Rwanda;ASEAN
May 2020;148762563;2608 - Zinc ores and concentrates.;Total Imports;CIF Value (US$);DR Congo;SADC
Dec 2022;149934585;71081200 - Gold (including gold plated with platinum) unwrought or in semi-manufactured forms, or in powder form.- Non-monetary:-- Other unwrought forms;Total Imports;CIF Value (US$);Uganda;SADC
Jan 2025;150635270;2603 - Copper ores and concentrates.;Total Exports;Net Weight(Kg);DR Congo;SADC
Jan 2025;151386469;26 - Ores, slag and ash.;Total Exports;FOB Value (US$);Kenya;European Union All Countries
Apr 2025;152440436;2609 - Tin ores and concentrates.;Total Exports;FOB Value (US$);Rwanda;European Union All Countries
Apr 2022;154323512;26 - Ores, slag and ash.;Total Imports;CIF Value (US$);United Republic of Tanzania;SADC
Jul 2025;155186300;26 - Ores, slag and ash.;Total Exports;FOB Value (US$);United Republic of Tanzania;ASEAN
Jul 2025;155186300;2603 - Copper ores and concentrates.;Total Exports;FOB Value (US$);United Republic of Tanzania;ASEAN
Jun 2024;157540569;7108 - Gold (including gold plated with platinum) unwrought or in semi-manufactured forms, or in powder form.;Total Exports;FOB Value (US$);Kenya;SADC
Jun 2024;157540569;71081300 - Gold (including gold plated with platinum) unwrought or in semi-manufactured forms, or in powder form.- Non-monetary:-- Other semi-manufactured forms;Total Exports;FOB Value (US$);Kenya;SADC
Sep 2025;162020225;26 - Ores, slag and ash.;Total Imports;CIF Value (US$);DR Congo;SADC
Jul 2023;163472220;26 - Ores, slag and ash.;Total Exports;Net Weight(Kg);DR Congo;ASEAN
Apr 2020;164889010;26 - Ores, slag and ash.;Total Imports;Net Weight(Kg);DR Congo;SADC
Feb 2020;166672833;2609 - Tin ores and concentrates.;Total Exports;FOB Value (US$);Rwanda;European Union All Countries
Nov 2021;168421301;2609 - Tin ores and concentrates.;Total Exports;FOB Value (US$);DR Congo;European Union All Countries
Dec 2023;168626308;2504 - Natural graphite.;Total Exports;FOB Value (US$);United Republic of Tanzania;SADC
Dec 2022;169560230;26 - Ores, slag and ash.;Total Exports;Net Weight(Kg);DR Congo;ASEAN
Jun 2025;170000060;26 - Ores, slag and ash.;Total Imports;Net Weight(Kg);United Republic of Tanzania;ASEAN
Jun 2025;170000060;26 - Ores, slag and ash.;Total Imports;Quantity;United Republic of Tanzania;ASEAN
Dec 2024;170116570;2603 - Copper ores and concentrates.;Total Exports;Net Weight(Kg);DR Congo;SADC
Oct 2025;172681459;26 - Ores, slag and ash.;Total Exports;FOB Value (US$);DR Congo;ASEAN
Nov 2021;173889852;26 - Ores, slag and ash.;Total Exports;FOB Value (US$);Rwanda;SADC
May 2020;174004540;2603 - Copper ores and concentrates.;Total Imports;Net Weight(Kg);DR Congo;SADC
May 2020;174994780;26 - Ores, slag and ash.;Total Imports;Net Weight(Kg);DR Congo;SADC
Jul 2020;176137220;26 - Ores, slag and ash.;Total Imports;Net Weight(Kg);DR Congo;SADC
Dec 2022;176176486;26 - Ores, slag and ash.;Total Exports;FOB Value (US$);Rwanda;European Union All Countries
Apr 2024;178640289;26 - Ores, slag and ash.;Total Imports;CIF Value (US$);DR Congo;SADC
Nov 2023;179068320;2603 - Copper ores and concentrates.;Total Exports;Net Weight(Kg);DR Congo;SADC
Nov 2023;184315299;26 - Ores, slag and ash.;Total Imports;CIF Value (US$);DR Congo;European Union All Countries
May 2022;184911419;26 - Ores, slag and ash.;Total Imports;CIF Value (US$);DR Congo;SADC
Sep 2021;185668689;2603 - Copper ores and concentrates.;Total Exports;FOB Value (US$);DR Congo;SADC
Dec 2024;189379410;2608 - Zinc ores and concentrates.;Total Exports;Net Weight(Kg);DR Congo;SADC
Sep 2024;192086544;26 - Ores, slag and ash.;Total Exports;FOB Value (US$);Kenya;ASEAN
Sep 2024;192086544;2614 - Titanium ores and concentrates.;Total Exports;FOB Value (US$);Kenya;ASEAN
Apr 2020;192255483;26 - Ores, slag and ash.;Total Imports;CIF Value (US$);DR Congo;European Union All Countries
May 2021;195674250;26 - Ores, slag and ash.;Total Exports;FOB Value (US$);United Republic of Tanzania;ASEAN
May 2021;195674250;2616 - Precious metal ores and concentrates.;Total Exports;FOB Value (US$);United Republic of Tanzania;ASEAN
Dec 2022;200454970;2603 - Copper ores and concentrates.;Total Exports;Net Weight(Kg);DR Congo;SADC
Oct 2020;201743189;2609 - Tin ores and concentrates.;Total Exports;FOB Value (US$);Rwanda;European Union All Countries
Mar 2022;202085877;26 - Ores, slag and ash.;Total Exports;FOB Value (US$);United Republic of Tanzania;ASEAN
Mar 2022;202085877;2603 - Copper ores and concentrates.;Total Exports;FOB Value (US$);United Republic of Tanzania;ASEAN
Jun 2020;207183200;2603 - Copper ores and concentrates.;Total Imports;Net Weight(Kg);DR Congo;SADC
Dec 2022;209976651;26 - Ores, slag and ash.;Total Imports;CIF Value (US$);United Republic of Tanzania;SADC
Sep 2020;212058717;2609 - Tin ores and concentrates.;Total Exports;FOB Value (US$);Rwanda;European Union All Countries
Aug 2021;212229775;2616 - Precious metal ores and concentrates.;Total Imports;CIF Value (US$);Kenya;SADC
Aug 2022;213693190;26 - Ores, slag and ash.;Total Exports;Net Weight(Kg);DR Congo;SADC
Sep 2020;217299999;2603 - Copper ores and concentrates.;Total Exports;FOB Value (US$);DR Congo;European Union All Countries
Jun 2024;217303696;7108 - Gold (including gold plated with platinum) unwrought or in semi-manufactured forms, or in powder form.;Total Imports;Quantity;Uganda;SADC
Jun 2024;217303696;71081200 - Gold (including gold plated with platinum) unwrought or in semi-manufactured forms, or in powder form.- Non-monetary:-- Other unwrought forms;Total Imports;Quantity;Uganda;SADC
Sep 2024;218263089;7108 - Gold (including gold plated with platinum) unwrought or in semi-manufactured forms, or in powder form.;Total Imports;Quantity;Uganda;SADC
Sep 2024;218263089;71081200 - Gold (including gold plated with platinum) unwrought or in semi-manufactured forms, or in powder form.- Non-monetary:-- Other unwrought forms;Total Imports;Quantity;Uganda;SADC
Jan 2020;220800002;2609 - Tin ores and concentrates.;Total Exports;FOB Value (US$);DR Congo;European Union All Countries
Mar 2023;220909904;7108 - Gold (including gold plated with platinum) unwrought or in semi-manufactured forms, or in powder form.;Total Imports;CIF Value (US$);Uganda;SADC
Mar 2023;220909904;71081300 - Gold (including gold plated with platinum) unwrought or in semi-manufactured forms, or in powder form.- Non-monetary:-- Other semi-manufactured forms;Total Imports;CIF Value (US$);Uganda;SADC
Oct 2024;221240001;26 - Ores, slag and ash.;Total Imports;CIF Value (US$);DR Congo;SADC
Jun 2024;227320906;26 - Ores, slag and ash.;Total Exports;FOB Value (US$);Kenya;European Union All Countries
May 2022;232188831;7108 - Gold (including gold plated with platinum) unwrought or in semi-manufactured forms, or in powder form.;Total Exports;FOB Value (US$);Kenya;SADC
May 2022;232188831;71081300 - Gold (including gold plated with platinum) unwrought or in semi-manufactured forms, or in powder form.- Non-monetary:-- Other semi-manufactured forms;Total Exports;FOB Value (US$);Kenya;SADC
Feb 2025;234150122;2603 - Copper ores and concentrates.;Total Exports;FOB Value (US$);DR Congo;ASEAN
Aug 2022;236413530;26 - Ores, slag and ash.;Total Exports;Net Weight(Kg);DR Congo;ASEAN
Nov 2023;240509893;7108 - Gold (including gold plated with platinum) unwrought or in semi-manufactured forms, or in powder form.;Total Exports;FOB Value (US$);DR Congo;European Union All Countries
Nov 2023;240509893;71081200 - Gold (including gold plated with platinum) unwrought or in semi-manufactured forms, or in powder form.- Non-monetary:-- Other unwrought forms;Total Exports;FOB Value (US$);DR Congo;European Union All Countries
Jun 2022;243237100;26 - Ores, slag and ash.;Total Exports;Net Weight(Kg);DR Congo;SADC
Jun 2020;243470660;26 - Ores, slag and ash.;Total Imports;Net Weight(Kg);DR Congo;SADC
Feb 2021;245350000;7108 - Gold (including gold plated with platinum) unwrought or in semi-manufactured forms, or in powder form.;Total Exports;Quantity;Kenya;SADC
Feb 2021;245350000;71081300 - Gold (including gold plated with platinum) unwrought or in semi-manufactured forms, or in powder form.- Non-monetary:-- Other semi-manufactured forms;Total Exports;Quantity;Kenya;SADC
Jun 2025;250349320;2608 - Zinc ores and concentrates.;Total Exports;Net Weight(Kg);DR Congo;SADC
Dec 2023;251583470;26 - Ores, slag and ash.;Total Exports;Net Weight(Kg);DR Congo;SADC
Oct 2025;253436167;2616 - Precious metal ores and concentrates.;Total Imports;CIF Value (US$);United Republic of Tanzania;SADC
Jan 2025;253508650;2608 - Zinc ores and concentrates.;Total Exports;Net Weight(Kg);DR Congo;SADC
Feb 2025;255146497;7108 - Gold (including gold plated with platinum) unwrought or in semi-manufactured forms, or in powder form.;Total Imports;Quantity;Uganda;SADC
Feb 2025;255146497;71081200 - Gold (including gold plated with platinum) unwrought or in semi-manufactured forms, or in powder form.- Non-monetary:-- Other unwrought forms;Total Imports;Quantity;Uganda;SADC
Nov 2023;255336520;26 - Ores, slag and ash.;Total Exports;Net Weight(Kg);DR Congo;SADC
Feb 2025;255909976;7108 - Gold (including gold plated with platinum) unwrought or in semi-manufactured forms, or in powder form.;Total Exports;FOB Value (US$);Kenya;SADC
Feb 2025;255909976;71081300 - Gold (including gold plated with platinum) unwrought or in semi-manufactured forms, or in powder form.- Non-monetary:-- Other semi-manufactured forms;Total Exports;FOB Value (US$);Kenya;SADC
Apr 2024;260195183;7108 - Gold (including gold plated with platinum) unwrought or in semi-manufactured forms, or in powder form.;Total Imports;Quantity;Uganda;SADC
Apr 2024;260195183;71081200 - Gold (including gold plated with platinum) unwrought or in semi-manufactured forms, or in powder form.- Non-monetary:-- Other unwrought forms;Total Imports;Quantity;Uganda;SADC
May 2021;261469438;71081200 - Gold (including gold plated with platinum) unwrought or in semi-manufactured forms, or in powder form.- Non-monetary:-- Other unwrought forms;Total Imports;CIF Value (US$);Uganda;SADC
Aug 2021;265689443;7110 - Platinum, unwrought or in semi-manufactured forms, or in powder form.;Total Imports;CIF Value (US$);Kenya;European Union All Countries
Sep 2022;267114855;7108 - Gold (including gold plated with platinum) unwrought or in semi-manufactured forms, or in powder form.;Total Exports;FOB Value (US$);DR Congo;European Union All Countries
Sep 2022;267114855;71081200 - Gold (including gold plated with platinum) unwrought or in semi-manufactured forms, or in powder form.- Non-monetary:-- Other unwrought forms;Total Exports;FOB Value (US$);DR Congo;European Union All Countries
Jan 2022;268454361;26 - Ores, slag and ash.;Total Exports;FOB Value (US$);DR Congo;European Union All Countries
Jul 2023;269520470;26 - Ores, slag and ash.;Total Exports;Net Weight(Kg);DR Congo;SADC
Nov 2020;270120196;7108 - Gold (including gold plated with platinum) unwrought or in semi-manufactured forms, or in powder form.;Total Imports;CIF Value (US$);Rwanda;SADC
Nov 2020;270120196;71081200 - Gold (including gold plated with platinum) unwrought or in semi-manufactured forms, or in powder form.- Non-monetary:-- Other unwrought forms;Total Imports;CIF Value (US$);Rwanda;SADC
Sep 2025;272344171;7108 - Gold (including gold plated with platinum) unwrought or in semi-manufactured forms, or in powder form.;Total Imports;Quantity;Uganda;SADC
Sep 2025;272344171;71081200 - Gold (including gold plated with platinum) unwrought or in semi-manufactured forms, or in powder form.- Non-monetary:-- Other unwrought forms;Total Imports;Quantity;Uganda;SADC
Mar 2024;274477941;26 - Ores, slag and ash.;Total Exports;FOB Value (US$);Kenya;SADC
May 2025;274523851;7108 - Gold (including gold plated with platinum) unwrought or in semi-manufactured forms, or in powder form.;Total Imports;Quantity;Uganda;SADC
May 2025;274523851;71081200 - Gold (including gold plated with platinum) unwrought or in semi-manufactured forms, or in powder form.- Non-monetary:-- Other unwrought forms;Total Imports;Quantity;Uganda;SADC
Mar 2020;277336766;7108 - Gold (including gold plated with platinum) unwrought or in semi-manufactured forms, or in powder form.;Total Imports;CIF Value (US$);Uganda;SADC
Mar 2020;277336766;71081300 - Gold (including gold plated with platinum) unwrought or in semi-manufactured forms, or in powder form.- Non-monetary:-- Other semi-manufactured forms;Total Imports;CIF Value (US$);Uganda;SADC
Sep 2022;278642753;26 - Ores, slag and ash.;Total Imports;CIF Value (US$);Rwanda;SADC
Sep 2022;278642753;2609 - Tin ores and concentrates.;Total Imports;CIF Value (US$);Rwanda;SADC
Mar 2025;285323337;7108 - Gold (including gold plated with platinum) unwrought or in semi-manufactured forms, or in powder form.;Total Imports;Quantity;Uganda;SADC
Mar 2025;285323337;71081200 - Gold (including gold plated with platinum) unwrought or in semi-manufactured forms, or in powder form.- Non-monetary:-- Other unwrought forms;Total Imports;Quantity;Uganda;SADC
Jan 2023;287710308;26 - Ores, slag and ash.;Total Exports;FOB Value (US$);DR Congo;SADC
Nov 2020;287891701;26 - Ores, slag and ash.;Total Exports;FOB Value (US$);Rwanda;European Union All Countries
Oct 2024;288514423;26 - Ores, slag and ash.;Total Exports;FOB Value (US$);Rwanda;ASEAN
Oct 2024;288514423;2609 - Tin ores and concentrates.;Total Exports;FOB Value (US$);Rwanda;ASEAN
Feb 2025;290437660;2608 - Zinc ores and concentrates.;Total Exports;Net Weight(Kg);DR Congo;SADC
May 2024;291478000;7108 - Gold (including gold plated with platinum) unwrought or in semi-manufactured forms, or in powder form.;Total Exports;Quantity;Kenya;SADC
May 2024;291478000;71081300 - Gold (including gold plated with platinum) unwrought or in semi-manufactured forms, or in powder form.- Non-monetary:-- Other semi-manufactured forms;Total Exports;Quantity;Kenya;SADC
Dec 2022;293174060;26 - Ores, slag and ash.;Total Exports;Net Weight(Kg);DR Congo;SADC
Jun 2021;298016848;7108 - Gold (including gold plated with platinum) unwrought or in semi-manufactured forms, or in powder form.;Total Imports;CIF Value (US$);Rwanda;SADC
Jun 2021;298016848;71081200 - Gold (including gold plated with platinum) unwrought or in semi-manufactured forms, or in powder form.- Non-monetary:-- Other unwrought forms;Total Imports;CIF Value (US$);Rwanda;SADC
Dec 2024;300998189;26 - Ores, slag and ash.;Total Exports;FOB Value (US$);Rwanda;ASEAN
Dec 2024;300998189;2609 - Tin ores and concentrates.;Total Exports;FOB Value (US$);Rwanda;ASEAN
Jan 2024;301898643;26 - Ores, slag and ash.;Total Exports;FOB Value (US$);Rwanda;European Union All Countries
Jun 2025;302110405;7108 - Gold (including gold plated with platinum) unwrought or in semi-manufactured forms, or in powder form.;Total Imports;Quantity;Uganda;SADC
Jun 2025;302110405;71081200 - Gold (including gold plated with platinum) unwrought or in semi-manufactured forms, or in powder form.- Non-monetary:-- Other unwrought forms;Total Imports;Quantity;Uganda;SADC
Jun 2023;307079958;26 - Ores, slag and ash.;Total Exports;FOB Value (US$);DR Congo;European Union All Countries
Jun 2025;307981004;26 - Ores, slag and ash.;Total Exports;Net Weight(Kg);DR Congo;SADC
Apr 2024;309131805;26 - Ores, slag and ash.;Total Exports;FOB Value (US$);Kenya;European Union All Countries
Oct 2023;315308097;26 - Ores, slag and ash.;Total Exports;FOB Value (US$);Kenya;ASEAN
May 2024;315731266;7108 - Gold (including gold plated with platinum) unwrought or in semi-manufactured forms, or in powder form.;Total Imports;Quantity;Uganda;SADC
May 2024;315731266;71081200 - Gold (including gold plated with platinum) unwrought or in semi-manufactured forms, or in powder form.- Non-monetary:-- Other unwrought forms;Total Imports;Quantity;Uganda;SADC
Aug 2025;317406050;26 - Ores, slag and ash.;Total Imports;Net Weight(Kg);DR Congo;SADC
Mar 2020;318719997;2603 - Copper ores and concentrates.;Total Exports;FOB Value (US$);DR Congo;European Union All Countries
Mar 2020;320639999;2609 - Tin ores and concentrates.;Total Exports;FOB Value (US$);DR Congo;European Union All Countries
Jul 2025;322002476;7110 - Platinum, unwrought or in semi-manufactured forms, or in powder form.;Total Exports;FOB Value (US$);Kenya;SADC
Jul 2025;324548762;7106 - Silver (including silver plated with gold or platinum), unwrought or in semi-manufactured forms, or in powder form.;Total Imports;CIF Value (US$);Kenya;SADC
Jul 2025;324548762;71069200 - Silver (including silver plated with gold or platinum), unwrought or in semi-manufactured forms, or in powder form.- Other:-- Semi-manufactured;Total Imports;CIF Value (US$);Kenya;SADC
Sep 2023;330682734;7110 - Platinum, unwrought or in semi-manufactured forms, or in powder form.;Total Imports;CIF Value (US$);United Republic of Tanzania;European Union All Countries
Apr 2025;332285442;7108 - Gold (including gold plated with platinum) unwrought or in semi-manufactured forms, or in powder form.;Total Imports;Quantity;Uganda;SADC
Apr 2025;332285442;71081200 - Gold (including gold plated with platinum) unwrought or in semi-manufactured forms, or in powder form.- Non-monetary:-- Other unwrought forms;Total Imports;Quantity;Uganda;SADC
Mar 2023;335951124;7108 - Gold (including gold plated with platinum) unwrought or in semi-manufactured forms, or in powder form.;Total Exports;FOB Value (US$);DR Congo;SADC
Mar 2023;335951124;71081200 - Gold (including gold plated with platinum) unwrought or in semi-manufactured forms, or in powder form.- Non-monetary:-- Other unwrought forms;Total Exports;FOB Value (US$);DR Congo;SADC
Dec 2024;336780024;2614 - Titanium ores and concentrates.;Total Exports;FOB Value (US$);Kenya;European Union All Countries
Jul 2025;338150010;2608 - Zinc ores and concentrates.;Total Exports;Net Weight(Kg);DR Congo;SADC
Mar 2025;339186854;2609 - Tin ores and concentrates.;Total Exports;FOB Value (US$);Rwanda;ASEAN
Apr 2025;341207790;2608 - Zinc ores and concentrates.;Total Exports;Net Weight(Kg);DR Congo;SADC
Dec 2021;347430263;2603 - Copper ores and concentrates.;Total Exports;FOB Value (US$);United Republic of Tanzania;ASEAN
Mar 2025;350763420;2608 - Zinc ores and concentrates.;Total Exports;Net Weight(Kg);DR Congo;SADC
Oct 2021;359999984;2604 - Nickel ores and concentrates.;Total Exports;FOB Value (US$);United Republic of Tanzania;ASEAN
Dec 2024;360899010;26 - Ores, slag and ash.;Total Exports;Net Weight(Kg);DR Congo;SADC
Nov 2020;361234757;26 - Ores, slag and ash.;Total Imports;CIF Value (US$);Rwanda;European Union All Countries
Jun 2020;362339993;2609 - Tin ores and concentrates.;Total Exports;FOB Value (US$);DR Congo;European Union All Countries
Sep 2020;366983656;7108 - Gold (including gold plated with platinum) unwrought or in semi-manufactured forms, or in powder form.;Total Imports;CIF Value (US$);Kenya;SADC
Sep 2020;366983656;71081200 - Gold (including gold plated with platinum) unwrought or in semi-manufactured forms, or in powder form.- Non-monetary:-- Other unwrought forms;Total Imports;CIF Value (US$);Kenya;SADC
Nov 2021;369002896;26 - Ores, slag and ash.;Total Exports;FOB Value (US$);Kenya;ASEAN
Nov 2022;374918838;2609 - Tin ores and concentrates.;Total Exports;FOB Value (US$);DR Congo;SADC
May 2021;377080125;7108 - Gold (including gold plated with platinum) unwrought or in semi-manufactured forms, or in powder form.;Total Exports;FOB Value (US$);United Republic of Tanzania;ASEAN
May 2021;377080125;71081200 - Gold (including gold plated with platinum) unwrought or in semi-manufactured forms, or in powder form.- Non-monetary:-- Other unwrought forms;Total Exports;FOB Value (US$);United Republic of Tanzania;ASEAN
Jul 2023;377953527;7108 - Gold (including gold plated with platinum) unwrought or in semi-manufactured forms, or in powder form.;Total Exports;FOB Value (US$);DR Congo;ASEAN
Jan 2021;379991455;26 - Ores, slag and ash.;Total Exports;FOB Value (US$);DR Congo;ASEAN
Aug 2025;391541464;7108 - Gold (including gold plated with platinum) unwrought or in semi-manufactured forms, or in powder form.;Total Imports;Quantity;Uganda;SADC
Aug 2025;391541464;71081200 - Gold (including gold plated with platinum) unwrought or in semi-manufactured forms, or in powder form.- Non-monetary:-- Other unwrought forms;Total Imports;Quantity;Uganda;SADC
Mar 2025;393057610;26 - Ores, slag and ash.;Total Exports;Net Weight(Kg);DR Congo;SADC
May 2025;394991200;2608 - Zinc ores and concentrates.;Total Exports;Net Weight(Kg);DR Congo;SADC
Nov 2021;397007731;7108 - Gold (including gold plated with platinum) unwrought or in semi-manufactured forms, or in powder form.;Total Exports;FOB Value (US$);DR Congo;European Union All Countries
Nov 2021;397007731;71081200 - Gold (including gold plated with platinum) unwrought or in semi-manufactured forms, or in powder form.- Non-monetary:-- Other unwrought forms;Total Exports;FOB Value (US$);DR Congo;European Union All Countries
Apr 2025;402314023;26 - Ores, slag and ash.;Total Exports;Net Weight(Kg);DR Congo;SADC
Jan 2025;409193450;26 - Ores, slag and ash.;Total Exports;Net Weight(Kg);DR Congo;SADC
Mar 2024;412636685;7108 - Gold (including gold plated with platinum) unwrought or in semi-manufactured forms, or in powder form.;Total Imports;Quantity;Uganda;SADC
Mar 2024;412636685;71081200 - Gold (including gold plated with platinum) unwrought or in semi-manufactured forms, or in powder form.- Non-monetary:-- Other unwrought forms;Total Imports;Quantity;Uganda;SADC
Jun 2020;412874492;2603 - Copper ores and concentrates.;Total Imports;CIF Value (US$);DR Congo;SADC
Feb 2025;418004200;26 - Ores, slag and ash.;Total Exports;Net Weight(Kg);DR Congo;SADC
Oct 2023;418213041;7108 - Gold (including gold plated with platinum) unwrought or in semi-manufactured forms, or in powder form.;Total Exports;FOB Value (US$);DR Congo;European Union All Countries
Jan 2021;422400004;2609 - Tin ores and concentrates.;Total Exports;FOB Value (US$);DR Congo;European Union All Countries
Oct 2020;422750850;7108 - Gold (including gold plated with platinum) unwrought or in semi-manufactured forms, or in powder form.;Total Imports;CIF Value (US$);Rwanda;SADC
Oct 2020;422750850;71081200 - Gold (including gold plated with platinum) unwrought or in semi-manufactured forms, or in powder form.- Non-monetary:-- Other unwrought forms;Total Imports;CIF Value (US$);Rwanda;SADC
Mar 2023;428966079;26 - Ores, slag and ash.;Total Exports;FOB Value (US$);Kenya;ASEAN
Mar 2023;428966079;2614 - Titanium ores and concentrates.;Total Exports;FOB Value (US$);Kenya;ASEAN
May 2023;430439579;71081200 - Gold (including gold plated with platinum) unwrought or in semi-manufactured forms, or in powder form.- Non-monetary:-- Other unwrought forms;Total Imports;CIF Value (US$);Uganda;SADC
Nov 2020;436913713;26 - Ores, slag and ash.;Total Exports;FOB Value (US$);DR Congo;SADC
Jun 2021;441827846;26 - Ores, slag and ash.;Total Exports;FOB Value (US$);United Republic of Tanzania;ASEAN
Jun 2021;441827846;2616 - Precious metal ores and concentrates.;Total Exports;FOB Value (US$);United Republic of Tanzania;ASEAN
Nov 2023;443753139;26 - Ores, slag and ash.;Total Imports;CIF Value (US$);Kenya;European Union All Countries
Sep 2021;444074993;26 - Ores, slag and ash.;Total Exports;FOB Value (US$);DR Congo;SADC
Jul 2023;453100000;2601 - Iron ores and concentrates, including roasted iron pyrites.;Total Imports;Net Weight(Kg);Kenya;SADC
Jul 2023;453100000;26011100 - Iron ores and concentrates, including roasted iron pyrites. - Iron ores and concentrates, other than roasted iron pyrites: -- Non-agglomerated;Total Imports;Net Weight(Kg);Kenya;SADC
Jul 2023;453100000;2601 - Iron ores and concentrates, including roasted iron pyrites.;Total Imports;Quantity;Kenya;SADC
Jul 2023;453100000;26011100 - Iron ores and concentrates, including roasted iron pyrites. - Iron ores and concentrates, other than roasted iron pyrites: -- Non-agglomerated;Total Imports;Quantity;Kenya;SADC
Apr 2020;457940146;26 - Ores, slag and ash.;Total Exports;FOB Value (US$);United Republic of Tanzania;European Union All Countries
Apr 2020;457940146;2616 - Precious metal ores and concentrates.;Total Exports;FOB Value (US$);United Republic of Tanzania;European Union All Countries
May 2025;458806520;26 - Ores, slag and ash.;Total Exports;Net Weight(Kg);DR Congo;SADC
Apr 2021;462652471;26 - Ores, slag and ash.;Total Exports;FOB Value (US$);Rwanda;European Union All Countries
May 2022;464090318;26 - Ores, slag and ash.;Total Imports;CIF Value (US$);United Republic of Tanzania;SADC
Mar 2023;469280000;2601 - Iron ores and concentrates, including roasted iron pyrites.;Total Imports;Net Weight(Kg);Kenya;SADC
Mar 2023;469280000;26011100 - Iron ores and concentrates, including roasted iron pyrites. - Iron ores and concentrates, other than roasted iron pyrites: -- Non-agglomerated;Total Imports;Net Weight(Kg);Kenya;SADC
Mar 2023;469280000;2601 - Iron ores and concentrates, including roasted iron pyrites.;Total Imports;Quantity;Kenya;SADC
Mar 2023;469280000;26011100 - Iron ores and concentrates, including roasted iron pyrites. - Iron ores and concentrates, other than roasted iron pyrites: -- Non-agglomerated;Total Imports;Quantity;Kenya;SADC
Jul 2025;471121590;26 - Ores, slag and ash.;Total Exports;Net Weight(Kg);DR Congo;SADC
Jun 2024;472592098;26 - Ores, slag and ash.;Total Imports;CIF Value (US$);Kenya;European Union All Countries
Jun 2024;472592098;2614 - Titanium ores and concentrates.;Total Imports;CIF Value (US$);Kenya;European Union All Countries
Mar 2024;472800000;26 - Ores, slag and ash.;Total Imports;Net Weight(Kg);Kenya;SADC
Dec 2022;472800000;2601 - Iron ores and concentrates, including roasted iron pyrites.;Total Imports;Net Weight(Kg);Kenya;SADC
Oct 2023;472800000;2601 - Iron ores and concentrates, including roasted iron pyrites.;Total Imports;Net Weight(Kg);Kenya;SADC
Mar 2024;472800000;2601 - Iron ores and concentrates, including roasted iron pyrites.;Total Imports;Net Weight(Kg);Kenya;SADC
Dec 2022;472800000;26011100 - Iron ores and concentrates, including roasted iron pyrites. - Iron ores and concentrates, other than roasted iron pyrites: -- Non-agglomerated;Total Imports;Net Weight(Kg);Kenya;SADC
Oct 2023;472800000;26011100 - Iron ores and concentrates, including roasted iron pyrites. - Iron ores and concentrates, other than roasted iron pyrites: -- Non-agglomerated;Total Imports;Net Weight(Kg);Kenya;SADC
Mar 2024;472800000;26011100 - Iron ores and concentrates, including roasted iron pyrites. - Iron ores and concentrates, other than roasted iron pyrites: -- Non-agglomerated;Total Imports;Net Weight(Kg);Kenya;SADC
Mar 2024;472800000;26 - Ores, slag and ash.;Total Imports;Quantity;Kenya;SADC
Dec 2022;472800000;2601 - Iron ores and concentrates, including roasted iron pyrites.;Total Imports;Quantity;Kenya;SADC
Oct 2023;472800000;2601 - Iron ores and concentrates, including roasted iron pyrites.;Total Imports;Quantity;Kenya;SADC
Mar 2024;472800000;2601 - Iron ores and concentrates, including roasted iron pyrites.;Total Imports;Quantity;Kenya;SADC
Dec 2022;472800000;26011100 - Iron ores and concentrates, including roasted iron pyrites. - Iron ores and concentrates, other than roasted iron pyrites: -- Non-agglomerated;Total Imports;Quantity;Kenya;SADC
Oct 2023;472800000;26011100 - Iron ores and concentrates, including roasted iron pyrites. - Iron ores and concentrates, other than roasted iron pyrites: -- Non-agglomerated;Total Imports;Quantity;Kenya;SADC
Mar 2024;472800000;26011100 - Iron ores and concentrates, including roasted iron pyrites. - Iron ores and concentrates, other than roasted iron pyrites: -- Non-agglomerated;Total Imports;Quantity;Kenya;SADC
Dec 2022;472808400;26 - Ores, slag and ash.;Total Imports;Net Weight(Kg);Kenya;SADC
Dec 2022;472808400;26 - Ores, slag and ash.;Total Imports;Quantity;Kenya;SADC
Jul 2024;473422176;26 - Ores, slag and ash.;Total Imports;CIF Value (US$);DR Congo;SADC
Dec 2023;474654280;2601 - Iron ores and concentrates, including roasted iron pyrites.;Total Imports;Net Weight(Kg);Kenya;SADC
Dec 2023;474654280;26011100 - Iron ores and concentrates, including roasted iron pyrites. - Iron ores and concentrates, other than roasted iron pyrites: -- Non-agglomerated;Total Imports;Net Weight(Kg);Kenya;SADC
Dec 2023;474654280;2601 - Iron ores and concentrates, including roasted iron pyrites.;Total Imports;Quantity;Kenya;SADC
Dec 2023;474654280;26011100 - Iron ores and concentrates, including roasted iron pyrites. - Iron ores and concentrates, other than roasted iron pyrites: -- Non-agglomerated;Total Imports;Quantity;Kenya;SADC
Dec 2023;475089280;26 - Ores, slag and ash.;Total Imports;Net Weight(Kg);Kenya;SADC
Dec 2023;475089280;26 - Ores, slag and ash.;Total Imports;Quantity;Kenya;SADC
Oct 2023;479070000;26 - Ores, slag and ash.;Total Imports;Net Weight(Kg);Kenya;SADC
Oct 2023;479070000;26 - Ores, slag and ash.;Total Imports;Quantity;Kenya;SADC
Apr 2022;481027481;26 - Ores, slag and ash.;Total Exports;FOB Value (US$);Kenya;SADC
Mar 2023;484550000;26 - Ores, slag and ash.;Total Imports;Net Weight(Kg);Kenya;SADC
Mar 2023;484550000;26 - Ores, slag and ash.;Total Imports;Quantity;Kenya;SADC
Sep 2023;486462863;7108 - Gold (including gold plated with platinum) unwrought or in semi-manufactured forms, or in powder form.;Total Imports;CIF Value (US$);Rwanda;SADC
Sep 2023;486462863;71081200 - Gold (including gold plated with platinum) unwrought or in semi-manufactured forms, or in powder form.- Non-monetary:-- Other unwrought forms;Total Imports;CIF Value (US$);Rwanda;SADC
Jul 2024;490823789;26 - Ores, slag and ash.;Total Exports;FOB Value (US$);Rwanda;ASEAN
Jul 2024;490823789;2609 - Tin ores and concentrates.;Total Exports;FOB Value (US$);Rwanda;ASEAN
Jul 2023;497150000;26 - Ores, slag and ash.;Total Imports;Net Weight(Kg);Kenya;SADC
Jul 2023;497150000;26 - Ores, slag and ash.;Total Imports;Quantity;Kenya;SADC
Sep 2022;497190020;2601 - Iron ores and concentrates, including roasted iron pyrites.;Total Imports;Net Weight(Kg);Kenya;SADC
Sep 2022;497190020;26011100 - Iron ores and concentrates, including roasted iron pyrites. - Iron ores and concentrates, other than roasted iron pyrites: -- Non-agglomerated;Total Imports;Net Weight(Kg);Kenya;SADC
Sep 2022;497190020;2601 - Iron ores and concentrates, including roasted iron pyrites.;Total Imports;Quantity;Kenya;SADC
Sep 2022;497190020;26011100 - Iron ores and concentrates, including roasted iron pyrites. - Iron ores and concentrates, other than roasted iron pyrites: -- Non-agglomerated;Total Imports;Quantity;Kenya;SADC
Feb 2022;498410000;2601 - Iron ores and concentrates, including roasted iron pyrites.;Total Imports;Net Weight(Kg);Kenya;SADC
Feb 2022;498410000;26011100 - Iron ores and concentrates, including roasted iron pyrites. - Iron ores and concentrates, other than roasted iron pyrites: -- Non-agglomerated;Total Imports;Net Weight(Kg);Kenya;SADC
Feb 2022;498410000;2601 - Iron ores and concentrates, including roasted iron pyrites.;Total Imports;Quantity;Kenya;SADC
Feb 2022;498410000;26011100 - Iron ores and concentrates, including roasted iron pyrites. - Iron ores and concentrates, other than roasted iron pyrites: -- Non-agglomerated;Total Imports;Quantity;Kenya;SADC
Aug 2025;499427060;26 - Ores, slag and ash.;Total Imports;Net Weight(Kg);Kenya;SADC
Aug 2025;499427060;2601 - Iron ores and concentrates, including roasted iron pyrites.;Total Imports;Net Weight(Kg);Kenya;SADC
Aug 2025;499427060;26011100 - Iron ores and concentrates, including roasted iron pyrites. - Iron ores and concentrates, other than roasted iron pyrites: -- Non-agglomerated;Total Imports;Net Weight(Kg);Kenya;SADC
Aug 2025;499427060;26 - Ores, slag and ash.;Total Imports;Quantity;Kenya;SADC
Aug 2025;499427060;2601 - Iron ores and concentrates, including roasted iron pyrites.;Total Imports;Quantity;Kenya;SADC
Aug 2025;499427060;26011100 - Iron ores and concentrates, including roasted iron pyrites. - Iron ores and concentrates, other than roasted iron pyrites: -- Non-agglomerated;Total Imports;Quantity;Kenya;SADC
Jun 2020;501669537;71081200 - Gold (including gold plated with platinum) unwrought or in semi-manufactured forms, or in powder form.- Non-monetary:-- Other unwrought forms;Total Imports;CIF Value (US$);Uganda;SADC
Nov 2023;502609800;2601 - Iron ores and concentrates, including roasted iron pyrites.;Total Imports;Net Weight(Kg);Kenya;SADC
Nov 2023;502609800;26011100 - Iron ores and concentrates, including roasted iron pyrites. - Iron ores and concentrates, other than roasted iron pyrites: -- Non-agglomerated;Total Imports;Net Weight(Kg);Kenya;SADC
Nov 2023;502609800;2601 - Iron ores and concentrates, including roasted iron pyrites.;Total Imports;Quantity;Kenya;SADC
Nov 2023;502609800;26011100 - Iron ores and concentrates, including roasted iron pyrites. - Iron ores and concentrates, other than roasted iron pyrites: -- Non-agglomerated;Total Imports;Quantity;Kenya;SADC
Feb 2022;502910000;26 - Ores, slag and ash.;Total Imports;Net Weight(Kg);Kenya;SADC
Feb 2022;502910000;26 - Ores, slag and ash.;Total Imports;Quantity;Kenya;SADC
Feb 2020;503170000;7108 - Gold (including gold plated with platinum) unwrought or in semi-manufactured forms, or in powder form.;Total Exports;Quantity;Kenya;SADC
Feb 2020;503170000;71081300 - Gold (including gold plated with platinum) unwrought or in semi-manufactured forms, or in powder form.- Non-monetary:-- Other semi-manufactured forms;Total Exports;Quantity;Kenya;SADC
Oct 2025;503677100;26 - Ores, slag and ash.;Total Exports;Net Weight(Kg);DR Congo;SADC
Oct 2025;503677100;2608 - Zinc ores and concentrates.;Total Exports;Net Weight(Kg);DR Congo;SADC
Nov 2023;504819800;26 - Ores, slag and ash.;Total Imports;Net Weight(Kg);Kenya;SADC
Nov 2023;504819800;26 - Ores, slag and ash.;Total Imports;Quantity;Kenya;SADC
Jul 2025;507544471;7108 - Gold (including gold plated with platinum) unwrought or in semi-manufactured forms, or in powder form.;Total Imports;Quantity;Uganda;SADC
Jul 2025;507544471;71081200 - Gold (including gold plated with platinum) unwrought or in semi-manufactured forms, or in powder form.- Non-monetary:-- Other unwrought forms;Total Imports;Quantity;Uganda;SADC
Sep 2025;508106654;7108 - Gold (including gold plated with platinum) unwrought or in semi-manufactured forms, or in powder form.;Total Imports;CIF Value (US$);Rwanda;SADC
Sep 2025;508106654;71081200 - Gold (including gold plated with platinum) unwrought or in semi-manufactured forms, or in powder form.- Non-monetary:-- Other unwrought forms;Total Imports;CIF Value (US$);Rwanda;SADC
Sep 2022;516690020;26 - Ores, slag and ash.;Total Imports;Net Weight(Kg);Kenya;SADC
Sep 2022;516690020;26 - Ores, slag and ash.;Total Imports;Quantity;Kenya;SADC
Aug 2022;520435303;2603 - Copper ores and concentrates.;Total Exports;FOB Value (US$);United Republic of Tanzania;European Union All Countries
Aug 2022;521771079;26 - Ores, slag and ash.;Total Exports;FOB Value (US$);United Republic of Tanzania;European Union All Countries
Sep 2024;522072604;26 - Ores, slag and ash.;Total Exports;FOB Value (US$);Rwanda;ASEAN
Sep 2024;522072604;2609 - Tin ores and concentrates.;Total Exports;FOB Value (US$);Rwanda;ASEAN
Jun 2025;530728151;7106 - Silver (including silver plated with gold or platinum), unwrought or in semi-manufactured forms, or in powder form.;Total Imports;CIF Value (US$);Kenya;European Union All Countries
Jun 2025;530728151;71069200 - Silver (including silver plated with gold or platinum), unwrought or in semi-manufactured forms, or in powder form.- Other:-- Semi-manufactured;Total Imports;CIF Value (US$);Kenya;European Union All Countries
Feb 2020;532349044;2609 - Tin ores and concentrates.;Total Exports;FOB Value (US$);Rwanda;ASEAN
May 2022;550869509;7108 - Gold (including gold plated with platinum) unwrought or in semi-manufactured forms, or in powder form.;Total Exports;FOB Value (US$);DR Congo;European Union All Countries
May 2022;550869509;71081200 - Gold (including gold plated with platinum) unwrought or in semi-manufactured forms, or in powder form.- Non-monetary:-- Other unwrought forms;Total Exports;FOB Value (US$);DR Congo;European Union All Countries
Nov 2021;551039999;26 - Ores, slag and ash.;Total Exports;FOB Value (US$);DR Congo;ASEAN
Apr 2022;560624013;7108 - Gold (including gold plated with platinum) unwrought or in semi-manufactured forms, or in powder form.;Total Exports;FOB Value (US$);United Republic of Tanzania;European Union All Countries
Apr 2022;560624013;71081200 - Gold (including gold plated with platinum) unwrought or in semi-manufactured forms, or in powder form.- Non-monetary:-- Other unwrought forms;Total Exports;FOB Value (US$);United Republic of Tanzania;European Union All Countries
May 2020;563191116;26 - Ores, slag and ash.;Total Exports;FOB Value (US$);DR Congo;SADC
May 2020;563191116;2603 - Copper ores and concentrates.;Total Exports;FOB Value (US$);DR Congo;SADC
Aug 2020;566310177;26 - Ores, slag and ash.;Total Imports;CIF Value (US$);Kenya;SADC
Oct 2023;575910575;71081300 - Gold (including gold plated with platinum) unwrought or in semi-manufactured forms, or in powder form.- Non-monetary:-- Other semi-manufactured forms;Total Imports;CIF Value (US$);Uganda;SADC
Sep 2021;591359997;2603 - Copper ores and concentrates.;Total Exports;FOB Value (US$);DR Congo;European Union All Countries
Feb 2022;595511062;7108 - Gold (including gold plated with platinum) unwrought or in semi-manufactured forms, or in powder form.;Total Exports;FOB Value (US$);United Republic of Tanzania;SADC
Feb 2022;595511062;71081200 - Gold (including gold plated with platinum) unwrought or in semi-manufactured forms, or in powder form.- Non-monetary:-- Other unwrought forms;Total Exports;FOB Value (US$);United Republic of Tanzania;SADC
Oct 2021;597086137;26 - Ores, slag and ash.;Total Exports;FOB Value (US$);United Republic of Tanzania;European Union All Countries
Oct 2021;597086137;2616 - Precious metal ores and concentrates.;Total Exports;FOB Value (US$);United Republic of Tanzania;European Union All Countries
Dec 2022;607189803;7108 - Gold (including gold plated with platinum) unwrought or in semi-manufactured forms, or in powder form.;Total Exports;FOB Value (US$);DR Congo;European Union All Countries
Dec 2022;607189803;71081200 - Gold (including gold plated with platinum) unwrought or in semi-manufactured forms, or in powder form.- Non-monetary:-- Other unwrought forms;Total Exports;FOB Value (US$);DR Congo;European Union All Countries
Apr 2023;622672886;71081200 - Gold (including gold plated with platinum) unwrought or in semi-manufactured forms, or in powder form.- Non-monetary:-- Other unwrought forms;Total Imports;CIF Value (US$);Uganda;SADC
Oct 2021;626908136;26 - Ores, slag and ash.;Total Exports;FOB Value (US$);United Republic of Tanzania;ASEAN
Nov 2020;629858522;26 - Ores, slag and ash.;Total Exports;FOB Value (US$);United Republic of Tanzania;ASEAN
Jan 2023;637401591;2614 - Titanium ores and concentrates.;Total Exports;FOB Value (US$);Kenya;ASEAN
Feb 2021;639710363;7108 - Gold (including gold plated with platinum) unwrought or in semi-manufactured forms, or in powder form.;Total Exports;FOB Value (US$);United Republic of Tanzania;SADC
Feb 2021;639710363;71081200 - Gold (including gold plated with platinum) unwrought or in semi-manufactured forms, or in powder form.- Non-monetary:-- Other unwrought forms;Total Exports;FOB Value (US$);United Republic of Tanzania;SADC
Jul 2020;643443110;71081200 - Gold (including gold plated with platinum) unwrought or in semi-manufactured forms, or in powder form.- Non-monetary:-- Other unwrought forms;Total Imports;CIF Value (US$);Uganda;SADC
Jan 2020;649589875;26 - Ores, slag and ash.;Total Exports;FOB Value (US$);DR Congo;SADC
Jan 2020;649589875;2603 - Copper ores and concentrates.;Total Exports;FOB Value (US$);DR Congo;SADC
Oct 2024;654524243;26 - Ores, slag and ash.;Total Exports;FOB Value (US$);Kenya;European Union All Countries
May 2021;657819656;2609 - Tin ores and concentrates.;Total Exports;FOB Value (US$);Rwanda;ASEAN
Nov 2020;674789999;2603 - Copper ores and concentrates.;Total Exports;FOB Value (US$);DR Congo;European Union All Countries
Jul 2022;686487919;7108 - Gold (including gold plated with platinum) unwrought or in semi-manufactured forms, or in powder form.;Total Exports;FOB Value (US$);Rwanda;SADC
Jul 2022;686487919;71081300 - Gold (including gold plated with platinum) unwrought or in semi-manufactured forms, or in powder form.- Non-monetary:-- Other semi-manufactured forms;Total Exports;FOB Value (US$);Rwanda;SADC
May 2020;696545527;71081200 - Gold (including gold plated with platinum) unwrought or in semi-manufactured forms, or in powder form.- Non-monetary:-- Other unwrought forms;Total Imports;CIF Value (US$);Uganda;SADC
Nov 2021;706651399;26 - Ores, slag and ash.;Total Exports;FOB Value (US$);DR Congo;SADC
Dec 2023;718128476;26 - Ores, slag and ash.;Total Imports;CIF Value (US$);United Republic of Tanzania;SADC
Jul 2023;718563295;2609 - Tin ores and concentrates.;Total Exports;FOB Value (US$);DR Congo;SADC
Jun 2024;719278604;26 - Ores, slag and ash.;Total Imports;CIF Value (US$);DR Congo;SADC
Jun 2025;728820346;2603 - Copper ores and concentrates.;Total Exports;FOB Value (US$);DR Congo;ASEAN
Aug 2025;754856285;26 - Ores, slag and ash.;Total Imports;CIF Value (US$);United Republic of Tanzania;SADC
Jul 2021;762239998;2609 - Tin ores and concentrates.;Total Exports;FOB Value (US$);DR Congo;European Union All Countries
Jun 2023;775991155;7108 - Gold (including gold plated with platinum) unwrought or in semi-manufactured forms, or in powder form.;Total Exports;FOB Value (US$);United Republic of Tanzania;SADC
Jun 2023;775991155;71081200 - Gold (including gold plated with platinum) unwrought or in semi-manufactured forms, or in powder form.- Non-monetary:-- Other unwrought forms;Total Exports;FOB Value (US$);United Republic of Tanzania;SADC
Apr 2022;784256405;26 - Ores, slag and ash.;Total Exports;FOB Value (US$);DR Congo;SADC
Feb 2025;788059434;7108 - Gold (including gold plated with platinum) unwrought or in semi-manufactured forms, or in powder form.;Total Exports;FOB Value (US$);United Republic of Tanzania;ASEAN
Feb 2025;788059434;71081200 - Gold (including gold plated with platinum) unwrought or in semi-manufactured forms, or in powder form.- Non-monetary:-- Other unwrought forms;Total Exports;FOB Value (US$);United Republic of Tanzania;ASEAN
Apr 2025;796730402;7108 - Gold (including gold plated with platinum) unwrought or in semi-manufactured forms, or in powder form.;Total Exports;FOB Value (US$);United Republic of Tanzania;ASEAN
Apr 2025;796730402;71081200 - Gold (including gold plated with platinum) unwrought or in semi-manufactured forms, or in powder form.- Non-monetary:-- Other unwrought forms;Total Exports;FOB Value (US$);United Republic of Tanzania;ASEAN
Dec 2022;805175676;7108 - Gold (including gold plated with platinum) unwrought or in semi-manufactured forms, or in powder form.;Total Exports;FOB Value (US$);United Republic of Tanzania;SADC
Dec 2022;805175676;71081200 - Gold (including gold plated with platinum) unwrought or in semi-manufactured forms, or in powder form.- Non-monetary:-- Other unwrought forms;Total Exports;FOB Value (US$);United Republic of Tanzania;SADC
Aug 2020;810836825;2616 - Precious metal ores and concentrates.;Total Exports;FOB Value (US$);United Republic of Tanzania;European Union All Countries
Feb 2022;827733598;2601 - Iron ores and concentrates, including roasted iron pyrites.;Total Imports;CIF Value (US$);Kenya;SADC
Feb 2022;827733598;26011100 - Iron ores and concentrates, including roasted iron pyrites. - Iron ores and concentrates, other than roasted iron pyrites: -- Non-agglomerated;Total Imports;CIF Value (US$);Kenya;SADC
May 2022;831079011;7106 - Silver (including silver plated with gold or platinum), unwrought or in semi-manufactured forms, or in powder form.;Total Exports;FOB Value (US$);United Republic of Tanzania;SADC
May 2022;831079011;71069100 - Silver (including silver plated with gold or platinum), unwrought or in semi-manufactured forms, or in powder form.- Other:-- Unwrought;Total Exports;FOB Value (US$);United Republic of Tanzania;SADC
Feb 2020;839759998;2603 - Copper ores and concentrates.;Total Exports;FOB Value (US$);DR Congo;European Union All Countries
Oct 2024;843543058;2614 - Titanium ores and concentrates.;Total Exports;FOB Value (US$);Kenya;ASEAN
Sep 2020;847373375;7108 - Gold (including gold plated with platinum) unwrought or in semi-manufactured forms, or in powder form.;Total Exports;FOB Value (US$);United Republic of Tanzania;SADC
Sep 2020;847373375;71081200 - Gold (including gold plated with platinum) unwrought or in semi-manufactured forms, or in powder form.- Non-monetary:-- Other unwrought forms;Total Exports;FOB Value (US$);United Republic of Tanzania;SADC
Apr 2025;849174336;26 - Ores, slag and ash.;Total Imports;CIF Value (US$);United Republic of Tanzania;SADC
Apr 2022;883892069;7108 - Gold (including gold plated with platinum) unwrought or in semi-manufactured forms, or in powder form.;Total Imports;CIF Value (US$);Kenya;SADC
Mar 2020;889920015;2603 - Copper ores and concentrates.;Total Imports;CIF Value (US$);DR Congo;SADC
Oct 2020;892800937;26 - Ores, slag and ash.;Total Imports;CIF Value (US$);Rwanda;SADC
Oct 2020;892800937;2609 - Tin ores and concentrates.;Total Imports;CIF Value (US$);Rwanda;SADC
Nov 2020;912537374;2609 - Tin ores and concentrates.;Total Exports;FOB Value (US$);Rwanda;ASEAN
Mar 2021;915715906;2603 - Copper ores and concentrates.;Total Exports;FOB Value (US$);DR Congo;European Union All Countries
Mar 2022;915924799;26 - Ores, slag and ash.;Total Exports;FOB Value (US$);DR Congo;ASEAN
Jul 2020;916795106;2603 - Copper ores and concentrates.;Total Exports;FOB Value (US$);DR Congo;SADC
Jul 2022;924573783;26 - Ores, slag and ash.;Total Exports;FOB Value (US$);United Republic of Tanzania;European Union All Countries
Jul 2022;924573783;2603 - Copper ores and concentrates.;Total Exports;FOB Value (US$);United Republic of Tanzania;European Union All Countries
Mar 2022;933909841;26 - Ores, slag and ash.;Total Imports;CIF Value (US$);Kenya;SADC
Nov 2021;935513382;26 - Ores, slag and ash.;Total Imports;CIF Value (US$);Kenya;SADC
Nov 2021;935513382;2606 - Aluminium ores and concentrates.;Total Imports;CIF Value (US$);Kenya;SADC
Mar 2025;936786409;7108 - Gold (including gold plated with platinum) unwrought or in semi-manufactured forms, or in powder form.;Total Imports;CIF Value (US$);Rwanda;SADC
Mar 2025;936786409;71081200 - Gold (including gold plated with platinum) unwrought or in semi-manufactured forms, or in powder form.- Non-monetary:-- Other unwrought forms;Total Imports;CIF Value (US$);Rwanda;SADC
Nov 2024;938402057;2609 - Tin ores and concentrates.;Total Exports;FOB Value (US$);Rwanda;European Union All Countries
Nov 2020;950677489;71081300 - Gold (including gold plated with platinum) unwrought or in semi-manufactured forms, or in powder form.- Non-monetary:-- Other semi-manufactured forms;Total Imports;CIF Value (US$);Uganda;SADC
Jul 2020;951795108;26 - Ores, slag and ash.;Total Exports;FOB Value (US$);DR Congo;SADC
Oct 2020;956529080;7108 - Gold (including gold plated with platinum) unwrought or in semi-manufactured forms, or in powder form.;Total Exports;Quantity;Kenya;SADC
Oct 2020;956529080;71081300 - Gold (including gold plated with platinum) unwrought or in semi-manufactured forms, or in powder form.- Non-monetary:-- Other semi-manufactured forms;Total Exports;Quantity;Kenya;SADC
Jun 2025;958216098;26 - Ores, slag and ash.;Total Exports;FOB Value (US$);DR Congo;ASEAN
Jan 2025;1000168767;7111 - Base metals, silver or gold,clad with platinum, not further worked than semi-manufactured.;Total Imports;CIF Value (US$);United Republic of Tanzania;ASEAN
Jun 2025;1000999997;2504 - Natural graphite.;Total Exports;FOB Value (US$);United Republic of Tanzania;European Union All Countries
Dec 2023;1001682209;7108 - Gold (including gold plated with platinum) unwrought or in semi-manufactured forms, or in powder form.;Total Exports;FOB Value (US$);United Republic of Tanzania;SADC
Dec 2023;1001682209;71081200 - Gold (including gold plated with platinum) unwrought or in semi-manufactured forms, or in powder form.- Non-monetary:-- Other unwrought forms;Total Exports;FOB Value (US$);United Republic of Tanzania;SADC
Mar 2023;1002885783;26 - Ores, slag and ash.;Total Exports;FOB Value (US$);Rwanda;SADC
Dec 2024;1010522496;26 - Ores, slag and ash.;Total Exports;FOB Value (US$);Rwanda;SADC
Dec 2024;1010522496;2609 - Tin ores and concentrates.;Total Exports;FOB Value (US$);Rwanda;SADC
Oct 2021;1011348497;2606 - Aluminium ores and concentrates.;Total Imports;CIF Value (US$);Kenya;SADC
Mar 2022;1012053902;26 - Ores, slag and ash.;Total Exports;FOB Value (US$);DR Congo;SADC
Apr 2022;1013834948;26 - Ores, slag and ash.;Total Imports;CIF Value (US$);Kenya;SADC
Apr 2022;1013834948;2606 - Aluminium ores and concentrates.;Total Imports;CIF Value (US$);Kenya;SADC
Feb 2025;1014999982;26 - Ores, slag and ash.;Total Exports;FOB Value (US$);United Republic of Tanzania;SADC
Feb 2025;1014999982;2603 - Copper ores and concentrates.;Total Exports;FOB Value (US$);United Republic of Tanzania;SADC
Feb 2025;1014999989;2603 - Copper ores and concentrates.;Total Exports;FOB Value (US$);United Republic of Tanzania;European Union All Countries
Aug 2024;1015000005;26 - Ores, slag and ash.;Total Exports;FOB Value (US$);United Republic of Tanzania;SADC
Aug 2024;1015000005;2603 - Copper ores and concentrates.;Total Exports;FOB Value (US$);United Republic of Tanzania;SADC
Oct 2022;1015000017;26 - Ores, slag and ash.;Total Exports;FOB Value (US$);United Republic of Tanzania;SADC
Oct 2022;1015000017;2603 - Copper ores and concentrates.;Total Exports;FOB Value (US$);United Republic of Tanzania;SADC
Feb 2025;1015000019;2604 - Nickel ores and concentrates.;Total Exports;FOB Value (US$);United Republic of Tanzania;European Union All Countries
Sep 2022;1015516076;7108 - Gold (including gold plated with platinum) unwrought or in semi-manufactured forms, or in powder form.;Total Exports;FOB Value (US$);United Republic of Tanzania;SADC
Sep 2022;1015516076;71081200 - Gold (including gold plated with platinum) unwrought or in semi-manufactured forms, or in powder form.- Non-monetary:-- Other unwrought forms;Total Exports;FOB Value (US$);United Republic of Tanzania;SADC
Aug 2022;1015806816;7108 - Gold (including gold plated with platinum) unwrought or in semi-manufactured forms, or in powder form.;Total Exports;FOB Value (US$);United Republic of Tanzania;SADC
Aug 2022;1015806816;71081200 - Gold (including gold plated with platinum) unwrought or in semi-manufactured forms, or in powder form.- Non-monetary:-- Other unwrought forms;Total Exports;FOB Value (US$);United Republic of Tanzania;SADC
Sep 2023;1017527059;2609 - Tin ores and concentrates.;Total Imports;CIF Value (US$);Rwanda;SADC
Sep 2023;1017552389;26 - Ores, slag and ash.;Total Imports;CIF Value (US$);Rwanda;SADC
Feb 2022;1018060318;26 - Ores, slag and ash.;Total Imports;CIF Value (US$);Rwanda;SADC
Feb 2022;1018060318;2609 - Tin ores and concentrates.;Total Imports;CIF Value (US$);Rwanda;SADC
Aug 2023;1018069519;26 - Ores, slag and ash.;Total Exports;FOB Value (US$);United Republic of Tanzania;SADC
Dec 2023;1020899842;26 - Ores, slag and ash.;Total Imports;CIF Value (US$);Rwanda;SADC
Dec 2023;1020899842;2609 - Tin ores and concentrates.;Total Imports;CIF Value (US$);Rwanda;SADC
Apr 2021;1024327127;26 - Ores, slag and ash.;Total Exports;FOB Value (US$);United Republic of Tanzania;European Union All Countries
Dec 2021;1027557966;26 - Ores, slag and ash.;Total Imports;CIF Value (US$);Kenya;SADC
Dec 2021;1027557966;2606 - Aluminium ores and concentrates.;Total Imports;CIF Value (US$);Kenya;SADC
Dec 2023;1029953329;7106 - Silver (including silver plated with gold or platinum), unwrought or in semi-manufactured forms, or in powder form.;Total Imports;CIF Value (US$);Rwanda;European Union All Countries
Dec 2023;1029953329;71069200 - Silver (including silver plated with gold or platinum), unwrought or in semi-manufactured forms, or in powder form.- Other:-- Semi-manufactured;Total Imports;CIF Value (US$);Rwanda;European Union All Countries
May 2021;1030340639;71081300 - Gold (including gold plated with platinum) unwrought or in semi-manufactured forms, or in powder form.- Non-monetary:-- Other semi-manufactured forms;Total Imports;CIF Value (US$);Uganda;SADC
May 2020;1031608818;26 - Ores, slag and ash.;Total Exports;FOB Value (US$);DR Congo;European Union All Countries
Sep 2023;1031889902;26 - Ores, slag and ash.;Total Exports;FOB Value (US$);Kenya;ASEAN
Apr 2021;1034900293;2614 - Titanium ores and concentrates.;Total Exports;FOB Value (US$);Kenya;SADC
May 2020;1035864520;7108 - Gold (including gold plated with platinum) unwrought or in semi-manufactured forms, or in powder form.;Total Exports;FOB Value (US$);United Republic of Tanzania;SADC
May 2020;1035864520;71081200 - Gold (including gold plated with platinum) unwrought or in semi-manufactured forms, or in powder form.- Non-monetary:-- Other unwrought forms;Total Exports;FOB Value (US$);United Republic of Tanzania;SADC
Dec 2020;1036329847;7108 - Gold (including gold plated with platinum) unwrought or in semi-manufactured forms, or in powder form.;Total Exports;FOB Value (US$);United Republic of Tanzania;SADC
Dec 2020;1036329847;71081200 - Gold (including gold plated with platinum) unwrought or in semi-manufactured forms, or in powder form.- Non-monetary:-- Other unwrought forms;Total Exports;FOB Value (US$);United Republic of Tanzania;SADC
Mar 2023;1036440939;26 - Ores, slag and ash.;Total Exports;FOB Value (US$);United Republic of Tanzania;SADC
Jul 2020;1041770685;7108 - Gold (including gold plated with platinum) unwrought or in semi-manufactured forms, or in powder form.;Total Exports;FOB Value (US$);United Republic of Tanzania;SADC
Jul 2020;1041770685;71081200 - Gold (including gold plated with platinum) unwrought or in semi-manufactured forms, or in powder form.- Non-monetary:-- Other unwrought forms;Total Exports;FOB Value (US$);United Republic of Tanzania;SADC
Oct 2020;1047833551;7108 - Gold (including gold plated with platinum) unwrought or in semi-manufactured forms, or in powder form.;Total Exports;FOB Value (US$);United Republic of Tanzania;SADC
Oct 2020;1047833551;71081200 - Gold (including gold plated with platinum) unwrought or in semi-manufactured forms, or in powder form.- Non-monetary:-- Other unwrought forms;Total Exports;FOB Value (US$);United Republic of Tanzania;SADC
Oct 2022;1049131087;7108 - Gold (including gold plated with platinum) unwrought or in semi-manufactured forms, or in powder form.;Total Exports;FOB Value (US$);United Republic of Tanzania;SADC
Oct 2022;1049131087;71081200 - Gold (including gold plated with platinum) unwrought or in semi-manufactured forms, or in powder form.- Non-monetary:-- Other unwrought forms;Total Exports;FOB Value (US$);United Republic of Tanzania;SADC
Jul 2023;1051550577;26 - Ores, slag and ash.;Total Exports;FOB Value (US$);Kenya;European Union All Countries
Jul 2022;1052123226;26 - Ores, slag and ash.;Total Exports;FOB Value (US$);United Republic of Tanzania;ASEAN
Jul 2022;1052123226;2603 - Copper ores and concentrates.;Total Exports;FOB Value (US$);United Republic of Tanzania;ASEAN
Jan 2021;1053960322;2609 - Tin ores and concentrates.;Total Exports;FOB Value (US$);Rwanda;ASEAN
May 2021;1056487583;7108 - Gold (including gold plated with platinum) unwrought or in semi-manufactured forms, or in powder form.;Total Imports;CIF Value (US$);Uganda;SADC
Feb 2020;1060981934;7108 - Gold (including gold plated with platinum) unwrought or in semi-manufactured forms, or in powder form.;Total Imports;CIF Value (US$);Rwanda;SADC
Feb 2020;1060981934;71081200 - Gold (including gold plated with platinum) unwrought or in semi-manufactured forms, or in powder form.- Non-monetary:-- Other unwrought forms;Total Imports;CIF Value (US$);Rwanda;SADC
Jun 2020;1061129999;26 - Ores, slag and ash.;Total Exports;FOB Value (US$);DR Congo;European Union All Countries
Jul 2020;1062000007;26 - Ores, slag and ash.;Total Exports;FOB Value (US$);DR Congo;ASEAN
Nov 2023;1062396171;2609 - Tin ores and concentrates.;Total Exports;FOB Value (US$);Rwanda;European Union All Countries
Jun 2025;1064008666;7108 - Gold (including gold plated with platinum) unwrought or in semi-manufactured forms, or in powder form.;Total Exports;FOB Value (US$);United Republic of Tanzania;European Union All Countries
Jun 2025;1064008666;71081200 - Gold (including gold plated with platinum) unwrought or in semi-manufactured forms, or in powder form.- Non-monetary:-- Other unwrought forms;Total Exports;FOB Value (US$);United Republic of Tanzania;European Union All Countries
May 2020;1064147431;26 - Ores, slag and ash.;Total Imports;CIF Value (US$);Rwanda;ASEAN
Dec 2022;1064838933;2606 - Aluminium ores and concentrates.;Total Imports;CIF Value (US$);Kenya;SADC
Apr 2020;1066843204;26 - Ores, slag and ash.;Total Exports;FOB Value (US$);Kenya;European Union All Countries
Jul 2021;1067900002;26 - Ores, slag and ash.;Total Exports;FOB Value (US$);DR Congo;SADC
Jul 2021;1067900002;2603 - Copper ores and concentrates.;Total Exports;FOB Value (US$);DR Congo;SADC
Dec 2024;1068462165;2603 - Copper ores and concentrates.;Total Exports;FOB Value (US$);DR Congo;ASEAN
Jul 2025;1072198425;2603 - Copper ores and concentrates.;Total Exports;FOB Value (US$);DR Congo;ASEAN
Jul 2020;1073424560;2616 - Precious metal ores and concentrates.;Total Exports;FOB Value (US$);United Republic of Tanzania;European Union All Countries
Jul 2020;1073425560;26 - Ores, slag and ash.;Total Exports;FOB Value (US$);United Republic of Tanzania;European Union All Countries
May 2025;1076781929;7108 - Gold (including gold plated with platinum) unwrought or in semi-manufactured forms, or in powder form.;Total Exports;FOB Value (US$);United Republic of Tanzania;SADC
May 2025;1076781929;71081200 - Gold (including gold plated with platinum) unwrought or in semi-manufactured forms, or in powder form.- Non-monetary:-- Other unwrought forms;Total Exports;FOB Value (US$);United Republic of Tanzania;SADC
May 2021;1077039741;26 - Ores, slag and ash.;Total Imports;CIF Value (US$);Kenya;European Union All Countries
Jan 2022;1078029514;2609 - Tin ores and concentrates.;Total Exports;FOB Value (US$);Rwanda;European Union All Countries
Jun 2025;1078301241;26 - Ores, slag and ash.;Total Exports;FOB Value (US$);Kenya;European Union All Countries
Dec 2022;1081589817;2609 - Tin ores and concentrates.;Total Exports;FOB Value (US$);Rwanda;ASEAN
Mar 2020;1083285928;26 - Ores, slag and ash.;Total Exports;FOB Value (US$);Rwanda;ASEAN
Aug 2022;1086782041;26 - Ores, slag and ash.;Total Exports;FOB Value (US$);United Republic of Tanzania;ASEAN
Aug 2022;1086782041;2603 - Copper ores and concentrates.;Total Exports;FOB Value (US$);United Republic of Tanzania;ASEAN
Aug 2025;1087638379;2603 - Copper ores and concentrates.;Total Exports;FOB Value (US$);DR Congo;ASEAN
Aug 2020;1089401015;7108 - Gold (including gold plated with platinum) unwrought or in semi-manufactured forms, or in powder form.;Total Exports;FOB Value (US$);United Republic of Tanzania;SADC
Aug 2020;1089401015;71081200 - Gold (including gold plated with platinum) unwrought or in semi-manufactured forms, or in powder form.- Non-monetary:-- Other unwrought forms;Total Exports;FOB Value (US$);United Republic of Tanzania;SADC
Jun 2022;1090130139;2614 - Titanium ores and concentrates.;Total Exports;FOB Value (US$);Kenya;ASEAN
Jan 2021;1094151291;7108 - Gold (including gold plated with platinum) unwrought or in semi-manufactured forms, or in powder form.;Total Imports;CIF Value (US$);Uganda;SADC
Jan 2021;1094151291;71081300 - Gold (including gold plated with platinum) unwrought or in semi-manufactured forms, or in powder form.- Non-monetary:-- Other semi-manufactured forms;Total Imports;CIF Value (US$);Uganda;SADC
Jan 2020;1098165618;26 - Ores, slag and ash.;Total Exports;FOB Value (US$);Kenya;European Union All Countries
Jun 2021;1099592006;26 - Ores, slag and ash.;Total Exports;FOB Value (US$);Rwanda;European Union All Countries
Sep 2023;1100000012;2603 - Copper ores and concentrates.;Total Exports;FOB Value (US$);United Republic of Tanzania;SADC
Mar 2024;1100944489;26 - Ores, slag and ash.;Total Exports;FOB Value (US$);Rwanda;ASEAN
Mar 2024;1100944489;2609 - Tin ores and concentrates.;Total Exports;FOB Value (US$);Rwanda;ASEAN
Feb 2020;1101754938;26 - Ores, slag and ash.;Total Exports;FOB Value (US$);Rwanda;European Union All Countries
Apr 2020;1102079999;2609 - Tin ores and concentrates.;Total Exports;FOB Value (US$);DR Congo;European Union All Countries
Nov 2023;1106340322;26 - Ores, slag and ash.;Total Exports;FOB Value (US$);United Republic of Tanzania;ASEAN
Nov 2023;1106340322;2603 - Copper ores and concentrates.;Total Exports;FOB Value (US$);United Republic of Tanzania;ASEAN
May 2020;1107839997;2609 - Tin ores and concentrates.;Total Exports;FOB Value (US$);DR Congo;European Union All Countries
Jan 2021;1111516546;26 - Ores, slag and ash.;Total Imports;CIF Value (US$);DR Congo;SADC
Apr 2021;1111949275;26 - Ores, slag and ash.;Total Exports;FOB Value (US$);Rwanda;SADC
Jul 2021;1112804363;26 - Ores, slag and ash.;Total Imports;CIF Value (US$);DR Congo;SADC
Dec 2024;1113172542;26 - Ores, slag and ash.;Total Imports;CIF Value (US$);Kenya;SADC
Dec 2024;1113172542;2606 - Aluminium ores and concentrates.;Total Imports;CIF Value (US$);Kenya;SADC
Nov 2023;1114103782;26 - Ores, slag and ash.;Total Exports;FOB Value (US$);DR Congo;ASEAN
Dec 2023;1115976863;26 - Ores, slag and ash.;Total Exports;FOB Value (US$);DR Congo;ASEAN
Jun 2022;1116429634;26 - Ores, slag and ash.;Total Exports;FOB Value (US$);DR Congo;ASEAN
Jun 2023;1120126106;2603 - Copper ores and concentrates.;Total Exports;FOB Value (US$);United Republic of Tanzania;European Union All Countries
Jul 2023;1122010035;7108 - Gold (including gold plated with platinum) unwrought or in semi-manufactured forms, or in powder form.;Total Imports;CIF Value (US$);Uganda;SADC
May 2024;1122744855;26 - Ores, slag and ash.;Total Exports;FOB Value (US$);Kenya;ASEAN
May 2024;1122744855;2614 - Titanium ores and concentrates.;Total Exports;FOB Value (US$);Kenya;ASEAN
May 2025;1125239264;26 - Ores, slag and ash.;Total Exports;FOB Value (US$);Kenya;ASEAN
Jan 2020;1127441507;26 - Ores, slag and ash.;Total Exports;FOB Value (US$);Rwanda;European Union All Countries
Oct 2023;1128250001;26 - Ores, slag and ash.;Total Exports;FOB Value (US$);DR Congo;European Union All Countries
Apr 2024;1129247921;26 - Ores, slag and ash.;Total Exports;FOB Value (US$);Kenya;ASEAN
Apr 2024;1129247921;2614 - Titanium ores and concentrates.;Total Exports;FOB Value (US$);Kenya;ASEAN
Jun 2023;1131462022;26 - Ores, slag and ash.;Total Exports;FOB Value (US$);United Republic of Tanzania;European Union All Countries
Dec 2020;1133377982;26 - Ores, slag and ash.;Total Exports;FOB Value (US$);Rwanda;SADC
Jul 2025;1134324148;26 - Ores, slag and ash.;Total Exports;FOB Value (US$);DR Congo;European Union All Countries
Dec 2022;1136586749;7108 - Gold (including gold plated with platinum) unwrought or in semi-manufactured forms, or in powder form.;Total Exports;FOB Value (US$);Kenya;SADC
Dec 2022;1136586749;71081300 - Gold (including gold plated with platinum) unwrought or in semi-manufactured forms, or in powder form.- Non-monetary:-- Other semi-manufactured forms;Total Exports;FOB Value (US$);Kenya;SADC
Sep 2022;1138048359;2609 - Tin ores and concentrates.;Total Exports;FOB Value (US$);Rwanda;ASEAN
Aug 2024;1142879487;26 - Ores, slag and ash.;Total Imports;CIF Value (US$);Rwanda;SADC
Aug 2024;1142879487;2609 - Tin ores and concentrates.;Total Imports;CIF Value (US$);Rwanda;SADC
Feb 2024;1143479314;2614 - Titanium ores and concentrates.;Total Exports;FOB Value (US$);Kenya;ASEAN
Jan 2024;1143574576;26 - Ores, slag and ash.;Total Exports;FOB Value (US$);Kenya;European Union All Countries
May 2025;1143674341;26 - Ores, slag and ash.;Total Exports;FOB Value (US$);DR Congo;ASEAN
Aug 2021;1144640754;2603 - Copper ores and concentrates.;Total Exports;FOB Value (US$);DR Congo;SADC
Apr 2021;1148299348;2603 - Copper ores and concentrates.;Total Exports;FOB Value (US$);DR Congo;SADC
Apr 2021;1148406348;26 - Ores, slag and ash.;Total Exports;FOB Value (US$);DR Congo;SADC
Nov 2022;1151603964;7108 - Gold (including gold plated with platinum) unwrought or in semi-manufactured forms, or in powder form.;Total Imports;CIF Value (US$);Rwanda;SADC
Nov 2022;1151603964;71081200 - Gold (including gold plated with platinum) unwrought or in semi-manufactured forms, or in powder form.- Non-monetary:-- Other unwrought forms;Total Imports;CIF Value (US$);Rwanda;SADC
Jan 2022;1152045121;26 - Ores, slag and ash.;Total Exports;FOB Value (US$);United Republic of Tanzania;ASEAN
Jan 2022;1152045121;2603 - Copper ores and concentrates.;Total Exports;FOB Value (US$);United Republic of Tanzania;ASEAN
Sep 2023;1152113611;26 - Ores, slag and ash.;Total Exports;FOB Value (US$);Kenya;European Union All Countries
Sep 2025;1153073087;2603 - Copper ores and concentrates.;Total Exports;FOB Value (US$);DR Congo;SADC
Nov 2022;1156219965;26 - Ores, slag and ash.;Total Imports;CIF Value (US$);United Republic of Tanzania;SADC
Sep 2023;1157054519;71081300 - Gold (including gold plated with platinum) unwrought or in semi-manufactured forms, or in powder form.- Non-monetary:-- Other semi-manufactured forms;Total Imports;CIF Value (US$);Uganda;SADC
Mar 2025;1159306753;2603 - Copper ores and concentrates.;Total Exports;FOB Value (US$);DR Congo;SADC
Mar 2025;1164334157;26 - Ores, slag and ash.;Total Imports;CIF Value (US$);United Republic of Tanzania;SADC
Nov 2021;1166174997;26 - Ores, slag and ash.;Total Exports;FOB Value (US$);United Republic of Tanzania;ASEAN
Nov 2021;1166174997;2616 - Precious metal ores and concentrates.;Total Exports;FOB Value (US$);United Republic of Tanzania;ASEAN
Feb 2022;1167904148;26 - Ores, slag and ash.;Total Exports;FOB Value (US$);DR Congo;European Union All Countries
Oct 2023;1168769284;7108 - Gold (including gold plated with platinum) unwrought or in semi-manufactured forms, or in powder form.;Total Exports;FOB Value (US$);United Republic of Tanzania;SADC
Oct 2023;1168769284;71081200 - Gold (including gold plated with platinum) unwrought or in semi-manufactured forms, or in powder form.- Non-monetary:-- Other unwrought forms;Total Exports;FOB Value (US$);United Republic of Tanzania;SADC
Mar 2024;1171897226;26 - Ores, slag and ash.;Total Exports;FOB Value (US$);Kenya;ASEAN
Mar 2024;1171897226;2614 - Titanium ores and concentrates.;Total Exports;FOB Value (US$);Kenya;ASEAN
Feb 2023;1176232207;7108 - Gold (including gold plated with platinum) unwrought or in semi-manufactured forms, or in powder form.;Total Imports;CIF Value (US$);Uganda;SADC
Feb 2023;1176232207;71081200 - Gold (including gold plated with platinum) unwrought or in semi-manufactured forms, or in powder form.- Non-monetary:-- Other unwrought forms;Total Imports;CIF Value (US$);Uganda;SADC
May 2021;1176462999;26 - Ores, slag and ash.;Total Exports;FOB Value (US$);DR Congo;European Union All Countries
Feb 2021;1177703743;7108 - Gold (including gold plated with platinum) unwrought or in semi-manufactured forms, or in powder form.;Total Imports;CIF Value (US$);Rwanda;SADC
Feb 2021;1177703743;71081200 - Gold (including gold plated with platinum) unwrought or in semi-manufactured forms, or in powder form.- Non-monetary:-- Other unwrought forms;Total Imports;CIF Value (US$);Rwanda;SADC
Sep 2021;1179430001;26 - Ores, slag and ash.;Total Exports;FOB Value (US$);DR Congo;European Union All Countries
Oct 2020;1180756742;2609 - Tin ores and concentrates.;Total Exports;FOB Value (US$);United Republic of Tanzania;SADC
Oct 2021;1181784909;26 - Ores, slag and ash.;Total Exports;FOB Value (US$);DR Congo;European Union All Countries
Dec 2023;1182944919;26 - Ores, slag and ash.;Total Exports;FOB Value (US$);Kenya;European Union All Countries
Oct 2020;1188246074;26 - Ores, slag and ash.;Total Exports;FOB Value (US$);United Republic of Tanzania;SADC
Mar 2021;1190527755;2609 - Tin ores and concentrates.;Total Exports;FOB Value (US$);Rwanda;ASEAN
Jan 2024;1194070741;26 - Ores, slag and ash.;Total Imports;CIF Value (US$);Rwanda;SADC
Jan 2024;1194070741;2609 - Tin ores and concentrates.;Total Imports;CIF Value (US$);Rwanda;SADC
Oct 2021;1195351138;26 - Ores, slag and ash.;Total Exports;FOB Value (US$);DR Congo;SADC
Sep 2023;1197023838;7108 - Gold (including gold plated with platinum) unwrought or in semi-manufactured forms, or in powder form.;Total Exports;FOB Value (US$);United Republic of Tanzania;SADC
Sep 2023;1197023838;71081200 - Gold (including gold plated with platinum) unwrought or in semi-manufactured forms, or in powder form.- Non-monetary:-- Other unwrought forms;Total Exports;FOB Value (US$);United Republic of Tanzania;SADC
Jun 2022;1198408691;2609 - Tin ores and concentrates.;Total Imports;CIF Value (US$);Rwanda;SADC
Jun 2022;1199135995;26 - Ores, slag and ash.;Total Imports;CIF Value (US$);Rwanda;SADC
Dec 2024;1200645665;26 - Ores, slag and ash.;Total Exports;FOB Value (US$);DR Congo;ASEAN
Oct 2020;1202599238;2614 - Titanium ores and concentrates.;Total Exports;FOB Value (US$);Kenya;European Union All Countries
Feb 2021;1203295172;7108 - Gold (including gold plated with platinum) unwrought or in semi-manufactured forms, or in powder form.;Total Exports;FOB Value (US$);Kenya;SADC
Feb 2021;1203295172;71081300 - Gold (including gold plated with platinum) unwrought or in semi-manufactured forms, or in powder form.- Non-monetary:-- Other semi-manufactured forms;Total Exports;FOB Value (US$);Kenya;SADC
Sep 2025;1204536282;26 - Ores, slag and ash.;Total Exports;FOB Value (US$);Rwanda;SADC
Mar 2021;1207504539;7108 - Gold (including gold plated with platinum) unwrought or in semi-manufactured forms, or in powder form.;Total Imports;CIF Value (US$);Rwanda;SADC
Mar 2021;1207504539;71081200 - Gold (including gold plated with platinum) unwrought or in semi-manufactured forms, or in powder form.- Non-monetary:-- Other unwrought forms;Total Imports;CIF Value (US$);Rwanda;SADC
Jul 2022;1209344268;2504 - Natural graphite.;Total Imports;CIF Value (US$);Kenya;SADC
Jan 2025;1218302857;2603 - Copper ores and concentrates.;Total Exports;FOB Value (US$);United Republic of Tanzania;ASEAN
Jan 2025;1218719057;26 - Ores, slag and ash.;Total Exports;FOB Value (US$);United Republic of Tanzania;ASEAN
Apr 2021;1220513262;7108 - Gold (including gold plated with platinum) unwrought or in semi-manufactured forms, or in powder form.;Total Imports;CIF Value (US$);Uganda;SADC
Jun 2023;1220897218;71081300 - Gold (including gold plated with platinum) unwrought or in semi-manufactured forms, or in powder form.- Non-monetary:-- Other semi-manufactured forms;Total Imports;CIF Value (US$);Uganda;SADC
Aug 2025;1222241348;7108 - Gold (including gold plated with platinum) unwrought or in semi-manufactured forms, or in powder form.;Total Imports;CIF Value (US$);Rwanda;SADC
Aug 2025;1222241348;71081200 - Gold (including gold plated with platinum) unwrought or in semi-manufactured forms, or in powder form.- Non-monetary:-- Other unwrought forms;Total Imports;CIF Value (US$);Rwanda;SADC
May 2021;1224042308;7108 - Gold (including gold plated with platinum) unwrought or in semi-manufactured forms, or in powder form.;Total Imports;CIF Value (US$);Rwanda;SADC
May 2021;1224042308;71081200 - Gold (including gold plated with platinum) unwrought or in semi-manufactured forms, or in powder form.- Non-monetary:-- Other unwrought forms;Total Imports;CIF Value (US$);Rwanda;SADC
Jul 2020;1224534261;7106 - Silver (including silver plated with gold or platinum), unwrought or in semi-manufactured forms, or in powder form.;Total Exports;FOB Value (US$);Kenya;SADC
Jul 2020;1224534261;71069100 - Silver (including silver plated with gold or platinum), unwrought or in semi-manufactured forms, or in powder form.- Other:-- Unwrought;Total Exports;FOB Value (US$);Kenya;SADC
Dec 2021;1225859246;26 - Ores, slag and ash.;Total Imports;CIF Value (US$);Rwanda;SADC
Dec 2021;1225859246;2609 - Tin ores and concentrates.;Total Imports;CIF Value (US$);Rwanda;SADC
Nov 2024;1229657895;26 - Ores, slag and ash.;Total Exports;FOB Value (US$);Rwanda;ASEAN
Nov 2024;1229657895;2609 - Tin ores and concentrates.;Total Exports;FOB Value (US$);Rwanda;ASEAN
May 2023;1231710791;26 - Ores, slag and ash.;Total Exports;FOB Value (US$);Rwanda;ASEAN
May 2023;1231710791;2609 - Tin ores and concentrates.;Total Exports;FOB Value (US$);Rwanda;ASEAN
Jul 2022;1232754393;26 - Ores, slag and ash.;Total Exports;FOB Value (US$);DR Congo;SADC
May 2020;1234558834;26 - Ores, slag and ash.;Total Exports;FOB Value (US$);United Republic of Tanzania;European Union All Countries
May 2020;1234558834;2616 - Precious metal ores and concentrates.;Total Exports;FOB Value (US$);United Republic of Tanzania;European Union All Countries
Jun 2021;1239548601;26 - Ores, slag and ash.;Total Exports;FOB Value (US$);DR Congo;European Union All Countries
Jun 2023;1240505024;26 - Ores, slag and ash.;Total Exports;FOB Value (US$);Rwanda;European Union All Countries
Mar 2023;1242691609;26 - Ores, slag and ash.;Total Exports;FOB Value (US$);DR Congo;SADC
May 2025;1245868097;26 - Ores, slag and ash.;Total Exports;FOB Value (US$);DR Congo;European Union All Countries
Jan 2021;1246501393;26 - Ores, slag and ash.;Total Exports;FOB Value (US$);Rwanda;ASEAN
Aug 2020;1246856005;2603 - Copper ores and concentrates.;Total Imports;CIF Value (US$);DR Congo;SADC
Oct 2022;1248110551;7106 - Silver (including silver plated with gold or platinum), unwrought or in semi-manufactured forms, or in powder form.;Total Imports;CIF Value (US$);Kenya;European Union All Countries
Oct 2022;1248110551;71069200 - Silver (including silver plated with gold or platinum), unwrought or in semi-manufactured forms, or in powder form.- Other:-- Semi-manufactured;Total Imports;CIF Value (US$);Kenya;European Union All Countries
Jul 2023;1250215132;26 - Ores, slag and ash.;Total Exports;FOB Value (US$);United Republic of Tanzania;ASEAN
Jul 2023;1250215132;2603 - Copper ores and concentrates.;Total Exports;FOB Value (US$);United Republic of Tanzania;ASEAN
Mar 2023;1250288313;26 - Ores, slag and ash.;Total Exports;FOB Value (US$);Kenya;European Union All Countries
Apr 2021;1251576367;26 - Ores, slag and ash.;Total Exports;FOB Value (US$);Kenya;European Union All Countries
Jul 2025;1252212952;26 - Ores, slag and ash.;Total Exports;FOB Value (US$);DR Congo;ASEAN
Feb 2023;1253456842;26 - Ores, slag and ash.;Total Exports;FOB Value (US$);United Republic of Tanzania;ASEAN
Feb 2023;1253456842;2603 - Copper ores and concentrates.;Total Exports;FOB Value (US$);United Republic of Tanzania;ASEAN
May 2023;1257616162;7108 - Gold (including gold plated with platinum) unwrought or in semi-manufactured forms, or in powder form.;Total Imports;CIF Value (US$);Uganda;SADC
Jul 2025;1260875824;26 - Ores, slag and ash.;Total Exports;FOB Value (US$);Rwanda;SADC
Apr 2025;1262783814;26 - Ores, slag and ash.;Total Exports;FOB Value (US$);DR Congo;ASEAN
Apr 2021;1265546341;26 - Ores, slag and ash.;Total Imports;CIF Value (US$);DR Congo;SADC
Jul 2020;1267313932;26 - Ores, slag and ash.;Total Exports;FOB Value (US$);Kenya;European Union All Countries
Oct 2024;1270475471;26 - Ores, slag and ash.;Total Imports;CIF Value (US$);Kenya;SADC
Oct 2020;1270720597;26 - Ores, slag and ash.;Total Exports;FOB Value (US$);Kenya;European Union All Countries
Mar 2022;1272988134;2609 - Tin ores and concentrates.;Total Exports;FOB Value (US$);Rwanda;European Union All Countries
Feb 2022;1274026007;2609 - Tin ores and concentrates.;Total Exports;FOB Value (US$);Rwanda;European Union All Countries
Dec 2023;1274696885;26 - Ores, slag and ash.;Total Exports;FOB Value (US$);Rwanda;ASEAN
Dec 2023;1274696885;2609 - Tin ores and concentrates.;Total Exports;FOB Value (US$);Rwanda;ASEAN
Jul 2020;1275207999;26 - Ores, slag and ash.;Total Exports;FOB Value (US$);DR Congo;European Union All Countries
Nov 2024;1276861082;26 - Ores, slag and ash.;Total Exports;FOB Value (US$);Kenya;European Union All Countries
Nov 2024;1276861082;2614 - Titanium ores and concentrates.;Total Exports;FOB Value (US$);Kenya;European Union All Countries
Sep 2025;1277072094;2603 - Copper ores and concentrates.;Total Exports;FOB Value (US$);DR Congo;ASEAN
Oct 2021;1277257133;26 - Ores, slag and ash.;Total Exports;FOB Value (US$);Kenya;European Union All Countries
Sep 2021;1277350878;26 - Ores, slag and ash.;Total Exports;FOB Value (US$);United Republic of Tanzania;ASEAN
Sep 2021;1277350878;2616 - Precious metal ores and concentrates.;Total Exports;FOB Value (US$);United Republic of Tanzania;ASEAN
Aug 2021;1277981152;26 - Ores, slag and ash.;Total Exports;FOB Value (US$);DR Congo;SADC
Jan 2025;1278347693;2614 - Titanium ores and concentrates.;Total Exports;FOB Value (US$);Kenya;European Union All Countries
Feb 2023;1278634589;26 - Ores, slag and ash.;Total Exports;FOB Value (US$);Kenya;European Union All Countries
Mar 2025;1279122833;2614 - Titanium ores and concentrates.;Total Exports;FOB Value (US$);Kenya;European Union All Countries
Feb 2025;1280203761;26 - Ores, slag and ash.;Total Exports;FOB Value (US$);Kenya;European Union All Countries
Feb 2025;1280203761;2614 - Titanium ores and concentrates.;Total Exports;FOB Value (US$);Kenya;European Union All Countries
Mar 2022;1280697447;26 - Ores, slag and ash.;Total Exports;FOB Value (US$);Kenya;European Union All Countries
Jun 2023;1284275755;2609 - Tin ores and concentrates.;Total Exports;FOB Value (US$);Rwanda;ASEAN
Feb 2022;1284897249;7108 - Gold (including gold plated with platinum) unwrought or in semi-manufactured forms, or in powder form.;Total Exports;FOB Value (US$);United Republic of Tanzania;European Union All Countries
Feb 2022;1284897249;71081200 - Gold (including gold plated with platinum) unwrought or in semi-manufactured forms, or in powder form.- Non-monetary:-- Other unwrought forms;Total Exports;FOB Value (US$);United Republic of Tanzania;European Union All Countries
Feb 2021;1285858558;26 - Ores, slag and ash.;Total Exports;FOB Value (US$);Kenya;ASEAN
Feb 2021;1285858558;2614 - Titanium ores and concentrates.;Total Exports;FOB Value (US$);Kenya;ASEAN
Feb 2022;1286335971;26 - Ores, slag and ash.;Total Exports;FOB Value (US$);Kenya;European Union All Countries
Mar 2025;1286610722;7108 - Gold (including gold plated with platinum) unwrought or in semi-manufactured forms, or in powder form.;Total Exports;FOB Value (US$);United Republic of Tanzania;ASEAN
Mar 2025;1286610722;71081200 - Gold (including gold plated with platinum) unwrought or in semi-manufactured forms, or in powder form.- Non-monetary:-- Other unwrought forms;Total Exports;FOB Value (US$);United Republic of Tanzania;ASEAN
Sep 2023;1289857919;7108 - Gold (including gold plated with platinum) unwrought or in semi-manufactured forms, or in powder form.;Total Imports;CIF Value (US$);Uganda;SADC
Nov 2020;1289934475;7108 - Gold (including gold plated with platinum) unwrought or in semi-manufactured forms, or in powder form.;Total Exports;FOB Value (US$);Kenya;SADC
Nov 2020;1289934475;71081300 - Gold (including gold plated with platinum) unwrought or in semi-manufactured forms, or in powder form.- Non-monetary:-- Other semi-manufactured forms;Total Exports;FOB Value (US$);Kenya;SADC
Apr 2024;1291771229;7108 - Gold (including gold plated with platinum) unwrought or in semi-manufactured forms, or in powder form.;Total Exports;FOB Value (US$);United Republic of Tanzania;SADC
Apr 2024;1291771229;71081200 - Gold (including gold plated with platinum) unwrought or in semi-manufactured forms, or in powder form.- Non-monetary:-- Other unwrought forms;Total Exports;FOB Value (US$);United Republic of Tanzania;SADC
Jun 2022;1292119085;26 - Ores, slag and ash.;Total Exports;FOB Value (US$);United Republic of Tanzania;ASEAN
Jun 2022;1292119085;2603 - Copper ores and concentrates.;Total Exports;FOB Value (US$);United Republic of Tanzania;ASEAN
Dec 2020;1298997882;26 - Ores, slag and ash.;Total Exports;FOB Value (US$);Kenya;ASEAN
Dec 2020;1298997882;2614 - Titanium ores and concentrates.;Total Exports;FOB Value (US$);Kenya;ASEAN
May 2025;1299265262;26 - Ores, slag and ash.;Total Imports;CIF Value (US$);DR Congo;SADC
Nov 2020;1301420080;7108 - Gold (including gold plated with platinum) unwrought or in semi-manufactured forms, or in powder form.;Total Imports;CIF Value (US$);Uganda;SADC
Sep 2022;1301690064;26 - Ores, slag and ash.;Total Exports;FOB Value (US$);Kenya;European Union All Countries
Nov 2024;1306359649;26 - Ores, slag and ash.;Total Imports;CIF Value (US$);Rwanda;SADC
Nov 2024;1306359649;2616 - Precious metal ores and concentrates.;Total Imports;CIF Value (US$);Rwanda;SADC
Mar 2022;1308444519;2614 - Titanium ores and concentrates.;Total Exports;FOB Value (US$);Kenya;ASEAN
Sep 2025;1309181291;26 - Ores, slag and ash.;Total Imports;Quantity;DR Congo;SADC
Mar 2023;1309928776;26 - Ores, slag and ash.;Total Exports;FOB Value (US$);DR Congo;ASEAN
Aug 2023;1311783426;2606 - Aluminium ores and concentrates.;Total Imports;CIF Value (US$);Kenya;SADC
Aug 2020;1316863266;7108 - Gold (including gold plated with platinum) unwrought or in semi-manufactured forms, or in powder form.;Total Imports;CIF Value (US$);Uganda;SADC
Aug 2021;1317518698;2606 - Aluminium ores and concentrates.;Total Imports;CIF Value (US$);Kenya;SADC
Dec 2020;1321539208;71081300 - Gold (including gold plated with platinum) unwrought or in semi-manufactured forms, or in powder form.- Non-monetary:-- Other semi-manufactured forms;Total Imports;CIF Value (US$);Uganda;SADC
Oct 2021;1322596545;26 - Ores, slag and ash.;Total Imports;CIF Value (US$);Kenya;SADC
Sep 2023;1328034006;71081200 - Gold (including gold plated with platinum) unwrought or in semi-manufactured forms, or in powder form.- Non-monetary:-- Other unwrought forms;Total Imports;CIF Value (US$);Uganda;SADC
Aug 2021;1338741676;26 - Ores, slag and ash.;Total Imports;CIF Value (US$);Kenya;SADC
Mar 2024;1339461201;26 - Ores, slag and ash.;Total Exports;FOB Value (US$);Rwanda;SADC
Sep 2021;1339564407;2609 - Tin ores and concentrates.;Total Exports;FOB Value (US$);Rwanda;ASEAN
Nov 2022;1343708267;26 - Ores, slag and ash.;Total Exports;FOB Value (US$);Rwanda;European Union All Countries
Apr 2021;1344167418;26 - Ores, slag and ash.;Total Exports;FOB Value (US$);Rwanda;ASEAN
Oct 2020;1346994699;26 - Ores, slag and ash.;Total Exports;FOB Value (US$);Rwanda;ASEAN
Apr 2020;1349591998;26 - Ores, slag and ash.;Total Exports;FOB Value (US$);DR Congo;European Union All Countries
Mar 2023;1350468441;26 - Ores, slag and ash.;Total Exports;FOB Value (US$);Rwanda;European Union All Countries
Jan 2024;1351316945;7108 - Gold (including gold plated with platinum) unwrought or in semi-manufactured forms, or in powder form.;Total Exports;FOB Value (US$);Kenya;SADC
Jan 2024;1351316945;71081300 - Gold (including gold plated with platinum) unwrought or in semi-manufactured forms, or in powder form.- Non-monetary:-- Other semi-manufactured forms;Total Exports;FOB Value (US$);Kenya;SADC
Jan 2024;1354775961;7108 - Gold (including gold plated with platinum) unwrought or in semi-manufactured forms, or in powder form.;Total Exports;FOB Value (US$);United Republic of Tanzania;SADC
Jan 2024;1354775961;71081200 - Gold (including gold plated with platinum) unwrought or in semi-manufactured forms, or in powder form.- Non-monetary:-- Other unwrought forms;Total Exports;FOB Value (US$);United Republic of Tanzania;SADC
Nov 2023;1357714320;7108 - Gold (including gold plated with platinum) unwrought or in semi-manufactured forms, or in powder form.;Total Exports;FOB Value (US$);United Republic of Tanzania;SADC
Nov 2023;1357714320;71081200 - Gold (including gold plated with platinum) unwrought or in semi-manufactured forms, or in powder form.- Non-monetary:-- Other unwrought forms;Total Exports;FOB Value (US$);United Republic of Tanzania;SADC
Apr 2020;1372210001;26 - Ores, slag and ash.;Total Exports;FOB Value (US$);DR Congo;SADC
Apr 2020;1372210001;2603 - Copper ores and concentrates.;Total Exports;FOB Value (US$);DR Congo;SADC
Jun 2023;1374123412;2606 - Aluminium ores and concentrates.;Total Imports;CIF Value (US$);Kenya;SADC
Apr 2020;1374688926;7108 - Gold (including gold plated with platinum) unwrought or in semi-manufactured forms, or in powder form.;Total Imports;CIF Value (US$);Rwanda;SADC
Apr 2020;1374688926;71081200 - Gold (including gold plated with platinum) unwrought or in semi-manufactured forms, or in powder form.- Non-monetary:-- Other unwrought forms;Total Imports;CIF Value (US$);Rwanda;SADC
Jul 2023;1375619491;26 - Ores, slag and ash.;Total Exports;FOB Value (US$);DR Congo;ASEAN
Dec 2022;1378042649;26 - Ores, slag and ash.;Total Exports;FOB Value (US$);DR Congo;ASEAN
Sep 2023;1378131091;26 - Ores, slag and ash.;Total Exports;FOB Value (US$);Rwanda;SADC
Jun 2020;1380999999;26 - Ores, slag and ash.;Total Exports;FOB Value (US$);DR Congo;SADC
Jun 2020;1380999999;2603 - Copper ores and concentrates.;Total Exports;FOB Value (US$);DR Congo;SADC
Feb 2025;1384187997;2614 - Titanium ores and concentrates.;Total Exports;FOB Value (US$);Kenya;ASEAN
Feb 2020;1386821002;26 - Ores, slag and ash.;Total Exports;FOB Value (US$);DR Congo;European Union All Countries
May 2021;1389130076;26 - Ores, slag and ash.;Total Exports;FOB Value (US$);Kenya;ASEAN
May 2021;1389130076;2614 - Titanium ores and concentrates.;Total Exports;FOB Value (US$);Kenya;ASEAN
Apr 2021;1390073681;7108 - Gold (including gold plated with platinum) unwrought or in semi-manufactured forms, or in powder form.;Total Exports;FOB Value (US$);Kenya;SADC
Apr 2021;1390073681;71081300 - Gold (including gold plated with platinum) unwrought or in semi-manufactured forms, or in powder form.- Non-monetary:-- Other semi-manufactured forms;Total Exports;FOB Value (US$);Kenya;SADC
Apr 2021;1391226307;26 - Ores, slag and ash.;Total Exports;FOB Value (US$);Kenya;ASEAN
Apr 2021;1391226307;2614 - Titanium ores and concentrates.;Total Exports;FOB Value (US$);Kenya;ASEAN
Oct 2023;1394290077;7110 - Platinum, unwrought or in semi-manufactured forms, or in powder form.;Total Imports;CIF Value (US$);United Republic of Tanzania;SADC
Jun 2022;1394518112;26 - Ores, slag and ash.;Total Exports;FOB Value (US$);Kenya;European Union All Countries
Feb 2025;1400689133;26 - Ores, slag and ash.;Total Exports;FOB Value (US$);United Republic of Tanzania;ASEAN
Feb 2025;1400689133;2603 - Copper ores and concentrates.;Total Exports;FOB Value (US$);United Republic of Tanzania;ASEAN
Aug 2025;1402285562;26 - Ores, slag and ash.;Total Exports;FOB Value (US$);DR Congo;ASEAN
May 2025;1402549223;2603 - Copper ores and concentrates.;Total Exports;FOB Value (US$);DR Congo;European Union All Countries
Jan 2022;1405293874;2609 - Tin ores and concentrates.;Total Exports;FOB Value (US$);Rwanda;ASEAN
Oct 2020;1408376115;7108 - Gold (including gold plated with platinum) unwrought or in semi-manufactured forms, or in powder form.;Total Imports;CIF Value (US$);Uganda;SADC
Oct 2025;1411355112;2603 - Copper ores and concentrates.;Total Exports;FOB Value (US$);DR Congo;ASEAN
Feb 2025;1412146787;7108 - Gold (including gold plated with platinum) unwrought or in semi-manufactured forms, or in powder form.;Total Exports;FOB Value (US$);DR Congo;SADC
Feb 2025;1412146787;71081200 - Gold (including gold plated with platinum) unwrought or in semi-manufactured forms, or in powder form.- Non-monetary:-- Other unwrought forms;Total Exports;FOB Value (US$);DR Congo;SADC
Feb 2021;1413297177;2609 - Tin ores and concentrates.;Total Exports;FOB Value (US$);Rwanda;ASEAN
Aug 2025;1414890105;26 - Ores, slag and ash.;Total Exports;FOB Value (US$);Rwanda;ASEAN
Dec 2020;1418060331;26 - Ores, slag and ash.;Total Imports;CIF Value (US$);Kenya;SADC
Dec 2021;1418648609;7106 - Silver (including silver plated with gold or platinum), unwrought or in semi-manufactured forms, or in powder form.;Total Imports;CIF Value (US$);Kenya;European Union All Countries
Dec 2021;1418648609;71069200 - Silver (including silver plated with gold or platinum), unwrought or in semi-manufactured forms, or in powder form.- Other:-- Semi-manufactured;Total Imports;CIF Value (US$);Kenya;European Union All Countries
May 2023;1421355108;26 - Ores, slag and ash.;Total Exports;FOB Value (US$);United Republic of Tanzania;ASEAN
May 2023;1421355108;2603 - Copper ores and concentrates.;Total Exports;FOB Value (US$);United Republic of Tanzania;ASEAN
Jun 2024;1422657692;7108 - Gold (including gold plated with platinum) unwrought or in semi-manufactured forms, or in powder form.;Total Imports;CIF Value (US$);Uganda;SADC
Jun 2024;1422657692;71081200 - Gold (including gold plated with platinum) unwrought or in semi-manufactured forms, or in powder form.- Non-monetary:-- Other unwrought forms;Total Imports;CIF Value (US$);Uganda;SADC
Nov 2024;1424537399;7108 - Gold (including gold plated with platinum) unwrought or in semi-manufactured forms, or in powder form.;Total Imports;CIF Value (US$);Uganda;SADC
Nov 2024;1424537399;71081200 - Gold (including gold plated with platinum) unwrought or in semi-manufactured forms, or in powder form.- Non-monetary:-- Other unwrought forms;Total Imports;CIF Value (US$);Uganda;SADC
Dec 2022;1427016711;26 - Ores, slag and ash.;Total Exports;FOB Value (US$);Rwanda;ASEAN
Jan 2025;1428008339;7108 - Gold (including gold plated with platinum) unwrought or in semi-manufactured forms, or in powder form.;Total Imports;CIF Value (US$);Uganda;SADC
Jan 2025;1428008339;71081200 - Gold (including gold plated with platinum) unwrought or in semi-manufactured forms, or in powder form.- Non-monetary:-- Other unwrought forms;Total Imports;CIF Value (US$);Uganda;SADC
Jan 2021;1430780474;7108 - Gold (including gold plated with platinum) unwrought or in semi-manufactured forms, or in powder form.;Total Imports;CIF Value (US$);Rwanda;SADC
Jan 2021;1430780474;71081200 - Gold (including gold plated with platinum) unwrought or in semi-manufactured forms, or in powder form.- Non-monetary:-- Other unwrought forms;Total Imports;CIF Value (US$);Rwanda;SADC
Aug 2024;1434263068;26 - Ores, slag and ash.;Total Imports;CIF Value (US$);Kenya;European Union All Countries
Mar 2024;1435342037;7108 - Gold (including gold plated with platinum) unwrought or in semi-manufactured forms, or in powder form.;Total Exports;FOB Value (US$);United Republic of Tanzania;SADC
Mar 2024;1435342037;71081200 - Gold (including gold plated with platinum) unwrought or in semi-manufactured forms, or in powder form.- Non-monetary:-- Other unwrought forms;Total Exports;FOB Value (US$);United Republic of Tanzania;SADC
Nov 2022;1442526432;26 - Ores, slag and ash.;Total Imports;CIF Value (US$);Kenya;SADC
Sep 2020;1443475785;26 - Ores, slag and ash.;Total Exports;FOB Value (US$);United Republic of Tanzania;ASEAN
Jan 2023;1443921407;26 - Ores, slag and ash.;Total Exports;FOB Value (US$);United Republic of Tanzania;ASEAN
Jan 2023;1443921407;2603 - Copper ores and concentrates.;Total Exports;FOB Value (US$);United Republic of Tanzania;ASEAN
Sep 2020;1446607147;7108 - Gold (including gold plated with platinum) unwrought or in semi-manufactured forms, or in powder form.;Total Imports;CIF Value (US$);Uganda;SADC
Feb 2024;1451647074;2609 - Tin ores and concentrates.;Total Exports;FOB Value (US$);Rwanda;European Union All Countries
Jul 2024;1452944337;2609 - Tin ores and concentrates.;Total Exports;FOB Value (US$);Rwanda;European Union All Countries
Feb 2024;1457661287;7108 - Gold (including gold plated with platinum) unwrought or in semi-manufactured forms, or in powder form.;Total Exports;FOB Value (US$);United Republic of Tanzania;SADC
Feb 2024;1457661287;71081200 - Gold (including gold plated with platinum) unwrought or in semi-manufactured forms, or in powder form.- Non-monetary:-- Other unwrought forms;Total Exports;FOB Value (US$);United Republic of Tanzania;SADC
Nov 2023;1461637259;2603 - Copper ores and concentrates.;Total Exports;FOB Value (US$);DR Congo;SADC
Mar 2025;1461690734;7108 - Gold (including gold plated with platinum) unwrought or in semi-manufactured forms, or in powder form.;Total Exports;FOB Value (US$);DR Congo;SADC
Mar 2025;1461690734;71081200 - Gold (including gold plated with platinum) unwrought or in semi-manufactured forms, or in powder form.- Non-monetary:-- Other unwrought forms;Total Exports;FOB Value (US$);DR Congo;SADC
Jun 2023;1463138618;26 - Ores, slag and ash.;Total Exports;FOB Value (US$);Rwanda;ASEAN
Feb 2024;1471219283;7108 - Gold (including gold plated with platinum) unwrought or in semi-manufactured forms, or in powder form.;Total Exports;FOB Value (US$);Kenya;SADC
Feb 2024;1471219283;71081300 - Gold (including gold plated with platinum) unwrought or in semi-manufactured forms, or in powder form.- Non-monetary:-- Other semi-manufactured forms;Total Exports;FOB Value (US$);Kenya;SADC
May 2025;1474366136;2609 - Tin ores and concentrates.;Total Exports;FOB Value (US$);Rwanda;ASEAN
Jun 2025;1479136394;26 - Ores, slag and ash.;Total Imports;CIF Value (US$);Kenya;SADC
Aug 2024;1481091137;26 - Ores, slag and ash.;Total Imports;CIF Value (US$);Rwanda;European Union All Countries
Aug 2024;1481091137;2603 - Copper ores and concentrates.;Total Imports;CIF Value (US$);Rwanda;European Union All Countries
Mar 2021;1481237435;26 - Ores, slag and ash.;Total Exports;FOB Value (US$);Kenya;European Union All Countries
Jan 2024;1485136113;2609 - Tin ores and concentrates.;Total Exports;FOB Value (US$);Rwanda;European Union All Countries
May 2025;1485196109;26 - Ores, slag and ash.;Total Exports;FOB Value (US$);Rwanda;ASEAN
Oct 2021;1491359997;2609 - Tin ores and concentrates.;Total Exports;FOB Value (US$);DR Congo;SADC
Apr 2020;1494942591;7108 - Gold (including gold plated with platinum) unwrought or in semi-manufactured forms, or in powder form.;Total Imports;CIF Value (US$);Uganda;SADC
Apr 2020;1494942591;71081300 - Gold (including gold plated with platinum) unwrought or in semi-manufactured forms, or in powder form.- Non-monetary:-- Other semi-manufactured forms;Total Imports;CIF Value (US$);Uganda;SADC
Jun 2025;1496359479;2609 - Tin ores and concentrates.;Total Exports;FOB Value (US$);Rwanda;European Union All Countries
Dec 2021;1497517869;2614 - Titanium ores and concentrates.;Total Exports;FOB Value (US$);Kenya;European Union All Countries
Nov 2024;1500067569;7111 - Base metals, silver or gold,clad with platinum, not further worked than semi-manufactured.;Total Imports;CIF Value (US$);United Republic of Tanzania;ASEAN
Jan 2024;1503944712;2614 - Titanium ores and concentrates.;Total Exports;FOB Value (US$);Kenya;European Union All Countries
Sep 2024;1506000207;7108 - Gold (including gold plated with platinum) unwrought or in semi-manufactured forms, or in powder form.;Total Imports;CIF Value (US$);United Republic of Tanzania;SADC
Sep 2024;1506000207;71081300 - Gold (including gold plated with platinum) unwrought or in semi-manufactured forms, or in powder form.- Non-monetary:-- Other semi-manufactured forms;Total Imports;CIF Value (US$);United Republic of Tanzania;SADC
Oct 2020;1515976168;26 - Ores, slag and ash.;Total Exports;FOB Value (US$);DR Congo;European Union All Countries
Nov 2023;1518948687;7108 - Gold (including gold plated with platinum) unwrought or in semi-manufactured forms, or in powder form.;Total Exports;FOB Value (US$);United Republic of Tanzania;European Union All Countries
Nov 2023;1518948687;71081200 - Gold (including gold plated with platinum) unwrought or in semi-manufactured forms, or in powder form.- Non-monetary:-- Other unwrought forms;Total Exports;FOB Value (US$);United Republic of Tanzania;European Union All Countries
Nov 2024;1522500011;2504 - Natural graphite.;Total Exports;FOB Value (US$);United Republic of Tanzania;SADC
Mar 2024;1525695273;26 - Ores, slag and ash.;Total Imports;CIF Value (US$);Rwanda;European Union All Countries
Apr 2025;1529026692;26 - Ores, slag and ash.;Total Imports;CIF Value (US$);Kenya;SADC
Dec 2022;1529357505;26 - Ores, slag and ash.;Total Exports;FOB Value (US$);United Republic of Tanzania;ASEAN
Dec 2022;1529357505;2603 - Copper ores and concentrates.;Total Exports;FOB Value (US$);United Republic of Tanzania;ASEAN
Dec 2022;1531983453;7108 - Gold (including gold plated with platinum) unwrought or in semi-manufactured forms, or in powder form.;Total Imports;CIF Value (US$);Uganda;SADC
Jan 2022;1532784276;26 - Ores, slag and ash.;Total Exports;FOB Value (US$);Rwanda;European Union All Countries
Oct 2022;1532809469;26 - Ores, slag and ash.;Total Exports;FOB Value (US$);Rwanda;ASEAN
Oct 2022;1532809469;2609 - Tin ores and concentrates.;Total Exports;FOB Value (US$);Rwanda;ASEAN
Oct 2021;1534853829;26 - Ores, slag and ash.;Total Exports;FOB Value (US$);Rwanda;SADC
Jan 2023;1536709797;26 - Ores, slag and ash.;Total Exports;FOB Value (US$);Kenya;European Union All Countries
Oct 2023;1542945458;71081200 - Gold (including gold plated with platinum) unwrought or in semi-manufactured forms, or in powder form.- Non-monetary:-- Other unwrought forms;Total Imports;CIF Value (US$);Uganda;SADC
Nov 2022;1548257979;26 - Ores, slag and ash.;Total Exports;FOB Value (US$);DR Congo;ASEAN
Nov 2020;1550311402;26 - Ores, slag and ash.;Total Imports;CIF Value (US$);DR Congo;SADC
Apr 2020;1552538388;2614 - Titanium ores and concentrates.;Total Exports;FOB Value (US$);Kenya;European Union All Countries
Mar 2025;1555641756;26 - Ores, slag and ash.;Total Exports;FOB Value (US$);DR Congo;European Union All Countries
Jan 2025;1555645624;26 - Ores, slag and ash.;Total Imports;CIF Value (US$);Rwanda;European Union All Countries
Jan 2025;1555645624;2609 - Tin ores and concentrates.;Total Imports;CIF Value (US$);Rwanda;European Union All Countries
Sep 2022;1556737035;26 - Ores, slag and ash.;Total Exports;FOB Value (US$);Kenya;ASEAN
Aug 2025;1562295513;2609 - Tin ores and concentrates.;Total Exports;FOB Value (US$);Rwanda;European Union All Countries
Sep 2022;1570522195;2603 - Copper ores and concentrates.;Total Exports;FOB Value (US$);United Republic of Tanzania;ASEAN
Sep 2022;1570522295;26 - Ores, slag and ash.;Total Exports;FOB Value (US$);United Republic of Tanzania;ASEAN
Sep 2025;1570826238;26 - Ores, slag and ash.;Total Exports;FOB Value (US$);DR Congo;ASEAN
Jul 2024;1577518619;26 - Ores, slag and ash.;Total Exports;FOB Value (US$);Kenya;ASEAN
Jul 2024;1577518619;2614 - Titanium ores and concentrates.;Total Exports;FOB Value (US$);Kenya;ASEAN
Jul 2020;1580806073;7108 - Gold (including gold plated with platinum) unwrought or in semi-manufactured forms, or in powder form.;Total Imports;CIF Value (US$);Uganda;SADC
Aug 2024;1584186259;26 - Ores, slag and ash.;Total Exports;FOB Value (US$);Kenya;ASEAN
Aug 2024;1584186259;2614 - Titanium ores and concentrates.;Total Exports;FOB Value (US$);Kenya;ASEAN
Sep 2023;1585191638;26 - Ores, slag and ash.;Total Imports;CIF Value (US$);United Republic of Tanzania;European Union All Countries
Aug 2021;1587849341;26 - Ores, slag and ash.;Total Exports;FOB Value (US$);Kenya;ASEAN
Feb 2021;1594927899;26 - Ores, slag and ash.;Total Exports;FOB Value (US$);Rwanda;ASEAN
Aug 2020;1595002698;26 - Ores, slag and ash.;Total Imports;CIF Value (US$);DR Congo;SADC
Jan 2020;1599005274;26 - Ores, slag and ash.;Total Imports;CIF Value (US$);DR Congo;SADC
Oct 2023;1600536516;7108 - Gold (including gold plated with platinum) unwrought or in semi-manufactured forms, or in powder form.;Total Imports;CIF Value (US$);Uganda;SADC
Jun 2022;1605501234;26 - Ores, slag and ash.;Total Exports;FOB Value (US$);Kenya;ASEAN
Sep 2024;1610947453;7108 - Gold (including gold plated with platinum) unwrought or in semi-manufactured forms, or in powder form.;Total Imports;CIF Value (US$);Uganda;SADC
Sep 2024;1610947453;71081200 - Gold (including gold plated with platinum) unwrought or in semi-manufactured forms, or in powder form.- Non-monetary:-- Other unwrought forms;Total Imports;CIF Value (US$);Uganda;SADC
Sep 2025;1613472587;2609 - Tin ores and concentrates.;Total Exports;FOB Value (US$);Rwanda;European Union All Countries
Aug 2024;1616005169;7108 - Gold (including gold plated with platinum) unwrought or in semi-manufactured forms, or in powder form.;Total Imports;CIF Value (US$);Uganda;SADC
Aug 2024;1616005169;71081200 - Gold (including gold plated with platinum) unwrought or in semi-manufactured forms, or in powder form.- Non-monetary:-- Other unwrought forms;Total Imports;CIF Value (US$);Uganda;SADC
Jan 2020;1630538353;2609 - Tin ores and concentrates.;Total Exports;FOB Value (US$);Rwanda;European Union All Countries
Aug 2022;1632520478;2606 - Aluminium ores and concentrates.;Total Imports;CIF Value (US$);Kenya;SADC
Dec 2023;1632860183;7108 - Gold (including gold plated with platinum) unwrought or in semi-manufactured forms, or in powder form.;Total Exports;FOB Value (US$);Kenya;SADC
Dec 2023;1632860183;71081300 - Gold (including gold plated with platinum) unwrought or in semi-manufactured forms, or in powder form.- Non-monetary:-- Other semi-manufactured forms;Total Exports;FOB Value (US$);Kenya;SADC
Aug 2020;1633125021;26 - Ores, slag and ash.;Total Exports;FOB Value (US$);Rwanda;ASEAN
Aug 2023;1633803573;71081300 - Gold (including gold plated with platinum) unwrought or in semi-manufactured forms, or in powder form.- Non-monetary:-- Other semi-manufactured forms;Total Imports;CIF Value (US$);Uganda;SADC
Mar 2021;1637751975;26 - Ores, slag and ash.;Total Imports;CIF Value (US$);Kenya;SADC
Jul 2021;1638374362;26 - Ores, slag and ash.;Total Exports;FOB Value (US$);Rwanda;ASEAN
Jan 2025;1639407195;7108 - Gold (including gold plated with platinum) unwrought or in semi-manufactured forms, or in powder form.;Total Exports;FOB Value (US$);Kenya;SADC
Jan 2025;1639407195;71081300 - Gold (including gold plated with platinum) unwrought or in semi-manufactured forms, or in powder form.- Non-monetary:-- Other semi-manufactured forms;Total Exports;FOB Value (US$);Kenya;SADC
Apr 2023;1639801738;26 - Ores, slag and ash.;Total Exports;FOB Value (US$);Rwanda;European Union All Countries
Jan 2025;1639832388;2609 - Tin ores and concentrates.;Total Exports;FOB Value (US$);Rwanda;European Union All Countries
Jan 2025;1642241701;7108 - Gold (including gold plated with platinum) unwrought or in semi-manufactured forms, or in powder form.;Total Exports;FOB Value (US$);DR Congo;SADC
Jan 2025;1642241701;71081200 - Gold (including gold plated with platinum) unwrought or in semi-manufactured forms, or in powder form.- Non-monetary:-- Other unwrought forms;Total Exports;FOB Value (US$);DR Congo;SADC
Jul 2022;1646382535;7109 - Base metals or silver, clad with gold, not further worked than semi-manufactured.;Total Exports;FOB Value (US$);Rwanda;SADC
Jun 2024;1646918987;7108 - Gold (including gold plated with platinum) unwrought or in semi-manufactured forms, or in powder form.;Total Exports;FOB Value (US$);United Republic of Tanzania;SADC
Jun 2024;1646918987;71081200 - Gold (including gold plated with platinum) unwrought or in semi-manufactured forms, or in powder form.- Non-monetary:-- Other unwrought forms;Total Exports;FOB Value (US$);United Republic of Tanzania;SADC
Apr 2024;1648200909;7108 - Gold (including gold plated with platinum) unwrought or in semi-manufactured forms, or in powder form.;Total Imports;CIF Value (US$);Uganda;SADC
Apr 2024;1648200909;71081200 - Gold (including gold plated with platinum) unwrought or in semi-manufactured forms, or in powder form.- Non-monetary:-- Other unwrought forms;Total Imports;CIF Value (US$);Uganda;SADC
Aug 2021;1648484642;26 - Ores, slag and ash.;Total Exports;FOB Value (US$);Rwanda;ASEAN
Jun 2024;1653738095;7108 - Gold (including gold plated with platinum) unwrought or in semi-manufactured forms, or in powder form.;Total Imports;CIF Value (US$);Kenya;European Union All Countries
Jun 2024;1653738095;71081300 - Gold (including gold plated with platinum) unwrought or in semi-manufactured forms, or in powder form.- Non-monetary:-- Other semi-manufactured forms;Total Imports;CIF Value (US$);Kenya;European Union All Countries
Jan 2025;1653992367;26 - Ores, slag and ash.;Total Imports;CIF Value (US$);DR Congo;SADC
Jun 2020;1657132611;2609 - Tin ores and concentrates.;Total Exports;FOB Value (US$);Rwanda;European Union All Countries
Feb 2024;1658104563;7108 - Gold (including gold plated with platinum) unwrought or in semi-manufactured forms, or in powder form.;Total Imports;CIF Value (US$);Uganda;SADC
Feb 2024;1658104563;71081200 - Gold (including gold plated with platinum) unwrought or in semi-manufactured forms, or in powder form.- Non-monetary:-- Other unwrought forms;Total Imports;CIF Value (US$);Uganda;SADC
Dec 2022;1662600426;2603 - Copper ores and concentrates.;Total Exports;FOB Value (US$);DR Congo;SADC
Apr 2020;1664217711;26 - Ores, slag and ash.;Total Exports;FOB Value (US$);Rwanda;ASEAN
Jul 2024;1664511057;7108 - Gold (including gold plated with platinum) unwrought or in semi-manufactured forms, or in powder form.;Total Exports;FOB Value (US$);Kenya;SADC
Jul 2024;1664511057;71081300 - Gold (including gold plated with platinum) unwrought or in semi-manufactured forms, or in powder form.- Non-monetary:-- Other semi-manufactured forms;Total Exports;FOB Value (US$);Kenya;SADC
Aug 2022;1674797697;26 - Ores, slag and ash.;Total Exports;FOB Value (US$);DR Congo;SADC
May 2021;1689489435;2606 - Aluminium ores and concentrates.;Total Imports;CIF Value (US$);Kenya;SADC
Dec 2021;1689617811;7108 - Gold (including gold plated with platinum) unwrought or in semi-manufactured forms, or in powder form.;Total Exports;FOB Value (US$);DR Congo;European Union All Countries
Dec 2021;1689617811;71081200 - Gold (including gold plated with platinum) unwrought or in semi-manufactured forms, or in powder form.- Non-monetary:-- Other unwrought forms;Total Exports;FOB Value (US$);DR Congo;European Union All Countries
Aug 2022;1691054441;7108 - Gold (including gold plated with platinum) unwrought or in semi-manufactured forms, or in powder form.;Total Exports;FOB Value (US$);Kenya;SADC
Aug 2022;1691054441;71081300 - Gold (including gold plated with platinum) unwrought or in semi-manufactured forms, or in powder form.- Non-monetary:-- Other semi-manufactured forms;Total Exports;FOB Value (US$);Kenya;SADC
Aug 2021;1691702137;26 - Ores, slag and ash.;Total Exports;FOB Value (US$);United Republic of Tanzania;ASEAN
Aug 2021;1691702137;2616 - Precious metal ores and concentrates.;Total Exports;FOB Value (US$);United Republic of Tanzania;ASEAN
Sep 2024;1693287601;7106 - Silver (including silver plated with gold or platinum), unwrought or in semi-manufactured forms, or in powder form.;Total Imports;CIF Value (US$);Uganda;European Union All Countries
Sep 2024;1693287601;71069200 - Silver (including silver plated with gold or platinum), unwrought or in semi-manufactured forms, or in powder form.- Other:-- Semi-manufactured;Total Imports;CIF Value (US$);Uganda;European Union All Countries
Aug 2021;1697303849;26 - Ores, slag and ash.;Total Exports;FOB Value (US$);Rwanda;SADC
Feb 2023;1697957893;7108 - Gold (including gold plated with platinum) unwrought or in semi-manufactured forms, or in powder form.;Total Exports;FOB Value (US$);Kenya;SADC
Feb 2023;1697957893;71081300 - Gold (including gold plated with platinum) unwrought or in semi-manufactured forms, or in powder form.- Non-monetary:-- Other semi-manufactured forms;Total Exports;FOB Value (US$);Kenya;SADC
Dec 2021;1704230259;2616 - Precious metal ores and concentrates.;Total Exports;FOB Value (US$);United Republic of Tanzania;ASEAN
Aug 2022;1706858231;71081200 - Gold (including gold plated with platinum) unwrought or in semi-manufactured forms, or in powder form.- Non-monetary:-- Other unwrought forms;Total Imports;CIF Value (US$);Uganda;SADC
Aug 2022;1710269491;7108 - Gold (including gold plated with platinum) unwrought or in semi-manufactured forms, or in powder form.;Total Imports;CIF Value (US$);Uganda;SADC
Apr 2020;1710788337;2614 - Titanium ores and concentrates.;Total Exports;FOB Value (US$);Kenya;ASEAN
Apr 2023;1711697587;26 - Ores, slag and ash.;Total Exports;FOB Value (US$);United Republic of Tanzania;ASEAN
Apr 2023;1711697587;2603 - Copper ores and concentrates.;Total Exports;FOB Value (US$);United Republic of Tanzania;ASEAN
Dec 2024;1712416922;2609 - Tin ores and concentrates.;Total Exports;FOB Value (US$);Rwanda;European Union All Countries
Jun 2024;1714957919;26 - Ores, slag and ash.;Total Imports;CIF Value (US$);Rwanda;SADC
Dec 2020;1724654852;7108 - Gold (including gold plated with platinum) unwrought or in semi-manufactured forms, or in powder form.;Total Imports;CIF Value (US$);Uganda;SADC
Apr 2021;1724928863;7108 - Gold (including gold plated with platinum) unwrought or in semi-manufactured forms, or in powder form.;Total Imports;CIF Value (US$);Rwanda;SADC
Apr 2021;1724928863;71081200 - Gold (including gold plated with platinum) unwrought or in semi-manufactured forms, or in powder form.- Non-monetary:-- Other unwrought forms;Total Imports;CIF Value (US$);Rwanda;SADC
Jun 2022;1727361487;7108 - Gold (including gold plated with platinum) unwrought or in semi-manufactured forms, or in powder form.;Total Exports;FOB Value (US$);Kenya;SADC
Jun 2022;1727361487;71081300 - Gold (including gold plated with platinum) unwrought or in semi-manufactured forms, or in powder form.- Non-monetary:-- Other semi-manufactured forms;Total Exports;FOB Value (US$);Kenya;SADC
Jan 2022;1728322179;7108 - Gold (including gold plated with platinum) unwrought or in semi-manufactured forms, or in powder form.;Total Exports;FOB Value (US$);Kenya;SADC
Jan 2022;1728322179;71081300 - Gold (including gold plated with platinum) unwrought or in semi-manufactured forms, or in powder form.- Non-monetary:-- Other semi-manufactured forms;Total Exports;FOB Value (US$);Kenya;SADC
Oct 2020;1728565642;7106 - Silver (including silver plated with gold or platinum), unwrought or in semi-manufactured forms, or in powder form.;Total Exports;FOB Value (US$);Kenya;SADC
Oct 2020;1728565642;71069100 - Silver (including silver plated with gold or platinum), unwrought or in semi-manufactured forms, or in powder form.- Other:-- Unwrought;Total Exports;FOB Value (US$);Kenya;SADC
Sep 2023;1731108435;26 - Ores, slag and ash.;Total Exports;FOB Value (US$);Rwanda;ASEAN
Sep 2023;1731108435;2609 - Tin ores and concentrates.;Total Exports;FOB Value (US$);Rwanda;ASEAN
Sep 2022;1731753957;26 - Ores, slag and ash.;Total Exports;FOB Value (US$);Rwanda;ASEAN
Feb 2020;1734478885;26 - Ores, slag and ash.;Total Exports;FOB Value (US$);Rwanda;ASEAN
Feb 2022;1734648465;26 - Ores, slag and ash.;Total Exports;FOB Value (US$);United Republic of Tanzania;ASEAN
Feb 2022;1734648465;2603 - Copper ores and concentrates.;Total Exports;FOB Value (US$);United Republic of Tanzania;ASEAN
Oct 2024;1743110598;7108 - Gold (including gold plated with platinum) unwrought or in semi-manufactured forms, or in powder form.;Total Imports;CIF Value (US$);Uganda;SADC
Oct 2024;1743110598;71081200 - Gold (including gold plated with platinum) unwrought or in semi-manufactured forms, or in powder form.- Non-monetary:-- Other unwrought forms;Total Imports;CIF Value (US$);Uganda;SADC
Aug 2022;1743956766;2609 - Tin ores and concentrates.;Total Exports;FOB Value (US$);Rwanda;ASEAN
Mar 2023;1744545053;7108 - Gold (including gold plated with platinum) unwrought or in semi-manufactured forms, or in powder form.;Total Exports;FOB Value (US$);Kenya;SADC
Mar 2023;1744545053;71081300 - Gold (including gold plated with platinum) unwrought or in semi-manufactured forms, or in powder form.- Non-monetary:-- Other semi-manufactured forms;Total Exports;FOB Value (US$);Kenya;SADC
Oct 2024;1749166563;2608 - Zinc ores and concentrates.;Total Exports;FOB Value (US$);Kenya;ASEAN
Jan 2021;1758754061;26 - Ores, slag and ash.;Total Exports;FOB Value (US$);Rwanda;European Union All Countries
Jun 2023;1763805931;7108 - Gold (including gold plated with platinum) unwrought or in semi-manufactured forms, or in powder form.;Total Imports;CIF Value (US$);Uganda;SADC
Jun 2025;1774464581;2603 - Copper ores and concentrates.;Total Exports;FOB Value (US$);DR Congo;SADC
Jun 2022;1780571139;26 - Ores, slag and ash.;Total Exports;FOB Value (US$);Rwanda;European Union All Countries
Jul 2024;1781633753;26 - Ores, slag and ash.;Total Exports;FOB Value (US$);Kenya;European Union All Countries
May 2021;1784058301;26 - Ores, slag and ash.;Total Exports;FOB Value (US$);DR Congo;SADC
May 2021;1784058301;2603 - Copper ores and concentrates.;Total Exports;FOB Value (US$);DR Congo;SADC
Jan 2020;1786577445;7110 - Platinum, unwrought or in semi-manufactured forms, or in powder form.;Total Imports;CIF Value (US$);Rwanda;European Union All Countries
Feb 2023;1794543977;2601 - Iron ores and concentrates, including roasted iron pyrites.;Total Imports;CIF Value (US$);Kenya;SADC
Feb 2023;1794543977;26011100 - Iron ores and concentrates, including roasted iron pyrites. - Iron ores and concentrates, other than roasted iron pyrites: -- Non-agglomerated;Total Imports;CIF Value (US$);Kenya;SADC
Aug 2025;1795710405;7106 - Silver (including silver plated with gold or platinum), unwrought or in semi-manufactured forms, or in powder form.;Total Exports;FOB Value (US$);United Republic of Tanzania;SADC
Aug 2025;1795710405;71061000 - Silver (including silver plated with gold or platinum), unwrought or in semi-manufactured forms, or in powder form.- Powder;Total Exports;FOB Value (US$);United Republic of Tanzania;SADC
Dec 2021;1803069623;7108 - Gold (including gold plated with platinum) unwrought or in semi-manufactured forms, or in powder form.;Total Exports;FOB Value (US$);Kenya;European Union All Countries
Dec 2021;1803069623;71081200 - Gold (including gold plated with platinum) unwrought or in semi-manufactured forms, or in powder form.- Non-monetary:-- Other unwrought forms;Total Exports;FOB Value (US$);Kenya;European Union All Countries
Dec 2023;1805351139;7108 - Gold (including gold plated with platinum) unwrought or in semi-manufactured forms, or in powder form.;Total Imports;CIF Value (US$);Uganda;SADC
Dec 2023;1805351139;71081200 - Gold (including gold plated with platinum) unwrought or in semi-manufactured forms, or in powder form.- Non-monetary:-- Other unwrought forms;Total Imports;CIF Value (US$);Uganda;SADC
Jul 2023;1806783508;2603 - Copper ores and concentrates.;Total Exports;FOB Value (US$);United Republic of Tanzania;European Union All Countries
Jul 2023;1806787508;26 - Ores, slag and ash.;Total Exports;FOB Value (US$);United Republic of Tanzania;European Union All Countries
May 2024;1807293606;7108 - Gold (including gold plated with platinum) unwrought or in semi-manufactured forms, or in powder form.;Total Exports;FOB Value (US$);Kenya;SADC
May 2024;1807293606;71081300 - Gold (including gold plated with platinum) unwrought or in semi-manufactured forms, or in powder form.- Non-monetary:-- Other semi-manufactured forms;Total Exports;FOB Value (US$);Kenya;SADC
Aug 2025;1807626039;26 - Ores, slag and ash.;Total Exports;FOB Value (US$);Rwanda;SADC
Nov 2020;1808640002;2609 - Tin ores and concentrates.;Total Exports;FOB Value (US$);DR Congo;European Union All Countries
Apr 2024;1812059786;2614 - Titanium ores and concentrates.;Total Exports;FOB Value (US$);Kenya;European Union All Countries
May 2022;1813966895;7108 - Gold (including gold plated with platinum) unwrought or in semi-manufactured forms, or in powder form.;Total Exports;FOB Value (US$);United Republic of Tanzania;SADC
May 2022;1813966895;71081200 - Gold (including gold plated with platinum) unwrought or in semi-manufactured forms, or in powder form.- Non-monetary:-- Other unwrought forms;Total Exports;FOB Value (US$);United Republic of Tanzania;SADC
Oct 2023;1815411549;7108 - Gold (including gold plated with platinum) unwrought or in semi-manufactured forms, or in powder form.;Total Exports;FOB Value (US$);Kenya;SADC
Oct 2023;1815411549;71081300 - Gold (including gold plated with platinum) unwrought or in semi-manufactured forms, or in powder form.- Non-monetary:-- Other semi-manufactured forms;Total Exports;FOB Value (US$);Kenya;SADC
Apr 2022;1818828323;26 - Ores, slag and ash.;Total Exports;FOB Value (US$);United Republic of Tanzania;ASEAN
Apr 2022;1818828323;2603 - Copper ores and concentrates.;Total Exports;FOB Value (US$);United Republic of Tanzania;ASEAN
Jan 2023;1820842061;7108 - Gold (including gold plated with platinum) unwrought or in semi-manufactured forms, or in powder form.;Total Exports;FOB Value (US$);Kenya;SADC
Jan 2023;1820842061;71081300 - Gold (including gold plated with platinum) unwrought or in semi-manufactured forms, or in powder form.- Non-monetary:-- Other semi-manufactured forms;Total Exports;FOB Value (US$);Kenya;SADC
Dec 2020;1824607166;26 - Ores, slag and ash.;Total Exports;FOB Value (US$);Rwanda;ASEAN
Jul 2020;1827839993;2609 - Tin ores and concentrates.;Total Exports;FOB Value (US$);DR Congo;European Union All Countries
Feb 2020;1836690047;26 - Ores, slag and ash.;Total Exports;FOB Value (US$);DR Congo;SADC
Feb 2020;1836690047;2603 - Copper ores and concentrates.;Total Exports;FOB Value (US$);DR Congo;SADC
Feb 2023;1841799868;26 - Ores, slag and ash.;Total Exports;FOB Value (US$);Rwanda;European Union All Countries
Jul 2023;1851890496;2606 - Aluminium ores and concentrates.;Total Imports;CIF Value (US$);Kenya;SADC
Apr 2025;1853279234;7108 - Gold (including gold plated with platinum) unwrought or in semi-manufactured forms, or in powder form.;Total Exports;FOB Value (US$);United Republic of Tanzania;SADC
Apr 2025;1853279234;71081200 - Gold (including gold plated with platinum) unwrought or in semi-manufactured forms, or in powder form.- Non-monetary:-- Other unwrought forms;Total Exports;FOB Value (US$);United Republic of Tanzania;SADC
Aug 2024;1861970565;7108 - Gold (including gold plated with platinum) unwrought or in semi-manufactured forms, or in powder form.;Total Exports;FOB Value (US$);United Republic of Tanzania;SADC
Aug 2024;1861970565;71081200 - Gold (including gold plated with platinum) unwrought or in semi-manufactured forms, or in powder form.- Non-monetary:-- Other unwrought forms;Total Exports;FOB Value (US$);United Republic of Tanzania;SADC
May 2025;1871000965;26 - Ores, slag and ash.;Total Exports;FOB Value (US$);United Republic of Tanzania;European Union All Countries
Jul 2023;1871612196;7108 - Gold (including gold plated with platinum) unwrought or in semi-manufactured forms, or in powder form.;Total Exports;FOB Value (US$);Kenya;SADC
Jul 2023;1871612196;71081300 - Gold (including gold plated with platinum) unwrought or in semi-manufactured forms, or in powder form.- Non-monetary:-- Other semi-manufactured forms;Total Exports;FOB Value (US$);Kenya;SADC
Dec 2020;1878179053;26 - Ores, slag and ash.;Total Exports;FOB Value (US$);Rwanda;European Union All Countries
Jun 2024;1879247835;7106 - Silver (including silver plated with gold or platinum), unwrought or in semi-manufactured forms, or in powder form.;Total Imports;CIF Value (US$);Kenya;European Union All Countries
Jun 2024;1879247835;71069200 - Silver (including silver plated with gold or platinum), unwrought or in semi-manufactured forms, or in powder form.- Other:-- Semi-manufactured;Total Imports;CIF Value (US$);Kenya;European Union All Countries
Jun 2021;1879653068;2504 - Natural graphite.;Total Imports;CIF Value (US$);Kenya;European Union All Countries
Mar 2025;1886923901;26 - Ores, slag and ash.;Total Exports;FOB Value (US$);Kenya;European Union All Countries
Aug 2024;1887428076;2609 - Tin ores and concentrates.;Total Exports;FOB Value (US$);Rwanda;European Union All Countries
Jul 2021;1894236259;26 - Ores, slag and ash.;Total Exports;FOB Value (US$);Kenya;European Union All Countries
Dec 2024;1896804563;7108 - Gold (including gold plated with platinum) unwrought or in semi-manufactured forms, or in powder form.;Total Exports;FOB Value (US$);DR Congo;SADC
Dec 2024;1896804563;71081200 - Gold (including gold plated with platinum) unwrought or in semi-manufactured forms, or in powder form.- Non-monetary:-- Other unwrought forms;Total Exports;FOB Value (US$);DR Congo;SADC
Jun 2024;1898665043;2609 - Tin ores and concentrates.;Total Exports;FOB Value (US$);Rwanda;European Union All Countries
Apr 2024;1899309209;2609 - Tin ores and concentrates.;Total Exports;FOB Value (US$);Rwanda;European Union All Countries
May 2025;1901820394;7108 - Gold (including gold plated with platinum) unwrought or in semi-manufactured forms, or in powder form.;Total Exports;FOB Value (US$);DR Congo;SADC
May 2025;1901820394;71081200 - Gold (including gold plated with platinum) unwrought or in semi-manufactured forms, or in powder form.- Non-monetary:-- Other unwrought forms;Total Exports;FOB Value (US$);DR Congo;SADC
Jun 2025;1908272191;26 - Ores, slag and ash.;Total Exports;FOB Value (US$);United Republic of Tanzania;ASEAN
Jun 2025;1908272191;2603 - Copper ores and concentrates.;Total Exports;FOB Value (US$);United Republic of Tanzania;ASEAN
Aug 2021;1908479998;2603 - Copper ores and concentrates.;Total Exports;FOB Value (US$);DR Congo;European Union All Countries
Aug 2023;1908943179;26 - Ores, slag and ash.;Total Exports;FOB Value (US$);Kenya;European Union All Countries
Jul 2022;1918205329;2609 - Tin ores and concentrates.;Total Exports;FOB Value (US$);Rwanda;ASEAN
Apr 2021;1919400634;26 - Ores, slag and ash.;Total Exports;FOB Value (US$);Kenya;SADC
Feb 2022;1920410599;26 - Ores, slag and ash.;Total Exports;FOB Value (US$);Rwanda;European Union All Countries
Aug 2023;1920788917;26 - Ores, slag and ash.;Total Imports;CIF Value (US$);Kenya;SADC
May 2023;1923394225;26 - Ores, slag and ash.;Total Imports;CIF Value (US$);Kenya;SADC
May 2023;1923394225;2606 - Aluminium ores and concentrates.;Total Imports;CIF Value (US$);Kenya;SADC
Dec 2024;1923711934;7108 - Gold (including gold plated with platinum) unwrought or in semi-manufactured forms, or in powder form.;Total Imports;CIF Value (US$);Uganda;SADC
Dec 2024;1923711934;71081200 - Gold (including gold plated with platinum) unwrought or in semi-manufactured forms, or in powder form.- Non-monetary:-- Other unwrought forms;Total Imports;CIF Value (US$);Uganda;SADC
Aug 2023;1927432965;7108 - Gold (including gold plated with platinum) unwrought or in semi-manufactured forms, or in powder form.;Total Imports;CIF Value (US$);Uganda;SADC
Nov 2022;1931723195;26 - Ores, slag and ash.;Total Exports;FOB Value (US$);United Republic of Tanzania;ASEAN
Nov 2022;1931723195;2603 - Copper ores and concentrates.;Total Exports;FOB Value (US$);United Republic of Tanzania;ASEAN
Mar 2025;1933216021;26 - Ores, slag and ash.;Total Imports;CIF Value (US$);Kenya;SADC
May 2024;1935990419;7108 - Gold (including gold plated with platinum) unwrought or in semi-manufactured forms, or in powder form.;Total Exports;FOB Value (US$);United Republic of Tanzania;SADC
May 2024;1935990419;71081200 - Gold (including gold plated with platinum) unwrought or in semi-manufactured forms, or in powder form.- Non-monetary:-- Other unwrought forms;Total Exports;FOB Value (US$);United Republic of Tanzania;SADC
Aug 2023;1937364985;26 - Ores, slag and ash.;Total Exports;FOB Value (US$);Rwanda;ASEAN
Aug 2023;1937364985;2609 - Tin ores and concentrates.;Total Exports;FOB Value (US$);Rwanda;ASEAN
Nov 2020;1938476719;2616 - Precious metal ores and concentrates.;Total Exports;FOB Value (US$);United Republic of Tanzania;European Union All Countries
Mar 2020;1938979993;26 - Ores, slag and ash.;Total Exports;FOB Value (US$);DR Congo;ASEAN
Feb 2022;1940593984;2609 - Tin ores and concentrates.;Total Exports;FOB Value (US$);Rwanda;ASEAN
Apr 2025;1941510793;2603 - Copper ores and concentrates.;Total Exports;FOB Value (US$);DR Congo;SADC
Feb 2025;1943954659;2609 - Tin ores and concentrates.;Total Exports;FOB Value (US$);Rwanda;European Union All Countries
Aug 2022;1949574707;26 - Ores, slag and ash.;Total Exports;FOB Value (US$);DR Congo;ASEAN
Dec 2023;1956481169;2614 - Titanium ores and concentrates.;Total Exports;FOB Value (US$);Kenya;European Union All Countries
Dec 2021;1956972438;2609 - Tin ores and concentrates.;Total Exports;FOB Value (US$);Rwanda;ASEAN
May 2025;1959652028;2609 - Tin ores and concentrates.;Total Exports;FOB Value (US$);Rwanda;European Union All Countries
Oct 2023;1960623105;26 - Ores, slag and ash.;Total Exports;FOB Value (US$);Rwanda;ASEAN
Oct 2023;1960623105;2609 - Tin ores and concentrates.;Total Exports;FOB Value (US$);Rwanda;ASEAN
Nov 2021;1968416969;2609 - Tin ores and concentrates.;Total Exports;FOB Value (US$);Rwanda;ASEAN
Jun 2022;1969632297;2609 - Tin ores and concentrates.;Total Exports;FOB Value (US$);Rwanda;ASEAN
Jun 2023;1980484375;26 - Ores, slag and ash.;Total Exports;FOB Value (US$);Kenya;European Union All Countries
Apr 2024;1987448506;71081200 - Gold (including gold plated with platinum) unwrought or in semi-manufactured forms, or in powder form.- Non-monetary:-- Other unwrought forms;Total Exports;FOB Value (US$);Kenya;SADC
Nov 2021;1993686348;26 - Ores, slag and ash.;Total Exports;FOB Value (US$);Rwanda;European Union All Countries
Dec 2024;2000982808;7108 - Gold (including gold plated with platinum) unwrought or in semi-manufactured forms, or in powder form.;Total Exports;FOB Value (US$);Kenya;SADC
Dec 2024;2000982808;71081300 - Gold (including gold plated with platinum) unwrought or in semi-manufactured forms, or in powder form.- Non-monetary:-- Other semi-manufactured forms;Total Exports;FOB Value (US$);Kenya;SADC
Feb 2024;2007580367;2614 - Titanium ores and concentrates.;Total Exports;FOB Value (US$);Kenya;European Union All Countries
Apr 2024;2008699301;71081300 - Gold (including gold plated with platinum) unwrought or in semi-manufactured forms, or in powder form.- Non-monetary:-- Other semi-manufactured forms;Total Exports;FOB Value (US$);Kenya;SADC
Mar 2023;2010224198;2603 - Copper ores and concentrates.;Total Exports;FOB Value (US$);United Republic of Tanzania;ASEAN
Mar 2023;2010384198;26 - Ores, slag and ash.;Total Exports;FOB Value (US$);United Republic of Tanzania;ASEAN
Oct 2023;2014999985;26 - Ores, slag and ash.;Total Exports;FOB Value (US$);United Republic of Tanzania;SADC
Oct 2023;2014999985;2603 - Copper ores and concentrates.;Total Exports;FOB Value (US$);United Republic of Tanzania;SADC
Sep 2024;2020353382;2609 - Tin ores and concentrates.;Total Exports;FOB Value (US$);Rwanda;European Union All Countries
Mar 2025;2020747488;2603 - Copper ores and concentrates.;Total Exports;FOB Value (US$);DR Congo;ASEAN
Sep 2023;2022971219;26 - Ores, slag and ash.;Total Exports;FOB Value (US$);United Republic of Tanzania;SADC
Nov 2024;2024864366;7108 - Gold (including gold plated with platinum) unwrought or in semi-manufactured forms, or in powder form.;Total Exports;FOB Value (US$);Kenya;SADC
Nov 2024;2024864366;71081300 - Gold (including gold plated with platinum) unwrought or in semi-manufactured forms, or in powder form.- Non-monetary:-- Other semi-manufactured forms;Total Exports;FOB Value (US$);Kenya;SADC
May 2025;2028262724;2603 - Copper ores and concentrates.;Total Exports;FOB Value (US$);DR Congo;SADC
Jul 2024;2028725353;7108 - Gold (including gold plated with platinum) unwrought or in semi-manufactured forms, or in powder form.;Total Exports;FOB Value (US$);United Republic of Tanzania;SADC
Jul 2024;2028725353;71081200 - Gold (including gold plated with platinum) unwrought or in semi-manufactured forms, or in powder form.- Non-monetary:-- Other unwrought forms;Total Exports;FOB Value (US$);United Republic of Tanzania;SADC
Aug 2022;2030000001;2504 - Natural graphite.;Total Exports;FOB Value (US$);United Republic of Tanzania;SADC
Feb 2025;2030000008;26 - Ores, slag and ash.;Total Exports;FOB Value (US$);United Republic of Tanzania;European Union All Countries
Apr 2025;2032284798;7108 - Gold (including gold plated with platinum) unwrought or in semi-manufactured forms, or in powder form.;Total Exports;FOB Value (US$);DR Congo;SADC
Apr 2025;2032284798;71081200 - Gold (including gold plated with platinum) unwrought or in semi-manufactured forms, or in powder form.- Non-monetary:-- Other unwrought forms;Total Exports;FOB Value (US$);DR Congo;SADC
Jul 2020;2040519769;2609 - Tin ores and concentrates.;Total Exports;FOB Value (US$);Rwanda;European Union All Countries
Nov 2023;2041478786;71081200 - Gold (including gold plated with platinum) unwrought or in semi-manufactured forms, or in powder form.- Non-monetary:-- Other unwrought forms;Total Imports;CIF Value (US$);Uganda;SADC
Mar 2022;2043084059;2603 - Copper ores and concentrates.;Total Exports;FOB Value (US$);DR Congo;SADC
Oct 2025;2043347860;7108 - Gold (including gold plated with platinum) unwrought or in semi-manufactured forms, or in powder form.;Total Exports;FOB Value (US$);United Republic of Tanzania;SADC
Oct 2025;2043347860;71081200 - Gold (including gold plated with platinum) unwrought or in semi-manufactured forms, or in powder form.- Non-monetary:-- Other unwrought forms;Total Exports;FOB Value (US$);United Republic of Tanzania;SADC
Dec 2021;2051660522;26 - Ores, slag and ash.;Total Exports;FOB Value (US$);United Republic of Tanzania;ASEAN
Jun 2021;2054631984;26 - Ores, slag and ash.;Total Exports;FOB Value (US$);Rwanda;ASEAN
Aug 2024;2060103116;7108 - Gold (including gold plated with platinum) unwrought or in semi-manufactured forms, or in powder form.;Total Exports;FOB Value (US$);Kenya;SADC
Aug 2024;2060103116;71081300 - Gold (including gold plated with platinum) unwrought or in semi-manufactured forms, or in powder form.- Non-monetary:-- Other semi-manufactured forms;Total Exports;FOB Value (US$);Kenya;SADC
Jun 2025;2060553241;26 - Ores, slag and ash.;Total Imports;CIF Value (US$);Kenya;European Union All Countries
Jul 2025;2063622336;2504 - Natural graphite.;Total Exports;FOB Value (US$);United Republic of Tanzania;SADC
May 2024;2068241088;7108 - Gold (including gold plated with platinum) unwrought or in semi-manufactured forms, or in powder form.;Total Imports;CIF Value (US$);Uganda;SADC
May 2024;2068241088;71081200 - Gold (including gold plated with platinum) unwrought or in semi-manufactured forms, or in powder form.- Non-monetary:-- Other unwrought forms;Total Imports;CIF Value (US$);Uganda;SADC
May 2024;2072214959;26 - Ores, slag and ash.;Total Exports;FOB Value (US$);Kenya;European Union All Countries
Mar 2022;2073178804;26 - Ores, slag and ash.;Total Exports;FOB Value (US$);Rwanda;European Union All Countries
Aug 2022;2073786253;2609 - Tin ores and concentrates.;Total Exports;FOB Value (US$);DR Congo;SADC
Jun 2021;2078700000;71081200 - Gold (including gold plated with platinum) unwrought or in semi-manufactured forms, or in powder form.- Non-monetary:-- Other unwrought forms;Total Imports;CIF Value (US$);Uganda;SADC
Sep 2022;2078855079;2504 - Natural graphite.;Total Imports;CIF Value (US$);Rwanda;European Union All Countries
Apr 2020;2081228737;2603 - Copper ores and concentrates.;Total Imports;CIF Value (US$);DR Congo;SADC
Feb 2020;2082519123;7108 - Gold (including gold plated with platinum) unwrought or in semi-manufactured forms, or in powder form.;Total Exports;FOB Value (US$);Kenya;SADC
Feb 2020;2082519123;71081300 - Gold (including gold plated with platinum) unwrought or in semi-manufactured forms, or in powder form.- Non-monetary:-- Other semi-manufactured forms;Total Exports;FOB Value (US$);Kenya;SADC
Feb 2024;2085812316;26 - Ores, slag and ash.;Total Exports;FOB Value (US$);Kenya;ASEAN
Nov 2023;2086426363;26 - Ores, slag and ash.;Total Exports;FOB Value (US$);DR Congo;SADC
Mar 2024;2092246574;7108 - Gold (including gold plated with platinum) unwrought or in semi-manufactured forms, or in powder form.;Total Exports;FOB Value (US$);Kenya;SADC
Mar 2024;2092246574;71081300 - Gold (including gold plated with platinum) unwrought or in semi-manufactured forms, or in powder form.- Non-monetary:-- Other semi-manufactured forms;Total Exports;FOB Value (US$);Kenya;SADC
Jun 2021;2095324062;7108 - Gold (including gold plated with platinum) unwrought or in semi-manufactured forms, or in powder form.;Total Exports;FOB Value (US$);DR Congo;ASEAN
Jun 2021;2095324062;71081200 - Gold (including gold plated with platinum) unwrought or in semi-manufactured forms, or in powder form.- Non-monetary:-- Other unwrought forms;Total Exports;FOB Value (US$);DR Congo;ASEAN
Jan 2024;2101275033;26 - Ores, slag and ash.;Total Exports;FOB Value (US$);Rwanda;ASEAN
Jan 2024;2101275033;2609 - Tin ores and concentrates.;Total Exports;FOB Value (US$);Rwanda;ASEAN
Dec 2023;2101985127;26 - Ores, slag and ash.;Total Exports;FOB Value (US$);DR Congo;SADC
Feb 2025;2102373426;7108 - Gold (including gold plated with platinum) unwrought or in semi-manufactured forms, or in powder form.;Total Imports;CIF Value (US$);Uganda;SADC
Feb 2025;2102373426;71081200 - Gold (including gold plated with platinum) unwrought or in semi-manufactured forms, or in powder form.- Non-monetary:-- Other unwrought forms;Total Imports;CIF Value (US$);Uganda;SADC
Jul 2024;2105601354;7108 - Gold (including gold plated with platinum) unwrought or in semi-manufactured forms, or in powder form.;Total Imports;CIF Value (US$);Uganda;SADC
Jul 2024;2105601354;71081200 - Gold (including gold plated with platinum) unwrought or in semi-manufactured forms, or in powder form.- Non-monetary:-- Other unwrought forms;Total Imports;CIF Value (US$);Uganda;SADC
Jan 2025;2117914966;2609 - Tin ores and concentrates.;Total Exports;FOB Value (US$);Rwanda;ASEAN
Nov 2022;2121366325;26 - Ores, slag and ash.;Total Exports;FOB Value (US$);Rwanda;ASEAN
Jun 2024;2128527851;2504 - Natural graphite.;Total Exports;FOB Value (US$);United Republic of Tanzania;ASEAN
Jul 2020;2129405646;26 - Ores, slag and ash.;Total Exports;FOB Value (US$);Rwanda;ASEAN
Apr 2025;2131578909;2603 - Copper ores and concentrates.;Total Exports;FOB Value (US$);United Republic of Tanzania;ASEAN
Apr 2025;2133419009;26 - Ores, slag and ash.;Total Exports;FOB Value (US$);United Republic of Tanzania;ASEAN
May 2020;2134840844;26 - Ores, slag and ash.;Total Exports;FOB Value (US$);Rwanda;ASEAN
May 2020;2134840844;2609 - Tin ores and concentrates.;Total Exports;FOB Value (US$);Rwanda;ASEAN
Feb 2024;2136489489;26 - Ores, slag and ash.;Total Exports;FOB Value (US$);Kenya;European Union All Countries
Oct 2020;2139459998;26 - Ores, slag and ash.;Total Exports;FOB Value (US$);DR Congo;ASEAN
May 2025;2139475269;7106 - Silver (including silver plated with gold or platinum), unwrought or in semi-manufactured forms, or in powder form.;Total Imports;CIF Value (US$);DR Congo;SADC
May 2025;2139475269;71069200 - Silver (including silver plated with gold or platinum), unwrought or in semi-manufactured forms, or in powder form.- Other:-- Semi-manufactured;Total Imports;CIF Value (US$);DR Congo;SADC
Jan 2020;2141650724;26 - Ores, slag and ash.;Total Exports;FOB Value (US$);Kenya;ASEAN
Jan 2020;2141650724;2614 - Titanium ores and concentrates.;Total Exports;FOB Value (US$);Kenya;ASEAN
Aug 2021;2145858862;26 - Ores, slag and ash.;Total Exports;FOB Value (US$);Rwanda;European Union All Countries
Aug 2025;2148379466;7108 - Gold (including gold plated with platinum) unwrought or in semi-manufactured forms, or in powder form.;Total Exports;FOB Value (US$);DR Congo;SADC
Aug 2025;2148379466;71081200 - Gold (including gold plated with platinum) unwrought or in semi-manufactured forms, or in powder form.- Non-monetary:-- Other unwrought forms;Total Exports;FOB Value (US$);DR Congo;SADC
Apr 2023;2151745604;26 - Ores, slag and ash.;Total Exports;FOB Value (US$);Kenya;ASEAN
Apr 2023;2151745604;2614 - Titanium ores and concentrates.;Total Exports;FOB Value (US$);Kenya;ASEAN
May 2020;2152606476;2504 - Natural graphite.;Total Imports;CIF Value (US$);Kenya;European Union All Countries
Nov 2023;2172443433;2614 - Titanium ores and concentrates.;Total Exports;FOB Value (US$);Kenya;ASEAN
Oct 2023;2176083442;2614 - Titanium ores and concentrates.;Total Exports;FOB Value (US$);Kenya;ASEAN
Apr 2021;2180350004;2609 - Tin ores and concentrates.;Total Exports;FOB Value (US$);DR Congo;European Union All Countries
Jul 2025;2185369952;7108 - Gold (including gold plated with platinum) unwrought or in semi-manufactured forms, or in powder form.;Total Exports;FOB Value (US$);United Republic of Tanzania;SADC
Jul 2025;2185369952;71081200 - Gold (including gold plated with platinum) unwrought or in semi-manufactured forms, or in powder form.- Non-monetary:-- Other unwrought forms;Total Exports;FOB Value (US$);United Republic of Tanzania;SADC
Jan 2025;2189811735;7108 - Gold (including gold plated with platinum) unwrought or in semi-manufactured forms, or in powder form.;Total Exports;FOB Value (US$);United Republic of Tanzania;SADC
Jan 2025;2189811735;71081200 - Gold (including gold plated with platinum) unwrought or in semi-manufactured forms, or in powder form.- Non-monetary:-- Other unwrought forms;Total Exports;FOB Value (US$);United Republic of Tanzania;SADC
Feb 2022;2190793939;2614 - Titanium ores and concentrates.;Total Exports;FOB Value (US$);Kenya;ASEAN
Mar 2025;2193963471;26 - Ores, slag and ash.;Total Exports;FOB Value (US$);DR Congo;ASEAN
Jun 2025;2194262007;7108 - Gold (including gold plated with platinum) unwrought or in semi-manufactured forms, or in powder form.;Total Exports;FOB Value (US$);DR Congo;SADC
Jun 2025;2194262007;71081200 - Gold (including gold plated with platinum) unwrought or in semi-manufactured forms, or in powder form.- Non-monetary:-- Other unwrought forms;Total Exports;FOB Value (US$);DR Congo;SADC
Jun 2021;2194999998;26 - Ores, slag and ash.;Total Exports;FOB Value (US$);DR Congo;ASEAN
Sep 2020;2198911887;2614 - Titanium ores and concentrates.;Total Exports;FOB Value (US$);Kenya;European Union All Countries
Apr 2024;2207444151;7108 - Gold (including gold plated with platinum) unwrought or in semi-manufactured forms, or in powder form.;Total Exports;FOB Value (US$);Kenya;SADC
Dec 2024;2207509524;2608 - Zinc ores and concentrates.;Total Exports;FOB Value (US$);DR Congo;SADC
Jun 2025;2207906245;2603 - Copper ores and concentrates.;Total Exports;FOB Value (US$);DR Congo;European Union All Countries
Dec 2023;2212257081;2504 - Natural graphite.;Total Exports;FOB Value (US$);United Republic of Tanzania;ASEAN
Oct 2021;2212311948;7108 - Gold (including gold plated with platinum) unwrought or in semi-manufactured forms, or in powder form.;Total Exports;FOB Value (US$);Kenya;SADC
Oct 2021;2212311948;71081300 - Gold (including gold plated with platinum) unwrought or in semi-manufactured forms, or in powder form.- Non-monetary:-- Other semi-manufactured forms;Total Exports;FOB Value (US$);Kenya;SADC
Sep 2020;2222515989;2603 - Copper ores and concentrates.;Total Imports;CIF Value (US$);DR Congo;SADC
Jul 2020;2223333661;26 - Ores, slag and ash.;Total Imports;CIF Value (US$);Kenya;SADC
Oct 2020;2230320003;2609 - Tin ores and concentrates.;Total Exports;FOB Value (US$);DR Congo;European Union All Countries
Dec 2021;2238375641;26 - Ores, slag and ash.;Total Exports;FOB Value (US$);Rwanda;European Union All Countries
Aug 2025;2247471868;26 - Ores, slag and ash.;Total Exports;FOB Value (US$);United Republic of Tanzania;European Union All Countries
Aug 2025;2247471868;2609 - Tin ores and concentrates.;Total Exports;FOB Value (US$);United Republic of Tanzania;European Union All Countries
Jul 2020;2249394383;2614 - Titanium ores and concentrates.;Total Exports;FOB Value (US$);Kenya;ASEAN
Mar 2024;2249722599;26 - Ores, slag and ash.;Total Imports;CIF Value (US$);Rwanda;SADC
Mar 2024;2249722599;2609 - Tin ores and concentrates.;Total Imports;CIF Value (US$);Rwanda;SADC
Nov 2021;2257402696;26 - Ores, slag and ash.;Total Exports;FOB Value (US$);DR Congo;European Union All Countries
Dec 2022;2260319256;7108 - Gold (including gold plated with platinum) unwrought or in semi-manufactured forms, or in powder form.;Total Imports;CIF Value (US$);Rwanda;SADC
Dec 2022;2260319256;71081200 - Gold (including gold plated with platinum) unwrought or in semi-manufactured forms, or in powder form.- Non-monetary:-- Other unwrought forms;Total Imports;CIF Value (US$);Rwanda;SADC
Feb 2025;2262902144;7108 - Gold (including gold plated with platinum) unwrought or in semi-manufactured forms, or in powder form.;Total Exports;FOB Value (US$);United Republic of Tanzania;SADC
Feb 2025;2262902144;71081200 - Gold (including gold plated with platinum) unwrought or in semi-manufactured forms, or in powder form.- Non-monetary:-- Other unwrought forms;Total Exports;FOB Value (US$);United Republic of Tanzania;SADC
Feb 2022;2265626856;26 - Ores, slag and ash.;Total Imports;CIF Value (US$);Kenya;ASEAN
Sep 2020;2268308287;26 - Ores, slag and ash.;Total Imports;CIF Value (US$);DR Congo;SADC
Nov 2024;2268927098;7108 - Gold (including gold plated with platinum) unwrought or in semi-manufactured forms, or in powder form.;Total Exports;FOB Value (US$);United Republic of Tanzania;SADC
Nov 2024;2268927098;71081200 - Gold (including gold plated with platinum) unwrought or in semi-manufactured forms, or in powder form.- Non-monetary:-- Other unwrought forms;Total Exports;FOB Value (US$);United Republic of Tanzania;SADC
Jul 2024;2272925968;2504 - Natural graphite.;Total Exports;FOB Value (US$);United Republic of Tanzania;SADC
Nov 2021;2273226966;7108 - Gold (including gold plated with platinum) unwrought or in semi-manufactured forms, or in powder form.;Total Exports;FOB Value (US$);Kenya;SADC
Nov 2021;2273226966;71081300 - Gold (including gold plated with platinum) unwrought or in semi-manufactured forms, or in powder form.- Non-monetary:-- Other semi-manufactured forms;Total Exports;FOB Value (US$);Kenya;SADC
Sep 2021;2273869731;26 - Ores, slag and ash.;Total Exports;FOB Value (US$);Rwanda;SADC
Sep 2024;2283476245;7108 - Gold (including gold plated with platinum) unwrought or in semi-manufactured forms, or in powder form.;Total Exports;FOB Value (US$);United Republic of Tanzania;SADC
Sep 2024;2283476245;71081200 - Gold (including gold plated with platinum) unwrought or in semi-manufactured forms, or in powder form.- Non-monetary:-- Other unwrought forms;Total Exports;FOB Value (US$);United Republic of Tanzania;SADC
Nov 2023;2283886533;7108 - Gold (including gold plated with platinum) unwrought or in semi-manufactured forms, or in powder form.;Total Imports;CIF Value (US$);Uganda;SADC
Jul 2023;2286020690;26 - Ores, slag and ash.;Total Exports;FOB Value (US$);DR Congo;SADC
Sep 2020;2294194365;26 - Ores, slag and ash.;Total Exports;FOB Value (US$);Kenya;European Union All Countries
Mar 2025;2299479347;7108 - Gold (including gold plated with platinum) unwrought or in semi-manufactured forms, or in powder form.;Total Exports;FOB Value (US$);United Republic of Tanzania;SADC
Mar 2025;2299479347;71081200 - Gold (including gold plated with platinum) unwrought or in semi-manufactured forms, or in powder form.- Non-monetary:-- Other unwrought forms;Total Exports;FOB Value (US$);United Republic of Tanzania;SADC
Nov 2022;2305740468;7108 - Gold (including gold plated with platinum) unwrought or in semi-manufactured forms, or in powder form.;Total Exports;FOB Value (US$);Kenya;SADC
Nov 2022;2305740468;71081300 - Gold (including gold plated with platinum) unwrought or in semi-manufactured forms, or in powder form.- Non-monetary:-- Other semi-manufactured forms;Total Exports;FOB Value (US$);Kenya;SADC
Aug 2020;2306826005;26 - Ores, slag and ash.;Total Exports;FOB Value (US$);DR Congo;European Union All Countries
Oct 2025;2308250778;26 - Ores, slag and ash.;Total Exports;FOB Value (US$);United Republic of Tanzania;ASEAN
Oct 2025;2308250778;2603 - Copper ores and concentrates.;Total Exports;FOB Value (US$);United Republic of Tanzania;ASEAN
Dec 2024;2314136117;7108 - Gold (including gold plated with platinum) unwrought or in semi-manufactured forms, or in powder form.;Total Exports;FOB Value (US$);United Republic of Tanzania;SADC
Dec 2024;2314136117;71081200 - Gold (including gold plated with platinum) unwrought or in semi-manufactured forms, or in powder form.- Non-monetary:-- Other unwrought forms;Total Exports;FOB Value (US$);United Republic of Tanzania;SADC
Feb 2020;2315131637;7110 - Platinum, unwrought or in semi-manufactured forms, or in powder form.;Total Imports;CIF Value (US$);Kenya;European Union All Countries
Jun 2022;2318929849;26 - Ores, slag and ash.;Total Exports;FOB Value (US$);DR Congo;SADC
Mar 2025;2325975015;7108 - Gold (including gold plated with platinum) unwrought or in semi-manufactured forms, or in powder form.;Total Imports;CIF Value (US$);Uganda;SADC
Mar 2025;2325975015;71081200 - Gold (including gold plated with platinum) unwrought or in semi-manufactured forms, or in powder form.- Non-monetary:-- Other unwrought forms;Total Imports;CIF Value (US$);Uganda;SADC
Dec 2024;2338923779;2608 - Zinc ores and concentrates.;Total Exports;FOB Value (US$);Kenya;ASEAN
May 2025;2341544751;26 - Ores, slag and ash.;Total Imports;CIF Value (US$);Kenya;European Union All Countries
May 2025;2341544751;2606 - Aluminium ores and concentrates.;Total Imports;CIF Value (US$);Kenya;European Union All Countries
May 2023;2349361761;26 - Ores, slag and ash.;Total Exports;FOB Value (US$);Rwanda;European Union All Countries
Aug 2020;2360632991;26 - Ores, slag and ash.;Total Exports;FOB Value (US$);Rwanda;European Union All Countries
Jul 2021;2362165314;7108 - Gold (including gold plated with platinum) unwrought or in semi-manufactured forms, or in powder form.;Total Imports;CIF Value (US$);Rwanda;SADC
Jul 2021;2362165314;71081200 - Gold (including gold plated with platinum) unwrought or in semi-manufactured forms, or in powder form.- Non-monetary:-- Other unwrought forms;Total Imports;CIF Value (US$);Rwanda;SADC
Feb 2025;2362821554;2609 - Tin ores and concentrates.;Total Exports;FOB Value (US$);Rwanda;ASEAN
Feb 2025;2365458696;26 - Ores, slag and ash.;Total Exports;FOB Value (US$);Rwanda;ASEAN
Oct 2024;2380656161;7108 - Gold (including gold plated with platinum) unwrought or in semi-manufactured forms, or in powder form.;Total Exports;FOB Value (US$);United Republic of Tanzania;SADC
Oct 2024;2380656161;71081200 - Gold (including gold plated with platinum) unwrought or in semi-manufactured forms, or in powder form.- Non-monetary:-- Other unwrought forms;Total Exports;FOB Value (US$);United Republic of Tanzania;SADC
Jul 2020;2382215907;2603 - Copper ores and concentrates.;Total Imports;CIF Value (US$);DR Congo;SADC
Jul 2020;2394960851;26 - Ores, slag and ash.;Total Exports;FOB Value (US$);Kenya;ASEAN
Oct 2022;2395031496;26 - Ores, slag and ash.;Total Exports;FOB Value (US$);Kenya;ASEAN
Oct 2022;2395031496;2614 - Titanium ores and concentrates.;Total Exports;FOB Value (US$);Kenya;ASEAN
Mar 2020;2395744999;26 - Ores, slag and ash.;Total Exports;FOB Value (US$);Kenya;European Union All Countries
Aug 2025;2406965336;26 - Ores, slag and ash.;Total Imports;CIF Value (US$);Kenya;European Union All Countries
Jul 2020;2412346936;7108 - Gold (including gold plated with platinum) unwrought or in semi-manufactured forms, or in powder form.;Total Imports;CIF Value (US$);Rwanda;SADC
Jul 2020;2412346936;71081200 - Gold (including gold plated with platinum) unwrought or in semi-manufactured forms, or in powder form.- Non-monetary:-- Other unwrought forms;Total Imports;CIF Value (US$);Rwanda;SADC
Oct 2022;2421469855;7108 - Gold (including gold plated with platinum) unwrought or in semi-manufactured forms, or in powder form.;Total Imports;CIF Value (US$);Rwanda;SADC
Oct 2022;2421469855;71081200 - Gold (including gold plated with platinum) unwrought or in semi-manufactured forms, or in powder form.- Non-monetary:-- Other unwrought forms;Total Imports;CIF Value (US$);Rwanda;SADC
Nov 2023;2424077463;71081300 - Gold (including gold plated with platinum) unwrought or in semi-manufactured forms, or in powder form.- Non-monetary:-- Other semi-manufactured forms;Total Imports;CIF Value (US$);Uganda;SADC
May 2022;2428260141;2609 - Tin ores and concentrates.;Total Exports;FOB Value (US$);United Republic of Tanzania;SADC
Apr 2024;2429999999;26 - Ores, slag and ash.;Total Exports;FOB Value (US$);United Republic of Tanzania;SADC
Apr 2024;2429999999;2603 - Copper ores and concentrates.;Total Exports;FOB Value (US$);United Republic of Tanzania;SADC
Jan 2021;2433410892;26 - Ores, slag and ash.;Total Imports;CIF Value (US$);Kenya;SADC
Jan 2021;2433410892;2606 - Aluminium ores and concentrates.;Total Imports;CIF Value (US$);Kenya;SADC
Feb 2024;2441837636;2609 - Tin ores and concentrates.;Total Imports;CIF Value (US$);United Republic of Tanzania;SADC
Dec 2022;2443954064;26 - Ores, slag and ash.;Total Exports;FOB Value (US$);DR Congo;SADC
Apr 2020;2447344898;26 - Ores, slag and ash.;Total Exports;FOB Value (US$);Kenya;ASEAN
Dec 2021;2453920635;7108 - Gold (including gold plated with platinum) unwrought or in semi-manufactured forms, or in powder form.;Total Exports;FOB Value (US$);Kenya;SADC
Dec 2021;2453920635;71081300 - Gold (including gold plated with platinum) unwrought or in semi-manufactured forms, or in powder form.- Non-monetary:-- Other semi-manufactured forms;Total Exports;FOB Value (US$);Kenya;SADC
Jun 2025;2459462243;2608 - Zinc ores and concentrates.;Total Exports;FOB Value (US$);DR Congo;SADC
Nov 2020;2461920373;26 - Ores, slag and ash.;Total Exports;FOB Value (US$);Rwanda;ASEAN
Feb 2025;2466409732;26 - Ores, slag and ash.;Total Exports;FOB Value (US$);DR Congo;ASEAN
May 2025;2472211217;26 - Ores, slag and ash.;Total Exports;FOB Value (US$);Kenya;European Union All Countries
Oct 2022;2477638837;26 - Ores, slag and ash.;Total Exports;FOB Value (US$);Rwanda;European Union All Countries
Dec 2023;2489499345;2609 - Tin ores and concentrates.;Total Exports;FOB Value (US$);Rwanda;European Union All Countries
Jan 2025;2496080146;26 - Ores, slag and ash.;Total Exports;FOB Value (US$);Rwanda;ASEAN
Jun 2025;2496138846;26 - Ores, slag and ash.;Total Exports;FOB Value (US$);DR Congo;European Union All Countries
Mar 2025;2497981829;2608 - Zinc ores and concentrates.;Total Exports;FOB Value (US$);Kenya;ASEAN
Aug 2025;2501828921;26 - Ores, slag and ash.;Total Exports;FOB Value (US$);United Republic of Tanzania;ASEAN
Aug 2025;2501828921;2603 - Copper ores and concentrates.;Total Exports;FOB Value (US$);United Republic of Tanzania;ASEAN
Jan 2021;2503379977;26 - Ores, slag and ash.;Total Exports;FOB Value (US$);DR Congo;SADC
Jan 2021;2503379977;2603 - Copper ores and concentrates.;Total Exports;FOB Value (US$);DR Congo;SADC
Aug 2022;2504861868;26 - Ores, slag and ash.;Total Exports;FOB Value (US$);Kenya;European Union All Countries
May 2025;2508679077;7108 - Gold (including gold plated with platinum) unwrought or in semi-manufactured forms, or in powder form.;Total Imports;CIF Value (US$);Uganda;SADC
May 2025;2508679077;71081200 - Gold (including gold plated with platinum) unwrought or in semi-manufactured forms, or in powder form.- Non-monetary:-- Other unwrought forms;Total Imports;CIF Value (US$);Uganda;SADC
Feb 2022;2510468213;7108 - Gold (including gold plated with platinum) unwrought or in semi-manufactured forms, or in powder form.;Total Imports;CIF Value (US$);Rwanda;SADC
Feb 2022;2510468213;71081200 - Gold (including gold plated with platinum) unwrought or in semi-manufactured forms, or in powder form.- Non-monetary:-- Other unwrought forms;Total Imports;CIF Value (US$);Rwanda;SADC
Mar 2024;2513777739;7108 - Gold (including gold plated with platinum) unwrought or in semi-manufactured forms, or in powder form.;Total Imports;CIF Value (US$);Uganda;SADC
Mar 2024;2513777739;71081200 - Gold (including gold plated with platinum) unwrought or in semi-manufactured forms, or in powder form.- Non-monetary:-- Other unwrought forms;Total Imports;CIF Value (US$);Uganda;SADC
May 2021;2522807534;2614 - Titanium ores and concentrates.;Total Exports;FOB Value (US$);Kenya;European Union All Countries
Apr 2025;2525806115;7108 - Gold (including gold plated with platinum) unwrought or in semi-manufactured forms, or in powder form.;Total Exports;FOB Value (US$);Kenya;SADC
Apr 2025;2525806115;71081300 - Gold (including gold plated with platinum) unwrought or in semi-manufactured forms, or in powder form.- Non-monetary:-- Other semi-manufactured forms;Total Exports;FOB Value (US$);Kenya;SADC
May 2023;2529028592;26 - Ores, slag and ash.;Total Exports;FOB Value (US$);Rwanda;SADC
Sep 2023;2532987962;2603 - Copper ores and concentrates.;Total Imports;CIF Value (US$);Rwanda;SADC
Jan 2022;2534972089;26 - Ores, slag and ash.;Total Exports;FOB Value (US$);Kenya;European Union All Countries
Jul 2025;2536103144;2609 - Tin ores and concentrates.;Total Exports;FOB Value (US$);Rwanda;European Union All Countries
Sep 2025;2548061871;26 - Ores, slag and ash.;Total Exports;FOB Value (US$);United Republic of Tanzania;ASEAN
Sep 2025;2548061871;2603 - Copper ores and concentrates.;Total Exports;FOB Value (US$);United Republic of Tanzania;ASEAN
Oct 2022;2551619998;26 - Ores, slag and ash.;Total Exports;FOB Value (US$);DR Congo;ASEAN
May 2025;2558676213;7108 - Gold (including gold plated with platinum) unwrought or in semi-manufactured forms, or in powder form.;Total Exports;FOB Value (US$);Kenya;SADC
May 2025;2558676213;71081300 - Gold (including gold plated with platinum) unwrought or in semi-manufactured forms, or in powder form.- Non-monetary:-- Other semi-manufactured forms;Total Exports;FOB Value (US$);Kenya;SADC
Dec 2022;2572626076;2603 - Copper ores and concentrates.;Total Exports;FOB Value (US$);DR Congo;ASEAN
Jul 2023;2572930739;71081200 - Gold (including gold plated with platinum) unwrought or in semi-manufactured forms, or in powder form.- Non-monetary:-- Other unwrought forms;Total Imports;CIF Value (US$);Uganda;SADC
Feb 2022;2573426229;2606 - Aluminium ores and concentrates.;Total Imports;CIF Value (US$);Kenya;SADC
Oct 2024;2574519901;2609 - Tin ores and concentrates.;Total Exports;FOB Value (US$);Rwanda;European Union All Countries
Sep 2025;2576157095;7108 - Gold (including gold plated with platinum) unwrought or in semi-manufactured forms, or in powder form.;Total Exports;FOB Value (US$);United Republic of Tanzania;SADC
Sep 2025;2576157095;71081200 - Gold (including gold plated with platinum) unwrought or in semi-manufactured forms, or in powder form.- Non-monetary:-- Other unwrought forms;Total Exports;FOB Value (US$);United Republic of Tanzania;SADC
Jan 2021;2586268914;26 - Ores, slag and ash.;Total Exports;FOB Value (US$);Kenya;ASEAN
Jan 2021;2586268914;2614 - Titanium ores and concentrates.;Total Exports;FOB Value (US$);Kenya;ASEAN
Apr 2025;2591999999;26 - Ores, slag and ash.;Total Exports;FOB Value (US$);United Republic of Tanzania;SADC
Apr 2025;2591999999;2603 - Copper ores and concentrates.;Total Exports;FOB Value (US$);United Republic of Tanzania;SADC
May 2024;2597859173;2601 - Iron ores and concentrates, including roasted iron pyrites.;Total Imports;CIF Value (US$);United Republic of Tanzania;SADC
May 2024;2597859173;26012000 - Iron ores and concentrates, including roasted iron pyrites. - Roasted iron pyrites;Total Imports;CIF Value (US$);United Republic of Tanzania;SADC
Jul 2025;2601209022;7108 - Gold (including gold plated with platinum) unwrought or in semi-manufactured forms, or in powder form.;Total Exports;FOB Value (US$);Kenya;SADC
Jul 2025;2601209022;71081300 - Gold (including gold plated with platinum) unwrought or in semi-manufactured forms, or in powder form.- Non-monetary:-- Other semi-manufactured forms;Total Exports;FOB Value (US$);Kenya;SADC
Dec 2021;2604339175;26 - Ores, slag and ash.;Total Exports;FOB Value (US$);Rwanda;SADC
Jul 2025;2604962001;26 - Ores, slag and ash.;Total Imports;CIF Value (US$);Kenya;SADC
Sep 2024;2606281761;26 - Ores, slag and ash.;Total Exports;FOB Value (US$);Rwanda;SADC
Apr 2021;2611569208;26 - Ores, slag and ash.;Total Exports;FOB Value (US$);United Republic of Tanzania;SADC
Apr 2021;2611569208;2609 - Tin ores and concentrates.;Total Exports;FOB Value (US$);United Republic of Tanzania;SADC
Jan 2023;2634060282;2614 - Titanium ores and concentrates.;Total Exports;FOB Value (US$);Kenya;European Union All Countries
Jan 2025;2638203475;2603 - Copper ores and concentrates.;Total Exports;FOB Value (US$);DR Congo;ASEAN
Jun 2020;2643624802;26 - Ores, slag and ash.;Total Imports;CIF Value (US$);Kenya;SADC
May 2021;2649190909;26 - Ores, slag and ash.;Total Exports;FOB Value (US$);Rwanda;ASEAN
Aug 2025;2662518005;7108 - Gold (including gold plated with platinum) unwrought or in semi-manufactured forms, or in powder form.;Total Exports;FOB Value (US$);United Republic of Tanzania;SADC
Aug 2025;2662518005;71081200 - Gold (including gold plated with platinum) unwrought or in semi-manufactured forms, or in powder form.- Non-monetary:-- Other unwrought forms;Total Exports;FOB Value (US$);United Republic of Tanzania;SADC
Dec 2022;2663538554;26 - Ores, slag and ash.;Total Exports;FOB Value (US$);Kenya;European Union All Countries
Dec 2022;2666472522;7108 - Gold (including gold plated with platinum) unwrought or in semi-manufactured forms, or in powder form.;Total Imports;CIF Value (US$);Rwanda;European Union All Countries
Dec 2022;2666472522;71081300 - Gold (including gold plated with platinum) unwrought or in semi-manufactured forms, or in powder form.- Non-monetary:-- Other semi-manufactured forms;Total Imports;CIF Value (US$);Rwanda;European Union All Countries
Aug 2021;2675340006;2609 - Tin ores and concentrates.;Total Exports;FOB Value (US$);DR Congo;European Union All Countries
Jun 2025;2675429899;26 - Ores, slag and ash.;Total Imports;CIF Value (US$);DR Congo;SADC
Feb 2024;2675504808;26 - Ores, slag and ash.;Total Exports;FOB Value (US$);Kenya;SADC
Apr 2025;2676239673;26 - Ores, slag and ash.;Total Exports;FOB Value (US$);Kenya;European Union All Countries
Sep 2025;2680760776;7108 - Gold (including gold plated with platinum) unwrought or in semi-manufactured forms, or in powder form.;Total Exports;FOB Value (US$);DR Congo;SADC
Sep 2025;2680760776;71081200 - Gold (including gold plated with platinum) unwrought or in semi-manufactured forms, or in powder form.- Non-monetary:-- Other unwrought forms;Total Exports;FOB Value (US$);DR Congo;SADC
Nov 2023;2683753557;2609 - Tin ores and concentrates.;Total Exports;FOB Value (US$);DR Congo;ASEAN
Mar 2021;2686228136;26 - Ores, slag and ash.;Total Exports;FOB Value (US$);Kenya;ASEAN
Mar 2021;2686228136;2614 - Titanium ores and concentrates.;Total Exports;FOB Value (US$);Kenya;ASEAN
Mar 2025;2702675953;7108 - Gold (including gold plated with platinum) unwrought or in semi-manufactured forms, or in powder form.;Total Exports;FOB Value (US$);Kenya;SADC
Mar 2025;2702675953;71081300 - Gold (including gold plated with platinum) unwrought or in semi-manufactured forms, or in powder form.- Non-monetary:-- Other semi-manufactured forms;Total Exports;FOB Value (US$);Kenya;SADC
Apr 2023;2715142097;26 - Ores, slag and ash.;Total Exports;FOB Value (US$);Kenya;European Union All Countries
Nov 2023;2723102094;26 - Ores, slag and ash.;Total Exports;FOB Value (US$);Kenya;SADC
Apr 2024;2724529475;26 - Ores, slag and ash.;Total Exports;FOB Value (US$);Kenya;SADC
Dec 2021;2726631178;26 - Ores, slag and ash.;Total Exports;FOB Value (US$);Kenya;European Union All Countries
Sep 2021;2728155583;26 - Ores, slag and ash.;Total Exports;FOB Value (US$);Rwanda;ASEAN
Aug 2021;2731791136;2614 - Titanium ores and concentrates.;Total Exports;FOB Value (US$);Kenya;European Union All Countries
Sep 2025;2738516136;7108 - Gold (including gold plated with platinum) unwrought or in semi-manufactured forms, or in powder form.;Total Imports;CIF Value (US$);Uganda;SADC
Sep 2025;2738516136;71081200 - Gold (including gold plated with platinum) unwrought or in semi-manufactured forms, or in powder form.- Non-monetary:-- Other unwrought forms;Total Imports;CIF Value (US$);Uganda;SADC
Jul 2022;2739999999;26 - Ores, slag and ash.;Total Exports;FOB Value (US$);DR Congo;ASEAN
Jul 2025;2750055285;26 - Ores, slag and ash.;Total Exports;FOB Value (US$);Kenya;SADC
Dec 2021;2752474403;7108 - Gold (including gold plated with platinum) unwrought or in semi-manufactured forms, or in powder form.;Total Exports;FOB Value (US$);DR Congo;ASEAN
May 2025;2755608728;26 - Ores, slag and ash.;Total Exports;FOB Value (US$);United Republic of Tanzania;ASEAN
May 2025;2755608728;2603 - Copper ores and concentrates.;Total Exports;FOB Value (US$);United Republic of Tanzania;ASEAN
Jul 2021;2760166373;2614 - Titanium ores and concentrates.;Total Exports;FOB Value (US$);Kenya;ASEAN
Nov 2020;2761931465;26 - Ores, slag and ash.;Total Exports;FOB Value (US$);Kenya;ASEAN
Nov 2020;2761931465;2614 - Titanium ores and concentrates.;Total Exports;FOB Value (US$);Kenya;ASEAN
Aug 2024;2762397734;26 - Ores, slag and ash.;Total Exports;FOB Value (US$);Rwanda;ASEAN
Aug 2024;2762397734;2609 - Tin ores and concentrates.;Total Exports;FOB Value (US$);Rwanda;ASEAN
Jul 2024;2769454223;26 - Ores, slag and ash.;Total Imports;CIF Value (US$);Kenya;SADC
Apr 2024;2770445038;26 - Ores, slag and ash.;Total Imports;CIF Value (US$);Rwanda;SADC
Apr 2024;2770445038;2609 - Tin ores and concentrates.;Total Imports;CIF Value (US$);Rwanda;SADC
Aug 2022;2772914267;2614 - Titanium ores and concentrates.;Total Exports;FOB Value (US$);Kenya;European Union All Countries
Jul 2022;2774589037;26 - Ores, slag and ash.;Total Exports;FOB Value (US$);Rwanda;European Union All Countries
Sep 2024;2784596052;26 - Ores, slag and ash.;Total Exports;FOB Value (US$);Kenya;European Union All Countries
Jun 2024;2790801568;7108 - Gold (including gold plated with platinum) unwrought or in semi-manufactured forms, or in powder form.;Total Exports;FOB Value (US$);United Republic of Tanzania;European Union All Countries
Jun 2024;2790801568;71081200 - Gold (including gold plated with platinum) unwrought or in semi-manufactured forms, or in powder form.- Non-monetary:-- Other unwrought forms;Total Exports;FOB Value (US$);United Republic of Tanzania;European Union All Countries
Dec 2022;2791634794;2609 - Tin ores and concentrates.;Total Exports;FOB Value (US$);DR Congo;SADC
Sep 2025;2798680842;7108 - Gold (including gold plated with platinum) unwrought or in semi-manufactured forms, or in powder form.;Total Exports;FOB Value (US$);Kenya;SADC
Sep 2025;2798680842;71081300 - Gold (including gold plated with platinum) unwrought or in semi-manufactured forms, or in powder form.- Non-monetary:-- Other semi-manufactured forms;Total Exports;FOB Value (US$);Kenya;SADC
Jun 2024;2808408572;26 - Ores, slag and ash.;Total Exports;FOB Value (US$);Rwanda;ASEAN
Jun 2024;2808408572;2609 - Tin ores and concentrates.;Total Exports;FOB Value (US$);Rwanda;ASEAN
Oct 2024;2819938854;26 - Ores, slag and ash.;Total Imports;CIF Value (US$);Kenya;European Union All Countries
Mar 2025;2821503937;26 - Ores, slag and ash.;Total Exports;FOB Value (US$);United Republic of Tanzania;ASEAN
Mar 2025;2821503937;2603 - Copper ores and concentrates.;Total Exports;FOB Value (US$);United Republic of Tanzania;ASEAN
Jun 2025;2825510046;7108 - Gold (including gold plated with platinum) unwrought or in semi-manufactured forms, or in powder form.;Total Imports;CIF Value (US$);Uganda;SADC
Jun 2025;2825510046;71081200 - Gold (including gold plated with platinum) unwrought or in semi-manufactured forms, or in powder form.- Non-monetary:-- Other unwrought forms;Total Imports;CIF Value (US$);Uganda;SADC
Mar 2024;2827829534;2609 - Tin ores and concentrates.;Total Exports;FOB Value (US$);Rwanda;European Union All Countries
Mar 2025;2847109203;26 - Ores, slag and ash.;Total Exports;FOB Value (US$);United Republic of Tanzania;European Union All Countries
May 2022;2849614082;26 - Ores, slag and ash.;Total Exports;FOB Value (US$);Kenya;European Union All Countries
Jan 2025;2858156258;2608 - Zinc ores and concentrates.;Total Exports;FOB Value (US$);DR Congo;SADC
Sep 2025;2859989113;2603 - Copper ores and concentrates.;Total Exports;FOB Value (US$);Kenya;ASEAN
May 2025;2878651814;7108 - Gold (including gold plated with platinum) unwrought or in semi-manufactured forms, or in powder form.;Total Imports;CIF Value (US$);Kenya;European Union All Countries
May 2025;2878651814;71081300 - Gold (including gold plated with platinum) unwrought or in semi-manufactured forms, or in powder form.- Non-monetary:-- Other semi-manufactured forms;Total Imports;CIF Value (US$);Kenya;European Union All Countries
Apr 2025;2878844676;7108 - Gold (including gold plated with platinum) unwrought or in semi-manufactured forms, or in powder form.;Total Imports;CIF Value (US$);Uganda;SADC
Apr 2025;2878844676;71081200 - Gold (including gold plated with platinum) unwrought or in semi-manufactured forms, or in powder form.- Non-monetary:-- Other unwrought forms;Total Imports;CIF Value (US$);Uganda;SADC
Jan 2025;2884768189;26 - Ores, slag and ash.;Total Exports;FOB Value (US$);DR Congo;ASEAN
Mar 2022;2889976714;2603 - Copper ores and concentrates.;Total Exports;FOB Value (US$);Kenya;European Union All Countries
Jul 2025;2928537090;7108 - Gold (including gold plated with platinum) unwrought or in semi-manufactured forms, or in powder form.;Total Exports;FOB Value (US$);DR Congo;SADC
Jul 2025;2928537090;71081200 - Gold (including gold plated with platinum) unwrought or in semi-manufactured forms, or in powder form.- Non-monetary:-- Other unwrought forms;Total Exports;FOB Value (US$);DR Congo;SADC
Apr 2022;2928884255;2609 - Tin ores and concentrates.;Total Exports;FOB Value (US$);Rwanda;ASEAN
Jul 2022;2935606698;7108 - Gold (including gold plated with platinum) unwrought or in semi-manufactured forms, or in powder form.;Total Imports;CIF Value (US$);Rwanda;SADC
Jul 2022;2935606698;71081200 - Gold (including gold plated with platinum) unwrought or in semi-manufactured forms, or in powder form.- Non-monetary:-- Other unwrought forms;Total Imports;CIF Value (US$);Rwanda;SADC
Aug 2023;2936293925;71081200 - Gold (including gold plated with platinum) unwrought or in semi-manufactured forms, or in powder form.- Non-monetary:-- Other unwrought forms;Total Imports;CIF Value (US$);Uganda;SADC
May 2020;2942945302;2614 - Titanium ores and concentrates.;Total Exports;FOB Value (US$);Kenya;ASEAN
Aug 2022;2944458824;26 - Ores, slag and ash.;Total Imports;CIF Value (US$);Kenya;SADC
May 2022;2963700487;26 - Ores, slag and ash.;Total Exports;FOB Value (US$);United Republic of Tanzania;SADC
Jun 2025;2966498918;26 - Ores, slag and ash.;Total Exports;FOB Value (US$);Kenya;SADC
Nov 2024;2966747828;2614 - Titanium ores and concentrates.;Total Exports;FOB Value (US$);Kenya;ASEAN
Jun 2021;2971978216;7108 - Gold (including gold plated with platinum) unwrought or in semi-manufactured forms, or in powder form.;Total Imports;CIF Value (US$);Uganda;SADC
Dec 2021;2973580021;26 - Ores, slag and ash.;Total Exports;FOB Value (US$);Rwanda;ASEAN
Oct 2025;3001888214;7108 - Gold (including gold plated with platinum) unwrought or in semi-manufactured forms, or in powder form.;Total Exports;FOB Value (US$);DR Congo;SADC
Oct 2025;3001888214;71081200 - Gold (including gold plated with platinum) unwrought or in semi-manufactured forms, or in powder form.- Non-monetary:-- Other unwrought forms;Total Exports;FOB Value (US$);DR Congo;SADC
Jan 2025;3002265579;2603 - Copper ores and concentrates.;Total Exports;FOB Value (US$);DR Congo;European Union All Countries
Oct 2023;3012091231;2606 - Aluminium ores and concentrates.;Total Imports;CIF Value (US$);Kenya;SADC
Nov 2022;3012885004;26 - Ores, slag and ash.;Total Exports;FOB Value (US$);Kenya;SADC
Jun 2024;3013344844;26 - Ores, slag and ash.;Total Exports;FOB Value (US$);Kenya;SADC
Apr 2023;3016693228;7111 - Base metals, silver or gold,clad with platinum, not further worked than semi-manufactured.;Total Imports;CIF Value (US$);Kenya;ASEAN
May 2022;3029828249;26 - Ores, slag and ash.;Total Exports;FOB Value (US$);United Republic of Tanzania;ASEAN
May 2022;3029828249;2603 - Copper ores and concentrates.;Total Exports;FOB Value (US$);United Republic of Tanzania;ASEAN
Feb 2025;3030147673;2603 - Copper ores and concentrates.;Total Exports;FOB Value (US$);DR Congo;SADC
Feb 2025;3031639559;26 - Ores, slag and ash.;Total Exports;FOB Value (US$);Kenya;SADC
Aug 2025;3037479024;26 - Ores, slag and ash.;Total Exports;FOB Value (US$);Kenya;SADC
Dec 2024;3039584811;7111 - Base metals, silver or gold,clad with platinum, not further worked than semi-manufactured.;Total Imports;CIF Value (US$);United Republic of Tanzania;ASEAN
Sep 2022;3051915896;7108 - Gold (including gold plated with platinum) unwrought or in semi-manufactured forms, or in powder form.;Total Exports;FOB Value (US$);Kenya;SADC
Sep 2022;3051915896;71081300 - Gold (including gold plated with platinum) unwrought or in semi-manufactured forms, or in powder form.- Non-monetary:-- Other semi-manufactured forms;Total Exports;FOB Value (US$);Kenya;SADC
Nov 2024;3056075612;26 - Ores, slag and ash.;Total Exports;FOB Value (US$);Kenya;ASEAN
May 2024;3057030093;26 - Ores, slag and ash.;Total Exports;FOB Value (US$);Kenya;SADC
Mar 2023;3062248463;26 - Ores, slag and ash.;Total Exports;FOB Value (US$);Kenya;SADC
Sep 2024;3062847856;2614 - Titanium ores and concentrates.;Total Exports;FOB Value (US$);Kenya;European Union All Countries
Mar 2025;3081526405;26 - Ores, slag and ash.;Total Exports;FOB Value (US$);Kenya;SADC
May 2025;3082269015;7106 - Silver (including silver plated with gold or platinum), unwrought or in semi-manufactured forms, or in powder form.;Total Imports;CIF Value (US$);United Republic of Tanzania;European Union All Countries
May 2025;3082269015;71069200 - Silver (including silver plated with gold or platinum), unwrought or in semi-manufactured forms, or in powder form.- Other:-- Semi-manufactured;Total Imports;CIF Value (US$);United Republic of Tanzania;European Union All Countries
Dec 2023;3099097428;26 - Ores, slag and ash.;Total Exports;FOB Value (US$);United Republic of Tanzania;European Union All Countries
Dec 2023;3099097428;2603 - Copper ores and concentrates.;Total Exports;FOB Value (US$);United Republic of Tanzania;European Union All Countries
Oct 2022;3132927894;26 - Ores, slag and ash.;Total Exports;FOB Value (US$);Kenya;SADC
Jan 2022;3136362221;26 - Ores, slag and ash.;Total Imports;CIF Value (US$);Kenya;SADC
Jul 2022;3140704919;26 - Ores, slag and ash.;Total Exports;FOB Value (US$);Kenya;SADC
Jul 2022;3140704919;2603 - Copper ores and concentrates.;Total Exports;FOB Value (US$);Kenya;SADC
Nov 2023;3147806706;26 - Ores, slag and ash.;Total Exports;FOB Value (US$);Kenya;ASEAN
Feb 2025;3150680686;2608 - Zinc ores and concentrates.;Total Exports;FOB Value (US$);DR Congo;SADC
Sep 2025;3154804139;26 - Ores, slag and ash.;Total Exports;FOB Value (US$);DR Congo;European Union All Countries
Sep 2025;3157737194;26 - Ores, slag and ash.;Total Exports;FOB Value (US$);Kenya;SADC
Apr 2021;3158353157;2609 - Tin ores and concentrates.;Total Exports;FOB Value (US$);Rwanda;European Union All Countries
May 2020;3163513641;26 - Ores, slag and ash.;Total Exports;FOB Value (US$);Kenya;ASEAN
Aug 2022;3184958454;26 - Ores, slag and ash.;Total Imports;CIF Value (US$);Rwanda;SADC
Aug 2022;3184958454;2609 - Tin ores and concentrates.;Total Imports;CIF Value (US$);Rwanda;SADC
Nov 2023;3187832184;26 - Ores, slag and ash.;Total Exports;FOB Value (US$);Rwanda;European Union All Countries
Jul 2022;3196423741;26 - Ores, slag and ash.;Total Imports;CIF Value (US$);Kenya;SADC
Nov 2020;3199021894;26 - Ores, slag and ash.;Total Exports;FOB Value (US$);United Republic of Tanzania;European Union All Countries
Jun 2020;3200639996;2603 - Copper ores and concentrates.;Total Exports;FOB Value (US$);DR Congo;European Union All Countries
Aug 2022;3221875083;26 - Ores, slag and ash.;Total Exports;FOB Value (US$);Rwanda;ASEAN
Dec 2024;3226990416;26 - Ores, slag and ash.;Total Exports;FOB Value (US$);United Republic of Tanzania;European Union All Countries
Jul 2025;3228064841;26 - Ores, slag and ash.;Total Exports;FOB Value (US$);Kenya;ASEAN
Jul 2025;3231512239;2601 - Iron ores and concentrates, including roasted iron pyrites.;Total Exports;FOB Value (US$);United Republic of Tanzania;European Union All Countries
Jul 2025;3231512239;26011200 - Iron ores and concentrates, including roasted iron pyrites. - Iron ores and concentrates, other than roasted iron pyrites: -- Agglomerated;Total Exports;FOB Value (US$);United Republic of Tanzania;European Union All Countries
Nov 2024;3240127326;26 - Ores, slag and ash.;Total Exports;FOB Value (US$);Kenya;SADC
May 2025;3242437147;26 - Ores, slag and ash.;Total Exports;FOB Value (US$);Kenya;SADC
Apr 2023;3261277465;7108 - Gold (including gold plated with platinum) unwrought or in semi-manufactured forms, or in powder form.;Total Imports;CIF Value (US$);Rwanda;SADC
Apr 2023;3261277465;71081200 - Gold (including gold plated with platinum) unwrought or in semi-manufactured forms, or in powder form.- Non-monetary:-- Other unwrought forms;Total Imports;CIF Value (US$);Rwanda;SADC
Jan 2020;3266731891;7108 - Gold (including gold plated with platinum) unwrought or in semi-manufactured forms, or in powder form.;Total Exports;FOB Value (US$);Kenya;SADC
Jan 2020;3266731891;71081300 - Gold (including gold plated with platinum) unwrought or in semi-manufactured forms, or in powder form.- Non-monetary:-- Other semi-manufactured forms;Total Exports;FOB Value (US$);Kenya;SADC
Jan 2022;3269324287;7108 - Gold (including gold plated with platinum) unwrought or in semi-manufactured forms, or in powder form.;Total Imports;CIF Value (US$);Rwanda;SADC
Jan 2022;3269324287;71081200 - Gold (including gold plated with platinum) unwrought or in semi-manufactured forms, or in powder form.- Non-monetary:-- Other unwrought forms;Total Imports;CIF Value (US$);Rwanda;SADC
Nov 2021;3269412152;26 - Ores, slag and ash.;Total Imports;CIF Value (US$);Kenya;European Union All Countries
Feb 2024;3273043074;7108 - Gold (including gold plated with platinum) unwrought or in semi-manufactured forms, or in powder form.;Total Imports;CIF Value (US$);Rwanda;SADC
Feb 2024;3273043074;71081200 - Gold (including gold plated with platinum) unwrought or in semi-manufactured forms, or in powder form.- Non-monetary:-- Other unwrought forms;Total Imports;CIF Value (US$);Rwanda;SADC
Jan 2021;3275630322;26 - Ores, slag and ash.;Total Exports;FOB Value (US$);Rwanda;SADC
Aug 2021;3278433749;7108 - Gold (including gold plated with platinum) unwrought or in semi-manufactured forms, or in powder form.;Total Imports;CIF Value (US$);Rwanda;SADC
Aug 2021;3278433749;71081200 - Gold (including gold plated with platinum) unwrought or in semi-manufactured forms, or in powder form.- Non-monetary:-- Other unwrought forms;Total Imports;CIF Value (US$);Rwanda;SADC
Nov 2022;3282164856;2614 - Titanium ores and concentrates.;Total Exports;FOB Value (US$);Kenya;European Union All Countries
Aug 2022;3284882333;26 - Ores, slag and ash.;Total Exports;FOB Value (US$);Kenya;SADC
May 2021;3287499999;26 - Ores, slag and ash.;Total Exports;FOB Value (US$);DR Congo;ASEAN
Feb 2020;3290160015;2609 - Tin ores and concentrates.;Total Exports;FOB Value (US$);DR Congo;European Union All Countries
Jul 2022;3296068044;2606 - Aluminium ores and concentrates.;Total Imports;CIF Value (US$);Kenya;SADC
Oct 2024;3299484218;26 - Ores, slag and ash.;Total Exports;FOB Value (US$);Kenya;SADC
Mar 2020;3300973562;26 - Ores, slag and ash.;Total Exports;FOB Value (US$);Rwanda;European Union All Countries
Mar 2020;3313106957;26 - Ores, slag and ash.;Total Imports;CIF Value (US$);Kenya;SADC
Jul 2025;3327604214;2608 - Zinc ores and concentrates.;Total Exports;FOB Value (US$);DR Congo;SADC
Apr 2023;3362072161;2609 - Tin ores and concentrates.;Total Exports;FOB Value (US$);Rwanda;European Union All Countries
Nov 2021;3367430477;7108 - Gold (including gold plated with platinum) unwrought or in semi-manufactured forms, or in powder form.;Total Imports;CIF Value (US$);Rwanda;SADC
Nov 2021;3367430477;71081200 - Gold (including gold plated with platinum) unwrought or in semi-manufactured forms, or in powder form.- Non-monetary:-- Other unwrought forms;Total Imports;CIF Value (US$);Rwanda;SADC
Feb 2021;3370911257;26 - Ores, slag and ash.;Total Exports;FOB Value (US$);Rwanda;European Union All Countries
Nov 2023;3374770385;2614 - Titanium ores and concentrates.;Total Exports;FOB Value (US$);Kenya;European Union All Countries
May 2020;3411152748;71081300 - Gold (including gold plated with platinum) unwrought or in semi-manufactured forms, or in powder form.- Non-monetary:-- Other semi-manufactured forms;Total Imports;CIF Value (US$);Uganda;SADC
May 2024;3414775237;2609 - Tin ores and concentrates.;Total Exports;FOB Value (US$);Rwanda;European Union All Countries
Jun 2023;3437089237;2609 - Tin ores and concentrates.;Total Exports;FOB Value (US$);Rwanda;European Union All Countries
Sep 2021;3437487213;2614 - Titanium ores and concentrates.;Total Exports;FOB Value (US$);Kenya;ASEAN
Mar 2025;3444108086;26 - Ores, slag and ash.;Total Exports;FOB Value (US$);Rwanda;ASEAN
May 2022;3447002743;2609 - Tin ores and concentrates.;Total Exports;FOB Value (US$);Rwanda;ASEAN
Nov 2023;3451514563;26 - Ores, slag and ash.;Total Exports;FOB Value (US$);Kenya;European Union All Countries
Aug 2022;3462410193;7108 - Gold (including gold plated with platinum) unwrought or in semi-manufactured forms, or in powder form.;Total Imports;CIF Value (US$);Rwanda;SADC
Aug 2022;3462410193;71081200 - Gold (including gold plated with platinum) unwrought or in semi-manufactured forms, or in powder form.- Non-monetary:-- Other unwrought forms;Total Imports;CIF Value (US$);Rwanda;SADC
Jun 2022;3474003466;26 - Ores, slag and ash.;Total Exports;FOB Value (US$);Rwanda;ASEAN
May 2020;3482066404;2603 - Copper ores and concentrates.;Total Imports;CIF Value (US$);DR Congo;SADC
Jun 2025;3485978715;2609 - Tin ores and concentrates.;Total Exports;FOB Value (US$);Rwanda;ASEAN
Jun 2025;3491537152;26 - Ores, slag and ash.;Total Exports;FOB Value (US$);Rwanda;ASEAN
Feb 2022;3495640069;26 - Ores, slag and ash.;Total Exports;FOB Value (US$);Rwanda;ASEAN
Sep 2020;3506614832;2603 - Copper ores and concentrates.;Total Exports;FOB Value (US$);DR Congo;SADC
Sep 2021;3507011876;7108 - Gold (including gold plated with platinum) unwrought or in semi-manufactured forms, or in powder form.;Total Imports;CIF Value (US$);Rwanda;SADC
Sep 2021;3507011876;71081200 - Gold (including gold plated with platinum) unwrought or in semi-manufactured forms, or in powder form.- Non-monetary:-- Other unwrought forms;Total Imports;CIF Value (US$);Rwanda;SADC
Nov 2020;3507425912;71081200 - Gold (including gold plated with platinum) unwrought or in semi-manufactured forms, or in powder form.- Non-monetary:-- Other unwrought forms;Total Imports;CIF Value (US$);Uganda;SADC
May 2023;3512797622;2614 - Titanium ores and concentrates.;Total Exports;FOB Value (US$);Kenya;European Union All Countries
Sep 2020;3517414831;26 - Ores, slag and ash.;Total Exports;FOB Value (US$);DR Congo;SADC
Nov 2022;3518554986;2603 - Copper ores and concentrates.;Total Exports;FOB Value (US$);DR Congo;SADC
Mar 2021;3521906286;26 - Ores, slag and ash.;Total Exports;FOB Value (US$);Rwanda;ASEAN
Mar 2024;3527397569;7108 - Gold (including gold plated with platinum) unwrought or in semi-manufactured forms, or in powder form.;Total Imports;CIF Value (US$);Rwanda;SADC
Mar 2024;3527397569;71081200 - Gold (including gold plated with platinum) unwrought or in semi-manufactured forms, or in powder form.- Non-monetary:-- Other unwrought forms;Total Imports;CIF Value (US$);Rwanda;SADC
May 2020;3530815037;26 - Ores, slag and ash.;Total Imports;CIF Value (US$);DR Congo;SADC
Oct 2023;3531710196;2609 - Tin ores and concentrates.;Total Exports;FOB Value (US$);Rwanda;European Union All Countries
Nov 2021;3535863332;2614 - Titanium ores and concentrates.;Total Exports;FOB Value (US$);Kenya;European Union All Countries
Sep 2022;3537165042;26 - Ores, slag and ash.;Total Exports;FOB Value (US$);Kenya;SADC
Jan 2024;3550650502;7108 - Gold (including gold plated with platinum) unwrought or in semi-manufactured forms, or in powder form.;Total Imports;CIF Value (US$);Uganda;SADC
Jan 2024;3550650502;71081200 - Gold (including gold plated with platinum) unwrought or in semi-manufactured forms, or in powder form.- Non-monetary:-- Other unwrought forms;Total Imports;CIF Value (US$);Uganda;SADC
Jan 2022;3550786742;7108 - Gold (including gold plated with platinum) unwrought or in semi-manufactured forms, or in powder form.;Total Exports;FOB Value (US$);United Republic of Tanzania;European Union All Countries
Jan 2022;3550786742;71081200 - Gold (including gold plated with platinum) unwrought or in semi-manufactured forms, or in powder form.- Non-monetary:-- Other unwrought forms;Total Exports;FOB Value (US$);United Republic of Tanzania;European Union All Countries
Mar 2022;3552385419;7108 - Gold (including gold plated with platinum) unwrought or in semi-manufactured forms, or in powder form.;Total Imports;CIF Value (US$);Rwanda;SADC
Mar 2022;3552385419;71081200 - Gold (including gold plated with platinum) unwrought or in semi-manufactured forms, or in powder form.- Non-monetary:-- Other unwrought forms;Total Imports;CIF Value (US$);Rwanda;SADC
Aug 2025;3555030029;7108 - Gold (including gold plated with platinum) unwrought or in semi-manufactured forms, or in powder form.;Total Imports;CIF Value (US$);Uganda;SADC
Aug 2025;3555030029;71081200 - Gold (including gold plated with platinum) unwrought or in semi-manufactured forms, or in powder form.- Non-monetary:-- Other unwrought forms;Total Imports;CIF Value (US$);Uganda;SADC
Nov 2021;3565701839;2614 - Titanium ores and concentrates.;Total Exports;FOB Value (US$);Kenya;ASEAN
Dec 2021;3576088166;2614 - Titanium ores and concentrates.;Total Exports;FOB Value (US$);Kenya;ASEAN
Aug 2025;3581929145;26 - Ores, slag and ash.;Total Exports;FOB Value (US$);Rwanda;European Union All Countries
Mar 2022;3583718322;26 - Ores, slag and ash.;Total Exports;FOB Value (US$);Kenya;ASEAN
Sep 2021;3596984497;26 - Ores, slag and ash.;Total Exports;FOB Value (US$);Kenya;ASEAN
Apr 2025;3607798683;2608 - Zinc ores and concentrates.;Total Exports;FOB Value (US$);DR Congo;SADC
Sep 2025;3624895741;26 - Ores, slag and ash.;Total Exports;Net Weight(Kg);DR Congo;SADC
Sep 2025;3624895741;2608 - Zinc ores and concentrates.;Total Exports;Net Weight(Kg);DR Congo;SADC
Jul 2023;3628432162;7108 - Gold (including gold plated with platinum) unwrought or in semi-manufactured forms, or in powder form.;Total Imports;CIF Value (US$);Rwanda;SADC
Jul 2023;3628432162;71081200 - Gold (including gold plated with platinum) unwrought or in semi-manufactured forms, or in powder form.- Non-monetary:-- Other unwrought forms;Total Imports;CIF Value (US$);Rwanda;SADC
Jan 2023;3645355417;26 - Ores, slag and ash.;Total Exports;FOB Value (US$);Kenya;SADC
May 2021;3651116988;2614 - Titanium ores and concentrates.;Total Imports;CIF Value (US$);Kenya;SADC
Jan 2022;3653441684;26 - Ores, slag and ash.;Total Exports;FOB Value (US$);Rwanda;ASEAN
Aug 2025;3656066496;26 - Ores, slag and ash.;Total Exports;Net Weight(Kg);DR Congo;SADC
Aug 2025;3656066496;2608 - Zinc ores and concentrates.;Total Exports;Net Weight(Kg);DR Congo;SADC
Nov 2020;3659659602;26 - Ores, slag and ash.;Total Imports;CIF Value (US$);Kenya;SADC
Nov 2020;3659659602;2614 - Titanium ores and concentrates.;Total Imports;CIF Value (US$);Kenya;SADC
Mar 2022;3667472038;2606 - Aluminium ores and concentrates.;Total Imports;CIF Value (US$);Kenya;SADC
Jul 2021;3668819999;26 - Ores, slag and ash.;Total Exports;FOB Value (US$);DR Congo;ASEAN
Sep 2020;3671240628;2614 - Titanium ores and concentrates.;Total Imports;CIF Value (US$);Kenya;SADC
Feb 2023;3677507723;7108 - Gold (including gold plated with platinum) unwrought or in semi-manufactured forms, or in powder form.;Total Exports;FOB Value (US$);United Republic of Tanzania;SADC
Feb 2023;3677507723;71081200 - Gold (including gold plated with platinum) unwrought or in semi-manufactured forms, or in powder form.- Non-monetary:-- Other unwrought forms;Total Exports;FOB Value (US$);United Republic of Tanzania;SADC
Oct 2021;3678485891;26 - Ores, slag and ash.;Total Exports;FOB Value (US$);Rwanda;ASEAN
Feb 2020;3683853537;7108 - Gold (including gold plated with platinum) unwrought or in semi-manufactured forms, or in powder form.;Total Exports;FOB Value (US$);United Republic of Tanzania;European Union All Countries
Feb 2020;3683853537;71081200 - Gold (including gold plated with platinum) unwrought or in semi-manufactured forms, or in powder form.- Non-monetary:-- Other unwrought forms;Total Exports;FOB Value (US$);United Republic of Tanzania;European Union All Countries
Aug 2021;3694999999;26 - Ores, slag and ash.;Total Exports;FOB Value (US$);DR Congo;ASEAN
May 2022;3719715042;26 - Ores, slag and ash.;Total Exports;FOB Value (US$);DR Congo;ASEAN
May 2022;3727403338;7108 - Gold (including gold plated with platinum) unwrought or in semi-manufactured forms, or in powder form.;Total Imports;CIF Value (US$);Rwanda;SADC
May 2022;3727403338;71081200 - Gold (including gold plated with platinum) unwrought or in semi-manufactured forms, or in powder form.- Non-monetary:-- Other unwrought forms;Total Imports;CIF Value (US$);Rwanda;SADC
Aug 2021;3733305235;26 - Ores, slag and ash.;Total Exports;FOB Value (US$);Kenya;European Union All Countries
Apr 2023;3747402329;2603 - Copper ores and concentrates.;Total Exports;FOB Value (US$);DR Congo;SADC
Apr 2023;3748864903;26 - Ores, slag and ash.;Total Exports;FOB Value (US$);DR Congo;SADC
Jan 2022;3763102022;2614 - Titanium ores and concentrates.;Total Exports;FOB Value (US$);Kenya;ASEAN
Jun 2023;3765543474;7108 - Gold (including gold plated with platinum) unwrought or in semi-manufactured forms, or in powder form.;Total Imports;CIF Value (US$);Rwanda;SADC
Jun 2023;3765543474;71081200 - Gold (including gold plated with platinum) unwrought or in semi-manufactured forms, or in powder form.- Non-monetary:-- Other unwrought forms;Total Imports;CIF Value (US$);Rwanda;SADC
Sep 2022;3789021497;2603 - Copper ores and concentrates.;Total Exports;FOB Value (US$);DR Congo;SADC
Aug 2020;3791841586;2614 - Titanium ores and concentrates.;Total Imports;CIF Value (US$);Kenya;SADC
Dec 2022;3793463223;2614 - Titanium ores and concentrates.;Total Exports;FOB Value (US$);Kenya;ASEAN
Sep 2025;3809427839;2608 - Zinc ores and concentrates.;Total Exports;FOB Value (US$);DR Congo;SADC
Jul 2023;3814810541;26 - Ores, slag and ash.;Total Exports;FOB Value (US$);Kenya;ASEAN
Jul 2023;3814810541;2614 - Titanium ores and concentrates.;Total Exports;FOB Value (US$);Kenya;ASEAN
Jul 2022;3818408469;26 - Ores, slag and ash.;Total Exports;FOB Value (US$);Rwanda;ASEAN
Aug 2025;3819384903;2608 - Zinc ores and concentrates.;Total Exports;FOB Value (US$);DR Congo;SADC
Mar 2022;3826642511;7106 - Silver (including silver plated with gold or platinum), unwrought or in semi-manufactured forms, or in powder form.;Total Imports;CIF Value (US$);Kenya;European Union All Countries
Mar 2022;3826642511;71069100 - Silver (including silver plated with gold or platinum), unwrought or in semi-manufactured forms, or in powder form.- Other:-- Unwrought;Total Imports;CIF Value (US$);Kenya;European Union All Countries
Jul 2021;3829061829;26 - Ores, slag and ash.;Total Imports;CIF Value (US$);Kenya;European Union All Countries
Jul 2021;3829061829;2614 - Titanium ores and concentrates.;Total Imports;CIF Value (US$);Kenya;European Union All Countries
Oct 2021;3830014392;2614 - Titanium ores and concentrates.;Total Imports;CIF Value (US$);Kenya;European Union All Countries
Sep 2021;3830466552;26 - Ores, slag and ash.;Total Imports;CIF Value (US$);Kenya;European Union All Countries
Sep 2021;3830466552;2614 - Titanium ores and concentrates.;Total Imports;CIF Value (US$);Kenya;European Union All Countries
Jul 2025;3830865777;26 - Ores, slag and ash.;Total Exports;FOB Value (US$);DR Congo;SADC
Apr 2024;3835213135;7108 - Gold (including gold plated with platinum) unwrought or in semi-manufactured forms, or in powder form.;Total Imports;CIF Value (US$);Rwanda;SADC
Apr 2024;3835213135;71081200 - Gold (including gold plated with platinum) unwrought or in semi-manufactured forms, or in powder form.- Non-monetary:-- Other unwrought forms;Total Imports;CIF Value (US$);Rwanda;SADC
Mar 2025;3836903108;2608 - Zinc ores and concentrates.;Total Exports;FOB Value (US$);DR Congo;SADC
Apr 2022;3842840344;26 - Ores, slag and ash.;Total Exports;FOB Value (US$);Rwanda;ASEAN
Sep 2022;3845787109;26 - Ores, slag and ash.;Total Imports;CIF Value (US$);Kenya;European Union All Countries
Sep 2022;3845787109;2616 - Precious metal ores and concentrates.;Total Imports;CIF Value (US$);Kenya;European Union All Countries
Jun 2023;3851199248;26 - Ores, slag and ash.;Total Imports;CIF Value (US$);Kenya;SADC
Mar 2023;3879320743;2603 - Copper ores and concentrates.;Total Exports;FOB Value (US$);DR Congo;SADC
Feb 2023;3888756248;7108 - Gold (including gold plated with platinum) unwrought or in semi-manufactured forms, or in powder form.;Total Exports;FOB Value (US$);United Republic of Tanzania;ASEAN
Feb 2023;3888756248;71081200 - Gold (including gold plated with platinum) unwrought or in semi-manufactured forms, or in powder form.- Non-monetary:-- Other unwrought forms;Total Exports;FOB Value (US$);United Republic of Tanzania;ASEAN
Sep 2021;3890300967;26 - Ores, slag and ash.;Total Imports;CIF Value (US$);Rwanda;SADC
Sep 2021;3890300967;2609 - Tin ores and concentrates.;Total Imports;CIF Value (US$);Rwanda;SADC
May 2025;3904002881;2608 - Zinc ores and concentrates.;Total Exports;FOB Value (US$);DR Congo;SADC
Feb 2022;3906415679;26 - Ores, slag and ash.;Total Exports;FOB Value (US$);Kenya;SADC
Jun 2025;3930115594;2614 - Titanium ores and concentrates.;Total Exports;FOB Value (US$);Kenya;SADC
Nov 2022;3930198277;26 - Ores, slag and ash.;Total Exports;FOB Value (US$);Kenya;European Union All Countries
Jan 2022;3953867037;7108 - Gold (including gold plated with platinum) unwrought or in semi-manufactured forms, or in powder form.;Total Exports;FOB Value (US$);United Republic of Tanzania;SADC
Jan 2022;3953867037;71081200 - Gold (including gold plated with platinum) unwrought or in semi-manufactured forms, or in powder form.- Non-monetary:-- Other unwrought forms;Total Exports;FOB Value (US$);United Republic of Tanzania;SADC
Apr 2021;3970531663;71081200 - Gold (including gold plated with platinum) unwrought or in semi-manufactured forms, or in powder form.- Non-monetary:-- Other unwrought forms;Total Imports;CIF Value (US$);Uganda;SADC
Feb 2023;3987266645;2614 - Titanium ores and concentrates.;Total Exports;FOB Value (US$);Kenya;ASEAN
Apr 2020;4001873572;26 - Ores, slag and ash.;Total Exports;FOB Value (US$);United Republic of Tanzania;ASEAN
Apr 2020;4001873572;2616 - Precious metal ores and concentrates.;Total Exports;FOB Value (US$);United Republic of Tanzania;ASEAN
Jun 2025;4012779538;26 - Ores, slag and ash.;Total Exports;FOB Value (US$);Rwanda;European Union All Countries
May 2023;4028799542;7108 - Gold (including gold plated with platinum) unwrought or in semi-manufactured forms, or in powder form.;Total Imports;CIF Value (US$);Rwanda;SADC
May 2023;4028799542;71081200 - Gold (including gold plated with platinum) unwrought or in semi-manufactured forms, or in powder form.- Non-monetary:-- Other unwrought forms;Total Imports;CIF Value (US$);Rwanda;SADC
Dec 2020;4031156444;71081200 - Gold (including gold plated with platinum) unwrought or in semi-manufactured forms, or in powder form.- Non-monetary:-- Other unwrought forms;Total Imports;CIF Value (US$);Uganda;SADC
May 2022;4032341012;7108 - Gold (including gold plated with platinum) unwrought or in semi-manufactured forms, or in powder form.;Total Exports;FOB Value (US$);United Republic of Tanzania;European Union All Countries
May 2022;4032341012;71081200 - Gold (including gold plated with platinum) unwrought or in semi-manufactured forms, or in powder form.- Non-monetary:-- Other unwrought forms;Total Exports;FOB Value (US$);United Republic of Tanzania;European Union All Countries
Jul 2022;4046787707;2614 - Titanium ores and concentrates.;Total Exports;FOB Value (US$);Kenya;ASEAN
Oct 2021;4061418416;26 - Ores, slag and ash.;Total Imports;CIF Value (US$);Rwanda;SADC
Oct 2021;4061418416;2609 - Tin ores and concentrates.;Total Imports;CIF Value (US$);Rwanda;SADC
Apr 2022;4074394984;2603 - Copper ores and concentrates.;Total Exports;FOB Value (US$);DR Congo;SADC
Jan 2022;4090872755;26 - Ores, slag and ash.;Total Exports;FOB Value (US$);Kenya;ASEAN
May 2021;4093254091;26 - Ores, slag and ash.;Total Exports;FOB Value (US$);Kenya;European Union All Countries
Mar 2022;4098990775;2609 - Tin ores and concentrates.;Total Exports;FOB Value (US$);Rwanda;ASEAN
Mar 2025;4100775767;26 - Ores, slag and ash.;Total Exports;FOB Value (US$);Kenya;ASEAN
May 2020;4107698275;7108 - Gold (including gold plated with platinum) unwrought or in semi-manufactured forms, or in powder form.;Total Imports;CIF Value (US$);Uganda;SADC
Jan 2022;4112409998;2603 - Copper ores and concentrates.;Total Exports;FOB Value (US$);DR Congo;European Union All Countries
Aug 2020;4124969995;2603 - Copper ores and concentrates.;Total Exports;FOB Value (US$);DR Congo;SADC
Aug 2020;4125039995;26 - Ores, slag and ash.;Total Exports;FOB Value (US$);DR Congo;SADC
Sep 2020;4126163329;2614 - Titanium ores and concentrates.;Total Exports;FOB Value (US$);Kenya;ASEAN
Feb 2020;4128263605;26 - Ores, slag and ash.;Total Imports;CIF Value (US$);Kenya;European Union All Countries
Feb 2020;4128263605;2616 - Precious metal ores and concentrates.;Total Imports;CIF Value (US$);Kenya;European Union All Countries
Oct 2023;4135904983;7108 - Gold (including gold plated with platinum) unwrought or in semi-manufactured forms, or in powder form.;Total Imports;CIF Value (US$);Rwanda;SADC
Oct 2023;4135904983;71081200 - Gold (including gold plated with platinum) unwrought or in semi-manufactured forms, or in powder form.- Non-monetary:-- Other unwrought forms;Total Imports;CIF Value (US$);Rwanda;SADC
Sep 2025;4150419353;26 - Ores, slag and ash.;Total Exports;FOB Value (US$);DR Congo;SADC
Apr 2020;4156907915;26 - Ores, slag and ash.;Total Imports;CIF Value (US$);DR Congo;SADC
Dec 2024;4162531782;26 - Ores, slag and ash.;Total Exports;FOB Value (US$);Rwanda;European Union All Countries
Jan 2025;4163797093;2605 - Cobalt ores and concentrates.;Total Imports;CIF Value (US$);DR Congo;SADC
Apr 2024;4166304162;26 - Ores, slag and ash.;Total Exports;FOB Value (US$);United Republic of Tanzania;ASEAN
Apr 2024;4166304162;2603 - Copper ores and concentrates.;Total Exports;FOB Value (US$);United Republic of Tanzania;ASEAN
Mar 2022;4171161642;7108 - Gold (including gold plated with platinum) unwrought or in semi-manufactured forms, or in powder form.;Total Imports;CIF Value (US$);Kenya;ASEAN
Mar 2022;4171161642;71081300 - Gold (including gold plated with platinum) unwrought or in semi-manufactured forms, or in powder form.- Non-monetary:-- Other semi-manufactured forms;Total Imports;CIF Value (US$);Kenya;ASEAN
Mar 2025;4171628874;26 - Ores, slag and ash.;Total Exports;FOB Value (US$);Rwanda;European Union All Countries
Mar 2020;4175745505;2614 - Titanium ores and concentrates.;Total Exports;FOB Value (US$);Kenya;ASEAN
Feb 2024;4184708386;26 - Ores, slag and ash.;Total Exports;FOB Value (US$);Rwanda;European Union All Countries
Dec 2020;4196329658;7108 - Gold (including gold plated with platinum) unwrought or in semi-manufactured forms, or in powder form.;Total Exports;FOB Value (US$);Kenya;SADC
Dec 2020;4196329658;71081300 - Gold (including gold plated with platinum) unwrought or in semi-manufactured forms, or in powder form.- Non-monetary:-- Other semi-manufactured forms;Total Exports;FOB Value (US$);Kenya;SADC
Sep 2022;4201408199;7108 - Gold (including gold plated with platinum) unwrought or in semi-manufactured forms, or in powder form.;Total Imports;CIF Value (US$);Rwanda;SADC
Sep 2022;4201408199;71081200 - Gold (including gold plated with platinum) unwrought or in semi-manufactured forms, or in powder form.- Non-monetary:-- Other unwrought forms;Total Imports;CIF Value (US$);Rwanda;SADC
Sep 2020;4208422832;26 - Ores, slag and ash.;Total Exports;FOB Value (US$);Rwanda;European Union All Countries
Oct 2023;4220009631;26 - Ores, slag and ash.;Total Exports;FOB Value (US$);United Republic of Tanzania;European Union All Countries
Oct 2023;4220009631;2603 - Copper ores and concentrates.;Total Exports;FOB Value (US$);United Republic of Tanzania;European Union All Countries
Nov 2024;4224874506;26 - Ores, slag and ash.;Total Exports;FOB Value (US$);Rwanda;European Union All Countries
Aug 2025;4232922262;26 - Ores, slag and ash.;Total Exports;FOB Value (US$);DR Congo;SADC
Jan 2021;4233100232;7108 - Gold (including gold plated with platinum) unwrought or in semi-manufactured forms, or in powder form.;Total Exports;FOB Value (US$);Kenya;SADC
Jan 2021;4233100232;71081300 - Gold (including gold plated with platinum) unwrought or in semi-manufactured forms, or in powder form.- Non-monetary:-- Other semi-manufactured forms;Total Exports;FOB Value (US$);Kenya;SADC
Jul 2024;4236020294;2601 - Iron ores and concentrates, including roasted iron pyrites.;Total Imports;CIF Value (US$);United Republic of Tanzania;SADC
Jul 2024;4236020294;26011100 - Iron ores and concentrates, including roasted iron pyrites. - Iron ores and concentrates, other than roasted iron pyrites: -- Non-agglomerated;Total Imports;CIF Value (US$);United Republic of Tanzania;SADC
Jul 2020;4238637573;26 - Ores, slag and ash.;Total Imports;CIF Value (US$);DR Congo;SADC
Jun 2023;4238931472;26 - Ores, slag and ash.;Total Exports;FOB Value (US$);Kenya;ASEAN
Jun 2023;4238931472;2614 - Titanium ores and concentrates.;Total Exports;FOB Value (US$);Kenya;ASEAN
Jul 2024;4245302518;26 - Ores, slag and ash.;Total Exports;FOB Value (US$);United Republic of Tanzania;European Union All Countries
Nov 2021;4248211406;26 - Ores, slag and ash.;Total Imports;CIF Value (US$);Rwanda;SADC
Nov 2021;4248211406;2609 - Tin ores and concentrates.;Total Imports;CIF Value (US$);Rwanda;SADC
Jul 2024;4250840379;2614 - Titanium ores and concentrates.;Total Exports;FOB Value (US$);Kenya;European Union All Countries
May 2022;4254403465;2606 - Aluminium ores and concentrates.;Total Exports;FOB Value (US$);United Republic of Tanzania;SADC
Dec 2022;4257316941;26 - Ores, slag and ash.;Total Exports;FOB Value (US$);Kenya;ASEAN
Jun 2022;4265481933;7108 - Gold (including gold plated with platinum) unwrought or in semi-manufactured forms, or in powder form.;Total Imports;CIF Value (US$);Rwanda;SADC
Jun 2022;4265481933;71081200 - Gold (including gold plated with platinum) unwrought or in semi-manufactured forms, or in powder form.- Non-monetary:-- Other unwrought forms;Total Imports;CIF Value (US$);Rwanda;SADC
Sep 2024;4269949281;7108 - Gold (including gold plated with platinum) unwrought or in semi-manufactured forms, or in powder form.;Total Imports;CIF Value (US$);Rwanda;SADC
Sep 2024;4269949281;71081200 - Gold (including gold plated with platinum) unwrought or in semi-manufactured forms, or in powder form.- Non-monetary:-- Other unwrought forms;Total Imports;CIF Value (US$);Rwanda;SADC
Jul 2021;4271446215;26 - Ores, slag and ash.;Total Exports;FOB Value (US$);Rwanda;European Union All Countries
Mar 2020;4285137688;2609 - Tin ores and concentrates.;Total Exports;FOB Value (US$);Rwanda;ASEAN
Jun 2020;4289677642;26 - Ores, slag and ash.;Total Imports;CIF Value (US$);Kenya;European Union All Countries
Jul 2024;4294499723;26 - Ores, slag and ash.;Total Exports;FOB Value (US$);Rwanda;European Union All Countries
May 2023;4298998665;7108 - Gold (including gold plated with platinum) unwrought or in semi-manufactured forms, or in powder form.;Total Exports;FOB Value (US$);Kenya;SADC
May 2023;4298998665;71081300 - Gold (including gold plated with platinum) unwrought or in semi-manufactured forms, or in powder form.- Non-monetary:-- Other semi-manufactured forms;Total Exports;FOB Value (US$);Kenya;SADC
Jan 2020;4300465133;71081300 - Gold (including gold plated with platinum) unwrought or in semi-manufactured forms, or in powder form.- Non-monetary:-- Other semi-manufactured forms;Total Imports;CIF Value (US$);Uganda;SADC
Jun 2025;4300839905;7108 - Gold (including gold plated with platinum) unwrought or in semi-manufactured forms, or in powder form.;Total Exports;FOB Value (US$);United Republic of Tanzania;SADC
Jun 2025;4300839905;71081200 - Gold (including gold plated with platinum) unwrought or in semi-manufactured forms, or in powder form.- Non-monetary:-- Other unwrought forms;Total Exports;FOB Value (US$);United Republic of Tanzania;SADC
Mar 2020;4303390901;26 - Ores, slag and ash.;Total Exports;FOB Value (US$);DR Congo;SADC
Mar 2020;4303390901;2603 - Copper ores and concentrates.;Total Exports;FOB Value (US$);DR Congo;SADC
Sep 2025;4320610364;2609 - Tin ores and concentrates.;Total Exports;FOB Value (US$);Rwanda;ASEAN
Jan 2020;4325089746;7108 - Gold (including gold plated with platinum) unwrought or in semi-manufactured forms, or in powder form.;Total Imports;CIF Value (US$);Uganda;SADC
Sep 2025;4329992644;26 - Ores, slag and ash.;Total Exports;FOB Value (US$);Rwanda;ASEAN
Apr 2023;4342627089;71081300 - Gold (including gold plated with platinum) unwrought or in semi-manufactured forms, or in powder form.- Non-monetary:-- Other semi-manufactured forms;Total Imports;CIF Value (US$);Uganda;SADC
Jul 2020;4346880004;2603 - Copper ores and concentrates.;Total Exports;FOB Value (US$);DR Congo;European Union All Countries
Jul 2021;4354375591;26 - Ores, slag and ash.;Total Exports;FOB Value (US$);Kenya;ASEAN
Jan 2025;4364394254;2603 - Copper ores and concentrates.;Total Exports;FOB Value (US$);DR Congo;SADC
Nov 2020;4365337117;2603 - Copper ores and concentrates.;Total Exports;FOB Value (US$);DR Congo;SADC
Aug 2025;4388538675;7108 - Gold (including gold plated with platinum) unwrought or in semi-manufactured forms, or in powder form.;Total Exports;FOB Value (US$);United Republic of Tanzania;European Union All Countries
Aug 2025;4388538675;71081200 - Gold (including gold plated with platinum) unwrought or in semi-manufactured forms, or in powder form.- Non-monetary:-- Other unwrought forms;Total Exports;FOB Value (US$);United Republic of Tanzania;European Union All Countries
Feb 2024;4394695662;26 - Ores, slag and ash.;Total Exports;FOB Value (US$);United Republic of Tanzania;European Union All Countries
Jul 2025;4400410350;7108 - Gold (including gold plated with platinum) unwrought or in semi-manufactured forms, or in powder form.;Total Imports;CIF Value (US$);Uganda;SADC
Jul 2025;4400410350;71081200 - Gold (including gold plated with platinum) unwrought or in semi-manufactured forms, or in powder form.- Non-monetary:-- Other unwrought forms;Total Imports;CIF Value (US$);Uganda;SADC
Oct 2021;4412696993;26 - Ores, slag and ash.;Total Exports;FOB Value (US$);Rwanda;European Union All Countries
Aug 2020;4417188378;2609 - Tin ores and concentrates.;Total Exports;FOB Value (US$);Rwanda;ASEAN
Apr 2020;4418280034;26 - Ores, slag and ash.;Total Imports;CIF Value (US$);Kenya;European Union All Countries
Apr 2020;4418280034;2616 - Precious metal ores and concentrates.;Total Imports;CIF Value (US$);Kenya;European Union All Countries
Jul 2022;4419279526;26 - Ores, slag and ash.;Total Exports;FOB Value (US$);Kenya;ASEAN
Apr 2022;4427814015;2603 - Copper ores and concentrates.;Total Exports;FOB Value (US$);DR Congo;ASEAN
Jan 2023;4435178111;7108 - Gold (including gold plated with platinum) unwrought or in semi-manufactured forms, or in powder form.;Total Imports;CIF Value (US$);Rwanda;SADC
Jan 2023;4435178111;71081200 - Gold (including gold plated with platinum) unwrought or in semi-manufactured forms, or in powder form.- Non-monetary:-- Other unwrought forms;Total Imports;CIF Value (US$);Rwanda;SADC
Jan 2021;4439617613;7106 - Silver (including silver plated with gold or platinum), unwrought or in semi-manufactured forms, or in powder form.;Total Exports;FOB Value (US$);Kenya;SADC
Jan 2021;4439617613;71069100 - Silver (including silver plated with gold or platinum), unwrought or in semi-manufactured forms, or in powder form.- Other:-- Unwrought;Total Exports;FOB Value (US$);Kenya;SADC
Dec 2020;4441689988;26 - Ores, slag and ash.;Total Exports;FOB Value (US$);DR Congo;European Union All Countries
Dec 2023;4482013561;26 - Ores, slag and ash.;Total Exports;FOB Value (US$);Rwanda;European Union All Countries
Jun 2025;4490741699;26 - Ores, slag and ash.;Total Exports;FOB Value (US$);DR Congo;SADC
Oct 2024;4502832802;7108 - Gold (including gold plated with platinum) unwrought or in semi-manufactured forms, or in powder form.;Total Exports;FOB Value (US$);Kenya;SADC
Oct 2024;4502832802;71081300 - Gold (including gold plated with platinum) unwrought or in semi-manufactured forms, or in powder form.- Non-monetary:-- Other semi-manufactured forms;Total Exports;FOB Value (US$);Kenya;SADC
Apr 2024;4512263171;26 - Ores, slag and ash.;Total Exports;FOB Value (US$);Rwanda;European Union All Countries
Jul 2024;4515120294;26 - Ores, slag and ash.;Total Imports;CIF Value (US$);United Republic of Tanzania;SADC
Sep 2022;4519659224;2609 - Tin ores and concentrates.;Total Exports;FOB Value (US$);DR Congo;SADC
May 2021;4530443767;26 - Ores, slag and ash.;Total Imports;CIF Value (US$);DR Congo;SADC
Feb 2020;4539653797;2504 - Natural graphite.;Total Exports;FOB Value (US$);Rwanda;SADC
May 2022;4552506517;26 - Ores, slag and ash.;Total Exports;FOB Value (US$);Rwanda;ASEAN
Aug 2025;4552936219;26 - Ores, slag and ash.;Total Imports;CIF Value (US$);Rwanda;SADC
Jun 2024;4554704649;26 - Ores, slag and ash.;Total Exports;FOB Value (US$);Rwanda;European Union All Countries
Feb 2024;4564768676;2504 - Natural graphite.;Total Exports;FOB Value (US$);United Republic of Tanzania;European Union All Countries
Nov 2021;4581111205;26 - Ores, slag and ash.;Total Exports;FOB Value (US$);Rwanda;ASEAN
Dec 2022;4598548206;7108 - Gold (including gold plated with platinum) unwrought or in semi-manufactured forms, or in powder form.;Total Exports;FOB Value (US$);Kenya;European Union All Countries
Dec 2022;4598548206;71081200 - Gold (including gold plated with platinum) unwrought or in semi-manufactured forms, or in powder form.- Non-monetary:-- Other unwrought forms;Total Exports;FOB Value (US$);Kenya;European Union All Countries
Oct 2023;4615134357;26 - Ores, slag and ash.;Total Exports;FOB Value (US$);Kenya;European Union All Countries
Apr 2022;4616699355;2614 - Titanium ores and concentrates.;Total Exports;FOB Value (US$);Kenya;European Union All Countries
Mar 2021;4622899995;2609 - Tin ores and concentrates.;Total Exports;FOB Value (US$);DR Congo;European Union All Countries
Jan 2022;4623637385;26 - Ores, slag and ash.;Total Exports;FOB Value (US$);DR Congo;SADC
Apr 2024;4626306836;2609 - Tin ores and concentrates.;Total Exports;FOB Value (US$);Rwanda;SADC
Dec 2024;4635958822;26 - Ores, slag and ash.;Total Exports;FOB Value (US$);Kenya;European Union All Countries
Aug 2023;4642262872;2614 - Titanium ores and concentrates.;Total Exports;FOB Value (US$);Kenya;ASEAN
May 2024;4643923077;26 - Ores, slag and ash.;Total Imports;CIF Value (US$);Rwanda;SADC
Sep 2020;4700178147;26 - Ores, slag and ash.;Total Exports;FOB Value (US$);Rwanda;ASEAN
Sep 2020;4700178147;2609 - Tin ores and concentrates.;Total Exports;FOB Value (US$);Rwanda;ASEAN
Jul 2025;4702250955;2609 - Tin ores and concentrates.;Total Exports;FOB Value (US$);United Republic of Tanzania;European Union All Countries
Jul 2025;4702574106;26 - Ores, slag and ash.;Total Exports;FOB Value (US$);United Republic of Tanzania;European Union All Countries
Jan 2025;4718440697;26 - Ores, slag and ash.;Total Exports;FOB Value (US$);Rwanda;European Union All Countries
Feb 2020;4726416931;26 - Ores, slag and ash.;Total Imports;CIF Value (US$);DR Congo;SADC
Dec 2023;4740544823;26 - Ores, slag and ash.;Total Imports;CIF Value (US$);Rwanda;European Union All Countries
Nov 2021;4754120396;26 - Ores, slag and ash.;Total Exports;FOB Value (US$);Kenya;European Union All Countries
Jul 2025;4763851283;26 - Ores, slag and ash.;Total Exports;FOB Value (US$);Rwanda;European Union All Countries
May 2024;4775312438;2614 - Titanium ores and concentrates.;Total Exports;FOB Value (US$);Kenya;European Union All Countries
May 2025;4819499175;7108 - Gold (including gold plated with platinum) unwrought or in semi-manufactured forms, or in powder form.;Total Imports;CIF Value (US$);Rwanda;SADC
May 2025;4819499175;71081200 - Gold (including gold plated with platinum) unwrought or in semi-manufactured forms, or in powder form.- Non-monetary:-- Other unwrought forms;Total Imports;CIF Value (US$);Rwanda;SADC
Nov 2023;4820123289;7108 - Gold (including gold plated with platinum) unwrought or in semi-manufactured forms, or in powder form.;Total Exports;FOB Value (US$);Kenya;SADC
Nov 2023;4820123289;71081300 - Gold (including gold plated with platinum) unwrought or in semi-manufactured forms, or in powder form.- Non-monetary:-- Other semi-manufactured forms;Total Exports;FOB Value (US$);Kenya;SADC
Dec 2024;4828450626;2614 - Titanium ores and concentrates.;Total Exports;FOB Value (US$);Kenya;ASEAN
Feb 2025;4848783488;26 - Ores, slag and ash.;Total Exports;FOB Value (US$);Rwanda;European Union All Countries
Dec 2024;4851839864;26 - Ores, slag and ash.;Total Exports;FOB Value (US$);Kenya;ASEAN
Dec 2020;4855178922;7108 - Gold (including gold plated with platinum) unwrought or in semi-manufactured forms, or in powder form.;Total Exports;FOB Value (US$);Kenya;European Union All Countries
Dec 2020;4855178922;71081200 - Gold (including gold plated with platinum) unwrought or in semi-manufactured forms, or in powder form.- Non-monetary:-- Other unwrought forms;Total Exports;FOB Value (US$);Kenya;European Union All Countries
Apr 2022;4855214108;7108 - Gold (including gold plated with platinum) unwrought or in semi-manufactured forms, or in powder form.;Total Imports;CIF Value (US$);Rwanda;SADC
Apr 2022;4855214108;71081200 - Gold (including gold plated with platinum) unwrought or in semi-manufactured forms, or in powder form.- Non-monetary:-- Other unwrought forms;Total Imports;CIF Value (US$);Rwanda;SADC
Sep 2020;4855601812;26 - Ores, slag and ash.;Total Exports;FOB Value (US$);Kenya;ASEAN
Dec 2021;4858726764;7108 - Gold (including gold plated with platinum) unwrought or in semi-manufactured forms, or in powder form.;Total Imports;CIF Value (US$);Rwanda;SADC
Dec 2021;4858726764;71081200 - Gold (including gold plated with platinum) unwrought or in semi-manufactured forms, or in powder form.- Non-monetary:-- Other unwrought forms;Total Imports;CIF Value (US$);Rwanda;SADC
Jan 2022;4866573094;26 - Ores, slag and ash.;Total Imports;CIF Value (US$);Rwanda;SADC
Jan 2022;4866573094;2609 - Tin ores and concentrates.;Total Imports;CIF Value (US$);Rwanda;SADC
Mar 2020;4869726972;26 - Ores, slag and ash.;Total Exports;FOB Value (US$);Kenya;ASEAN
Sep 2020;4872949596;26 - Ores, slag and ash.;Total Imports;CIF Value (US$);Kenya;SADC
Mar 2023;4879967366;2609 - Tin ores and concentrates.;Total Exports;FOB Value (US$);Rwanda;ASEAN
Sep 2021;4901179793;2609 - Tin ores and concentrates.;Total Exports;FOB Value (US$);Rwanda;European Union All Countries
Sep 2020;4910545408;7108 - Gold (including gold plated with platinum) unwrought or in semi-manufactured forms, or in powder form.;Total Imports;CIF Value (US$);Rwanda;SADC
Sep 2020;4910545408;71081200 - Gold (including gold plated with platinum) unwrought or in semi-manufactured forms, or in powder form.- Non-monetary:-- Other unwrought forms;Total Imports;CIF Value (US$);Rwanda;SADC
Aug 2023;4925104302;7108 - Gold (including gold plated with platinum) unwrought or in semi-manufactured forms, or in powder form.;Total Imports;CIF Value (US$);Rwanda;SADC
Aug 2023;4925104302;71081200 - Gold (including gold plated with platinum) unwrought or in semi-manufactured forms, or in powder form.- Non-monetary:-- Other unwrought forms;Total Imports;CIF Value (US$);Rwanda;SADC
Jan 2025;4929566277;7108 - Gold (including gold plated with platinum) unwrought or in semi-manufactured forms, or in powder form.;Total Imports;CIF Value (US$);Rwanda;SADC
Jan 2025;4929566277;71081200 - Gold (including gold plated with platinum) unwrought or in semi-manufactured forms, or in powder form.- Non-monetary:-- Other unwrought forms;Total Imports;CIF Value (US$);Rwanda;SADC
Mar 2022;4930243034;7108 - Gold (including gold plated with platinum) unwrought or in semi-manufactured forms, or in powder form.;Total Exports;FOB Value (US$);Kenya;SADC
Mar 2022;4930243034;71081300 - Gold (including gold plated with platinum) unwrought or in semi-manufactured forms, or in powder form.- Non-monetary:-- Other semi-manufactured forms;Total Exports;FOB Value (US$);Kenya;SADC
Apr 2024;4936127436;26 - Ores, slag and ash.;Total Exports;FOB Value (US$);Rwanda;SADC
Jun 2021;4940828831;7110 - Platinum, unwrought or in semi-manufactured forms, or in powder form.;Total Imports;CIF Value (US$);Kenya;European Union All Countries
Apr 2023;4965299975;7108 - Gold (including gold plated with platinum) unwrought or in semi-manufactured forms, or in powder form.;Total Imports;CIF Value (US$);Uganda;SADC
Aug 2022;4977094482;2607 - Lead ores and concentrates.;Total Exports;FOB Value (US$);Kenya;European Union All Countries
May 2025;4999845285;2614 - Titanium ores and concentrates.;Total Exports;FOB Value (US$);Kenya;SADC
Aug 2024;5003129709;26 - Ores, slag and ash.;Total Exports;FOB Value (US$);Rwanda;European Union All Countries
Apr 2025;5008928585;7111 - Base metals, silver or gold,clad with platinum, not further worked than semi-manufactured.;Total Imports;CIF Value (US$);United Republic of Tanzania;ASEAN
Aug 2025;5014314879;7108 - Gold (including gold plated with platinum) unwrought or in semi-manufactured forms, or in powder form.;Total Exports;FOB Value (US$);Kenya;SADC
Aug 2025;5014314879;71081300 - Gold (including gold plated with platinum) unwrought or in semi-manufactured forms, or in powder form.- Non-monetary:-- Other semi-manufactured forms;Total Exports;FOB Value (US$);Kenya;SADC
Dec 2024;5031698301;2603 - Copper ores and concentrates.;Total Exports;FOB Value (US$);DR Congo;SADC
May 2020;5049193523;26 - Ores, slag and ash.;Total Exports;FOB Value (US$);Rwanda;European Union All Countries
Mar 2025;5052218285;26 - Ores, slag and ash.;Total Imports;CIF Value (US$);Rwanda;European Union All Countries
Mar 2025;5052218285;2609 - Tin ores and concentrates.;Total Imports;CIF Value (US$);Rwanda;European Union All Countries
Sep 2024;5075000007;2504 - Natural graphite.;Total Exports;FOB Value (US$);United Republic of Tanzania;SADC
Nov 2022;5075000016;2504 - Natural graphite.;Total Exports;FOB Value (US$);United Republic of Tanzania;SADC
Jan 2024;5075000017;26 - Ores, slag and ash.;Total Exports;FOB Value (US$);United Republic of Tanzania;European Union All Countries
Mar 2024;5085055115;2614 - Titanium ores and concentrates.;Total Exports;FOB Value (US$);Kenya;European Union All Countries
Jul 2024;5099999985;2606 - Aluminium ores and concentrates.;Total Exports;FOB Value (US$);United Republic of Tanzania;European Union All Countries
Mar 2022;5148526002;26 - Ores, slag and ash.;Total Exports;FOB Value (US$);Rwanda;ASEAN
Feb 2023;5150593191;26 - Ores, slag and ash.;Total Exports;FOB Value (US$);DR Congo;SADC
Oct 2021;5152915687;2609 - Tin ores and concentrates.;Total Exports;FOB Value (US$);Rwanda;European Union All Countries
Oct 2022;5154687236;26 - Ores, slag and ash.;Total Exports;FOB Value (US$);United Republic of Tanzania;ASEAN
Oct 2022;5154687236;2603 - Copper ores and concentrates.;Total Exports;FOB Value (US$);United Republic of Tanzania;ASEAN
Oct 2020;5181426584;7108 - Gold (including gold plated with platinum) unwrought or in semi-manufactured forms, or in powder form.;Total Exports;FOB Value (US$);Kenya;SADC
Oct 2020;5181426584;71081300 - Gold (including gold plated with platinum) unwrought or in semi-manufactured forms, or in powder form.- Non-monetary:-- Other semi-manufactured forms;Total Exports;FOB Value (US$);Kenya;SADC
Jan 2024;5183803118;7108 - Gold (including gold plated with platinum) unwrought or in semi-manufactured forms, or in powder form.;Total Imports;CIF Value (US$);Rwanda;SADC
Jan 2024;5183803118;71081200 - Gold (including gold plated with platinum) unwrought or in semi-manufactured forms, or in powder form.- Non-monetary:-- Other unwrought forms;Total Imports;CIF Value (US$);Rwanda;SADC
May 2020;5197368171;2603 - Copper ores and concentrates.;Total Exports;FOB Value (US$);DR Congo;European Union All Countries
Apr 2021;5203368061;2504 - Natural graphite.;Total Imports;CIF Value (US$);Rwanda;SADC
Sep 2022;5204029139;7108 - Gold (including gold plated with platinum) unwrought or in semi-manufactured forms, or in powder form.;Total Exports;FOB Value (US$);Kenya;European Union All Countries
Sep 2022;5204029139;71081200 - Gold (including gold plated with platinum) unwrought or in semi-manufactured forms, or in powder form.- Non-monetary:-- Other unwrought forms;Total Exports;FOB Value (US$);Kenya;European Union All Countries
Nov 2021;5252948964;2609 - Tin ores and concentrates.;Total Exports;FOB Value (US$);Rwanda;European Union All Countries
Jul 2022;5257314685;7108 - Gold (including gold plated with platinum) unwrought or in semi-manufactured forms, or in powder form.;Total Exports;FOB Value (US$);Kenya;SADC
Jul 2022;5257314685;71081300 - Gold (including gold plated with platinum) unwrought or in semi-manufactured forms, or in powder form.- Non-monetary:-- Other semi-manufactured forms;Total Exports;FOB Value (US$);Kenya;SADC
Jun 2020;5271333911;26 - Ores, slag and ash.;Total Imports;CIF Value (US$);DR Congo;SADC
May 2024;5294369173;26 - Ores, slag and ash.;Total Imports;CIF Value (US$);United Republic of Tanzania;SADC
Apr 2024;5316394315;7108 - Gold (including gold plated with platinum) unwrought or in semi-manufactured forms, or in powder form.;Total Imports;CIF Value (US$);Kenya;European Union All Countries
Apr 2024;5316394315;71081300 - Gold (including gold plated with platinum) unwrought or in semi-manufactured forms, or in powder form.- Non-monetary:-- Other semi-manufactured forms;Total Imports;CIF Value (US$);Kenya;European Union All Countries
Oct 2022;5338623319;2609 - Tin ores and concentrates.;Total Exports;FOB Value (US$);Rwanda;European Union All Countries
May 2021;5340606422;26 - Ores, slag and ash.;Total Imports;CIF Value (US$);Kenya;SADC
Mar 2022;5352325225;7108 - Gold (including gold plated with platinum) unwrought or in semi-manufactured forms, or in powder form.;Total Exports;FOB Value (US$);Kenya;European Union All Countries
Mar 2022;5352325225;71081200 - Gold (including gold plated with platinum) unwrought or in semi-manufactured forms, or in powder form.- Non-monetary:-- Other unwrought forms;Total Exports;FOB Value (US$);Kenya;European Union All Countries
Nov 2020;5352593968;2504 - Natural graphite.;Total Imports;CIF Value (US$);Kenya;European Union All Countries
Nov 2024;5354464436;2606 - Aluminium ores and concentrates.;Total Imports;CIF Value (US$);Kenya;SADC
Oct 2024;5367234003;7108 - Gold (including gold plated with platinum) unwrought or in semi-manufactured forms, or in powder form.;Total Exports;FOB Value (US$);United Republic of Tanzania;European Union All Countries
Oct 2024;5367234003;71081200 - Gold (including gold plated with platinum) unwrought or in semi-manufactured forms, or in powder form.- Non-monetary:-- Other unwrought forms;Total Exports;FOB Value (US$);United Republic of Tanzania;European Union All Countries
Oct 2020;5374228204;26 - Ores, slag and ash.;Total Exports;FOB Value (US$);Rwanda;European Union All Countries
Feb 2023;5403860375;7108 - Gold (including gold plated with platinum) unwrought or in semi-manufactured forms, or in powder form.;Total Imports;CIF Value (US$);Rwanda;SADC
Feb 2023;5403860375;71081200 - Gold (including gold plated with platinum) unwrought or in semi-manufactured forms, or in powder form.- Non-monetary:-- Other unwrought forms;Total Imports;CIF Value (US$);Rwanda;SADC
Jun 2023;5429087138;71081200 - Gold (including gold plated with platinum) unwrought or in semi-manufactured forms, or in powder form.- Non-monetary:-- Other unwrought forms;Total Imports;CIF Value (US$);Uganda;SADC
Sep 2024;5434495061;26 - Ores, slag and ash.;Total Exports;FOB Value (US$);Rwanda;European Union All Countries
Mar 2020;5478164306;7108 - Gold (including gold plated with platinum) unwrought or in semi-manufactured forms, or in powder form.;Total Exports;FOB Value (US$);United Republic of Tanzania;European Union All Countries
Mar 2020;5478164306;71081200 - Gold (including gold plated with platinum) unwrought or in semi-manufactured forms, or in powder form.- Non-monetary:-- Other unwrought forms;Total Exports;FOB Value (US$);United Republic of Tanzania;European Union All Countries
Aug 2023;5497936203;7108 - Gold (including gold plated with platinum) unwrought or in semi-manufactured forms, or in powder form.;Total Exports;FOB Value (US$);Kenya;SADC
Aug 2023;5497936203;71081300 - Gold (including gold plated with platinum) unwrought or in semi-manufactured forms, or in powder form.- Non-monetary:-- Other semi-manufactured forms;Total Exports;FOB Value (US$);Kenya;SADC
Oct 2024;5526315789;2606 - Aluminium ores and concentrates.;Total Imports;CIF Value (US$);Kenya;SADC
Sep 2023;5532241532;26 - Ores, slag and ash.;Total Exports;FOB Value (US$);Kenya;SADC
Aug 2023;5534566201;26 - Ores, slag and ash.;Total Exports;FOB Value (US$);Kenya;SADC
Apr 2020;5535359986;2603 - Copper ores and concentrates.;Total Exports;FOB Value (US$);DR Congo;European Union All Countries
Dec 2021;5541000397;2609 - Tin ores and concentrates.;Total Exports;FOB Value (US$);Rwanda;European Union All Countries
Jan 2020;5548616247;2609 - Tin ores and concentrates.;Total Exports;FOB Value (US$);Rwanda;ASEAN
May 2022;5567115228;26 - Ores, slag and ash.;Total Imports;CIF Value (US$);Kenya;SADC
Sep 2020;5578859341;71081200 - Gold (including gold plated with platinum) unwrought or in semi-manufactured forms, or in powder form.- Non-monetary:-- Other unwrought forms;Total Imports;CIF Value (US$);Uganda;SADC
Apr 2022;5591014368;26 - Ores, slag and ash.;Total Exports;FOB Value (US$);DR Congo;ASEAN
Mar 2021;5595754854;26 - Ores, slag and ash.;Total Exports;FOB Value (US$);Rwanda;European Union All Countries
May 2022;5619791669;2603 - Copper ores and concentrates.;Total Exports;FOB Value (US$);United Republic of Tanzania;European Union All Countries
May 2022;5650558715;2609 - Tin ores and concentrates.;Total Exports;FOB Value (US$);United Republic of Tanzania;European Union All Countries
Mar 2024;5655574317;26 - Ores, slag and ash.;Total Exports;FOB Value (US$);Kenya;European Union All Countries
Oct 2025;5668286695;2608 - Zinc ores and concentrates.;Total Exports;FOB Value (US$);DR Congo;SADC
May 2025;5672738288;26 - Ores, slag and ash.;Total Exports;FOB Value (US$);Rwanda;European Union All Countries
Feb 2023;5685679882;26 - Ores, slag and ash.;Total Exports;FOB Value (US$);United Republic of Tanzania;European Union All Countries
Oct 2024;5689872144;2614 - Titanium ores and concentrates.;Total Exports;FOB Value (US$);Kenya;European Union All Countries
Sep 2022;5702812669;2601 - Iron ores and concentrates, including roasted iron pyrites.;Total Imports;CIF Value (US$);Kenya;SADC
Sep 2022;5702812669;26011100 - Iron ores and concentrates, including roasted iron pyrites. - Iron ores and concentrates, other than roasted iron pyrites: -- Non-agglomerated;Total Imports;CIF Value (US$);Kenya;SADC
Oct 2024;5715307122;26 - Ores, slag and ash.;Total Exports;FOB Value (US$);Rwanda;European Union All Countries
Mar 2023;5717725377;7108 - Gold (including gold plated with platinum) unwrought or in semi-manufactured forms, or in powder form.;Total Imports;CIF Value (US$);Rwanda;SADC
Mar 2023;5717725377;71081200 - Gold (including gold plated with platinum) unwrought or in semi-manufactured forms, or in powder form.- Non-monetary:-- Other unwrought forms;Total Imports;CIF Value (US$);Rwanda;SADC
Mar 2025;5751797858;26 - Ores, slag and ash.;Total Exports;FOB Value (US$);DR Congo;SADC
Apr 2025;5790213943;26 - Ores, slag and ash.;Total Exports;FOB Value (US$);DR Congo;SADC
Aug 2024;5794545933;2614 - Titanium ores and concentrates.;Total Exports;FOB Value (US$);Kenya;European Union All Countries
Jan 2023;5805683347;26 - Ores, slag and ash.;Total Exports;FOB Value (US$);Rwanda;ASEAN
Jan 2023;5805683347;2609 - Tin ores and concentrates.;Total Exports;FOB Value (US$);Rwanda;ASEAN
Feb 2023;5827395563;26 - Ores, slag and ash.;Total Imports;CIF Value (US$);Kenya;SADC
Apr 2023;5849044293;7108 - Gold (including gold plated with platinum) unwrought or in semi-manufactured forms, or in powder form.;Total Exports;FOB Value (US$);United Republic of Tanzania;SADC
Apr 2023;5849044293;71081200 - Gold (including gold plated with platinum) unwrought or in semi-manufactured forms, or in powder form.- Non-monetary:-- Other unwrought forms;Total Exports;FOB Value (US$);United Republic of Tanzania;SADC
Oct 2021;5864019808;26 - Ores, slag and ash.;Total Imports;CIF Value (US$);Kenya;European Union All Countries
Sep 2022;5866121528;26 - Ores, slag and ash.;Total Imports;CIF Value (US$);Kenya;SADC
Aug 2022;5866860579;26 - Ores, slag and ash.;Total Exports;FOB Value (US$);Kenya;ASEAN
Aug 2022;5866860579;2614 - Titanium ores and concentrates.;Total Exports;FOB Value (US$);Kenya;ASEAN
Aug 2023;5869448018;26 - Ores, slag and ash.;Total Exports;FOB Value (US$);Rwanda;European Union All Countries
Dec 2023;5895445002;7108 - Gold (including gold plated with platinum) unwrought or in semi-manufactured forms, or in powder form.;Total Imports;CIF Value (US$);Rwanda;SADC
Dec 2023;5895445002;71081200 - Gold (including gold plated with platinum) unwrought or in semi-manufactured forms, or in powder form.- Non-monetary:-- Other unwrought forms;Total Imports;CIF Value (US$);Rwanda;SADC
Feb 2024;5902729238;26 - Ores, slag and ash.;Total Exports;FOB Value (US$);Rwanda;SADC
Jan 2020;5910869992;26 - Ores, slag and ash.;Total Exports;FOB Value (US$);DR Congo;European Union All Countries
Nov 2020;5918719674;7106 - Silver (including silver plated with gold or platinum), unwrought or in semi-manufactured forms, or in powder form.;Total Imports;CIF Value (US$);Kenya;European Union All Countries
Nov 2020;5918719674;71069200 - Silver (including silver plated with gold or platinum), unwrought or in semi-manufactured forms, or in powder form.- Other:-- Semi-manufactured;Total Imports;CIF Value (US$);Kenya;European Union All Countries
Jul 2023;5967455726;2601 - Iron ores and concentrates, including roasted iron pyrites.;Total Imports;CIF Value (US$);Kenya;SADC
Jul 2023;5967455726;26011100 - Iron ores and concentrates, including roasted iron pyrites. - Iron ores and concentrates, other than roasted iron pyrites: -- Non-agglomerated;Total Imports;CIF Value (US$);Kenya;SADC
Apr 2022;5978320495;26 - Ores, slag and ash.;Total Exports;FOB Value (US$);Kenya;European Union All Countries
May 2023;5987658794;26 - Ores, slag and ash.;Total Exports;FOB Value (US$);Kenya;European Union All Countries
Oct 2020;5995320014;2603 - Copper ores and concentrates.;Total Imports;CIF Value (US$);DR Congo;SADC
Mar 2025;6006257306;2614 - Titanium ores and concentrates.;Total Imports;CIF Value (US$);United Republic of Tanzania;SADC
Nov 2023;6009412418;7108 - Gold (including gold plated with platinum) unwrought or in semi-manufactured forms, or in powder form.;Total Imports;CIF Value (US$);Rwanda;SADC
Nov 2023;6009412418;71081200 - Gold (including gold plated with platinum) unwrought or in semi-manufactured forms, or in powder form.- Non-monetary:-- Other unwrought forms;Total Imports;CIF Value (US$);Rwanda;SADC
Aug 2021;6012893089;7108 - Gold (including gold plated with platinum) unwrought or in semi-manufactured forms, or in powder form.;Total Exports;FOB Value (US$);Kenya;SADC
Aug 2021;6012893089;71081300 - Gold (including gold plated with platinum) unwrought or in semi-manufactured forms, or in powder form.- Non-monetary:-- Other semi-manufactured forms;Total Exports;FOB Value (US$);Kenya;SADC
Feb 2023;6015981581;2609 - Tin ores and concentrates.;Total Exports;FOB Value (US$);Rwanda;ASEAN
Aug 2024;6026945489;26 - Ores, slag and ash.;Total Exports;FOB Value (US$);Kenya;European Union All Countries
Aug 2024;6037518543;26 - Ores, slag and ash.;Total Exports;FOB Value (US$);Kenya;SADC
Apr 2020;6061365306;2609 - Tin ores and concentrates.;Total Exports;FOB Value (US$);Rwanda;ASEAN
Aug 2025;6073081569;26 - Ores, slag and ash.;Total Imports;CIF Value (US$);Kenya;SADC
Aug 2025;6073081569;2601 - Iron ores and concentrates, including roasted iron pyrites.;Total Imports;CIF Value (US$);Kenya;SADC
Aug 2025;6073081569;26011100 - Iron ores and concentrates, including roasted iron pyrites. - Iron ores and concentrates, other than roasted iron pyrites: -- Non-agglomerated;Total Imports;CIF Value (US$);Kenya;SADC
Mar 2024;6077218674;26 - Ores, slag and ash.;Total Exports;FOB Value (US$);Rwanda;European Union All Countries
May 2025;6090770797;26 - Ores, slag and ash.;Total Exports;FOB Value (US$);DR Congo;SADC
Apr 2022;6101025117;26 - Ores, slag and ash.;Total Exports;FOB Value (US$);Kenya;ASEAN
Apr 2022;6101025117;2614 - Titanium ores and concentrates.;Total Exports;FOB Value (US$);Kenya;ASEAN
Aug 2025;6118762481;26 - Ores, slag and ash.;Total Exports;FOB Value (US$);Kenya;European Union All Countries
Jan 2024;6125361475;26 - Ores, slag and ash.;Total Imports;CIF Value (US$);Kenya;SADC
Jan 2024;6125361475;2606 - Aluminium ores and concentrates.;Total Imports;CIF Value (US$);Kenya;SADC
Jun 2025;6128921198;2601 - Iron ores and concentrates, including roasted iron pyrites.;Total Imports;CIF Value (US$);Kenya;SADC
Jun 2025;6128921198;26011100 - Iron ores and concentrates, including roasted iron pyrites. - Iron ores and concentrates, other than roasted iron pyrites: -- Non-agglomerated;Total Imports;CIF Value (US$);Kenya;SADC
Apr 2021;6133394075;2609 - Tin ores and concentrates.;Total Exports;FOB Value (US$);Rwanda;ASEAN
Jan 2020;6134500001;26 - Ores, slag and ash.;Total Exports;FOB Value (US$);DR Congo;ASEAN
Jan 2024;6139385371;26 - Ores, slag and ash.;Total Imports;CIF Value (US$);United Republic of Tanzania;European Union All Countries
Jan 2024;6139385371;2614 - Titanium ores and concentrates.;Total Imports;CIF Value (US$);United Republic of Tanzania;European Union All Countries
Oct 2025;6145716372;26 - Ores, slag and ash.;Total Exports;FOB Value (US$);DR Congo;SADC
May 2022;6154936884;26 - Ores, slag and ash.;Total Exports;FOB Value (US$);Rwanda;European Union All Countries
May 2022;6154936884;2609 - Tin ores and concentrates.;Total Exports;FOB Value (US$);Rwanda;European Union All Countries
Oct 2020;6170802715;26 - Ores, slag and ash.;Total Imports;CIF Value (US$);Kenya;SADC
Oct 2020;6170802715;2614 - Titanium ores and concentrates.;Total Imports;CIF Value (US$);Kenya;SADC
Jul 2023;6179402317;26 - Ores, slag and ash.;Total Imports;CIF Value (US$);Kenya;SADC
Jul 2020;6190158329;2609 - Tin ores and concentrates.;Total Exports;FOB Value (US$);Rwanda;ASEAN
May 2022;6190447541;26 - Ores, slag and ash.;Total Exports;FOB Value (US$);United Republic of Tanzania;European Union All Countries
May 2021;6210016858;7108 - Gold (including gold plated with platinum) unwrought or in semi-manufactured forms, or in powder form.;Total Exports;FOB Value (US$);United Republic of Tanzania;SADC
May 2021;6210016858;71081200 - Gold (including gold plated with platinum) unwrought or in semi-manufactured forms, or in powder form.- Non-monetary:-- Other unwrought forms;Total Exports;FOB Value (US$);United Republic of Tanzania;SADC
Sep 2021;6238094367;2606 - Aluminium ores and concentrates.;Total Imports;CIF Value (US$);Kenya;SADC
Dec 2020;6250389696;26 - Ores, slag and ash.;Total Imports;CIF Value (US$);DR Congo;SADC
Jul 2023;6268637965;2609 - Tin ores and concentrates.;Total Imports;CIF Value (US$);Rwanda;SADC
Jul 2023;6272244201;26 - Ores, slag and ash.;Total Imports;CIF Value (US$);Rwanda;SADC
Sep 2024;6289316401;26 - Ores, slag and ash.;Total Imports;CIF Value (US$);United Republic of Tanzania;SADC
Dec 2022;6289611828;2601 - Iron ores and concentrates, including roasted iron pyrites.;Total Imports;CIF Value (US$);Kenya;SADC
Dec 2022;6289611828;26011100 - Iron ores and concentrates, including roasted iron pyrites. - Iron ores and concentrates, other than roasted iron pyrites: -- Non-agglomerated;Total Imports;CIF Value (US$);Kenya;SADC
Dec 2022;6290676667;26 - Ores, slag and ash.;Total Imports;CIF Value (US$);Kenya;SADC
Dec 2020;6301139405;2609 - Tin ores and concentrates.;Total Exports;FOB Value (US$);Rwanda;ASEAN
Aug 2020;6304121173;71081300 - Gold (including gold plated with platinum) unwrought or in semi-manufactured forms, or in powder form.- Non-monetary:-- Other semi-manufactured forms;Total Imports;CIF Value (US$);Uganda;SADC
Oct 2021;6307351721;7108 - Gold (including gold plated with platinum) unwrought or in semi-manufactured forms, or in powder form.;Total Exports;FOB Value (US$);United Republic of Tanzania;SADC
Oct 2021;6307351721;71081200 - Gold (including gold plated with platinum) unwrought or in semi-manufactured forms, or in powder form.- Non-monetary:-- Other unwrought forms;Total Exports;FOB Value (US$);United Republic of Tanzania;SADC
Apr 2024;6309177821;7108 - Gold (including gold plated with platinum) unwrought or in semi-manufactured forms, or in powder form.;Total Exports;FOB Value (US$);United Republic of Tanzania;ASEAN
Apr 2024;6309177821;71081200 - Gold (including gold plated with platinum) unwrought or in semi-manufactured forms, or in powder form.- Non-monetary:-- Other unwrought forms;Total Exports;FOB Value (US$);United Republic of Tanzania;ASEAN
Feb 2020;6328422597;7108 - Gold (including gold plated with platinum) unwrought or in semi-manufactured forms, or in powder form.;Total Exports;FOB Value (US$);United Republic of Tanzania;SADC
Feb 2020;6328422597;71081200 - Gold (including gold plated with platinum) unwrought or in semi-manufactured forms, or in powder form.- Non-monetary:-- Other unwrought forms;Total Exports;FOB Value (US$);United Republic of Tanzania;SADC
May 2024;6329175617;26 - Ores, slag and ash.;Total Imports;CIF Value (US$);Kenya;SADC
Dec 2022;6333941588;2609 - Tin ores and concentrates.;Total Exports;FOB Value (US$);Rwanda;European Union All Countries
Aug 2022;6347788857;2609 - Tin ores and concentrates.;Total Exports;FOB Value (US$);Rwanda;European Union All Countries
May 2023;6372009559;26 - Ores, slag and ash.;Total Exports;FOB Value (US$);Kenya;ASEAN
May 2023;6372009559;2614 - Titanium ores and concentrates.;Total Exports;FOB Value (US$);Kenya;ASEAN
Mar 2022;6377071236;26 - Ores, slag and ash.;Total Exports;FOB Value (US$);Kenya;SADC
Mar 2022;6377071236;2603 - Copper ores and concentrates.;Total Exports;FOB Value (US$);Kenya;SADC
Jan 2023;6394733315;26 - Ores, slag and ash.;Total Exports;FOB Value (US$);Rwanda;European Union All Countries
Jun 2020;6456407224;26 - Ores, slag and ash.;Total Exports;FOB Value (US$);Kenya;European Union All Countries
Aug 2020;6459797458;26 - Ores, slag and ash.;Total Exports;FOB Value (US$);Kenya;European Union All Countries
Mar 2023;6461429286;2601 - Iron ores and concentrates, including roasted iron pyrites.;Total Imports;CIF Value (US$);Kenya;SADC
Mar 2023;6461429286;26011100 - Iron ores and concentrates, including roasted iron pyrites. - Iron ores and concentrates, other than roasted iron pyrites: -- Non-agglomerated;Total Imports;CIF Value (US$);Kenya;SADC
Jul 2020;6493420724;26 - Ores, slag and ash.;Total Exports;FOB Value (US$);Rwanda;European Union All Countries
Feb 2020;6504716549;7108 - Gold (including gold plated with platinum) unwrought or in semi-manufactured forms, or in powder form.;Total Imports;CIF Value (US$);Uganda;SADC
Feb 2020;6504716549;71081300 - Gold (including gold plated with platinum) unwrought or in semi-manufactured forms, or in powder form.- Non-monetary:-- Other semi-manufactured forms;Total Imports;CIF Value (US$);Uganda;SADC
Feb 2025;6518287945;7110 - Platinum, unwrought or in semi-manufactured forms, or in powder form.;Total Imports;CIF Value (US$);United Republic of Tanzania;European Union All Countries
Feb 2021;6524157099;26 - Ores, slag and ash.;Total Imports;CIF Value (US$);DR Congo;SADC
Jun 2022;6538371357;2609 - Tin ores and concentrates.;Total Exports;FOB Value (US$);DR Congo;SADC
Mar 2023;6543609693;26 - Ores, slag and ash.;Total Imports;CIF Value (US$);Kenya;SADC
May 2022;6551726388;2614 - Titanium ores and concentrates.;Total Exports;FOB Value (US$);Kenya;ASEAN
Nov 2023;6552710566;26 - Ores, slag and ash.;Total Exports;FOB Value (US$);Rwanda;ASEAN
Nov 2023;6552710566;2609 - Tin ores and concentrates.;Total Exports;FOB Value (US$);Rwanda;ASEAN
Jul 2023;6599529537;26 - Ores, slag and ash.;Total Exports;FOB Value (US$);Rwanda;SADC
Aug 2020;6607425711;26 - Ores, slag and ash.;Total Exports;FOB Value (US$);Rwanda;SADC
Aug 2020;6607425711;2609 - Tin ores and concentrates.;Total Exports;FOB Value (US$);Rwanda;SADC
Jan 2021;6626840015;26 - Ores, slag and ash.;Total Exports;FOB Value (US$);DR Congo;European Union All Countries
Mar 2023;6627927346;7108 - Gold (including gold plated with platinum) unwrought or in semi-manufactured forms, or in powder form.;Total Exports;FOB Value (US$);United Republic of Tanzania;ASEAN
Mar 2023;6627927346;71081200 - Gold (including gold plated with platinum) unwrought or in semi-manufactured forms, or in powder form.- Non-monetary:-- Other unwrought forms;Total Exports;FOB Value (US$);United Republic of Tanzania;ASEAN
Dec 2020;6635590005;2603 - Copper ores and concentrates.;Total Exports;FOB Value (US$);DR Congo;SADC
Dec 2020;6635931677;26 - Ores, slag and ash.;Total Exports;FOB Value (US$);DR Congo;SADC
Jul 2022;6642749155;7108 - Gold (including gold plated with platinum) unwrought or in semi-manufactured forms, or in powder form.;Total Exports;FOB Value (US$);United Republic of Tanzania;SADC
Jul 2022;6642749155;71081200 - Gold (including gold plated with platinum) unwrought or in semi-manufactured forms, or in powder form.- Non-monetary:-- Other unwrought forms;Total Exports;FOB Value (US$);United Republic of Tanzania;SADC
Oct 2022;6648496207;26 - Ores, slag and ash.;Total Exports;FOB Value (US$);DR Congo;SADC
Jul 2022;6663947643;26 - Ores, slag and ash.;Total Exports;FOB Value (US$);United Republic of Tanzania;SADC
Jul 2022;6675642362;26 - Ores, slag and ash.;Total Exports;FOB Value (US$);Kenya;European Union All Countries
Feb 2025;6716649542;26 - Ores, slag and ash.;Total Exports;FOB Value (US$);DR Congo;SADC
Jul 2022;6722940531;2609 - Tin ores and concentrates.;Total Exports;FOB Value (US$);Rwanda;European Union All Countries
Aug 2023;6723058132;26 - Ores, slag and ash.;Total Exports;FOB Value (US$);Kenya;ASEAN
Apr 2021;6725637974;2606 - Aluminium ores and concentrates.;Total Imports;CIF Value (US$);Kenya;SADC
Mar 2021;6757778732;26 - Ores, slag and ash.;Total Imports;CIF Value (US$);DR Congo;European Union All Countries
Mar 2021;6757778732;2606 - Aluminium ores and concentrates.;Total Imports;CIF Value (US$);DR Congo;European Union All Countries
Dec 2021;6810700001;26 - Ores, slag and ash.;Total Exports;FOB Value (US$);DR Congo;ASEAN
Jan 2023;6840245576;7108 - Gold (including gold plated with platinum) unwrought or in semi-manufactured forms, or in powder form.;Total Exports;FOB Value (US$);United Republic of Tanzania;SADC
Jan 2023;6840245576;71081200 - Gold (including gold plated with platinum) unwrought or in semi-manufactured forms, or in powder form.- Non-monetary:-- Other unwrought forms;Total Exports;FOB Value (US$);United Republic of Tanzania;SADC
Feb 2020;6846124371;26 - Ores, slag and ash.;Total Exports;FOB Value (US$);Kenya;ASEAN
Feb 2020;6846124371;2614 - Titanium ores and concentrates.;Total Exports;FOB Value (US$);Kenya;ASEAN
Jun 2020;6852783092;71081300 - Gold (including gold plated with platinum) unwrought or in semi-manufactured forms, or in powder form.- Non-monetary:-- Other semi-manufactured forms;Total Imports;CIF Value (US$);Uganda;SADC
Aug 2020;6864511488;71081200 - Gold (including gold plated with platinum) unwrought or in semi-manufactured forms, or in powder form.- Non-monetary:-- Other unwrought forms;Total Imports;CIF Value (US$);Uganda;SADC
May 2024;6866019001;26 - Ores, slag and ash.;Total Exports;FOB Value (US$);Rwanda;European Union All Countries
Jan 2024;6889895915;26 - Ores, slag and ash.;Total Exports;FOB Value (US$);Rwanda;SADC
Jul 2021;6900840006;26 - Ores, slag and ash.;Total Exports;FOB Value (US$);DR Congo;European Union All Countries
Jul 2022;6911783697;26 - Ores, slag and ash.;Total Imports;CIF Value (US$);Kenya;European Union All Countries
Nov 2020;6951687101;26 - Ores, slag and ash.;Total Exports;FOB Value (US$);Kenya;European Union All Countries
Aug 2023;6961028675;26 - Ores, slag and ash.;Total Exports;FOB Value (US$);DR Congo;European Union All Countries
Nov 2024;6964829304;26 - Ores, slag and ash.;Total Imports;CIF Value (US$);Kenya;SADC
Jun 2022;6984500106;7108 - Gold (including gold plated with platinum) unwrought or in semi-manufactured forms, or in powder form.;Total Exports;FOB Value (US$);United Republic of Tanzania;SADC
Jun 2022;6984500106;71081200 - Gold (including gold plated with platinum) unwrought or in semi-manufactured forms, or in powder form.- Non-monetary:-- Other unwrought forms;Total Exports;FOB Value (US$);United Republic of Tanzania;SADC
Mar 2022;6991122232;26 - Ores, slag and ash.;Total Imports;CIF Value (US$);Rwanda;SADC
Mar 2022;6991122232;2609 - Tin ores and concentrates.;Total Imports;CIF Value (US$);Rwanda;SADC
Sep 2021;7002742428;26 - Ores, slag and ash.;Total Imports;CIF Value (US$);Kenya;SADC
Oct 2020;7011570403;71081200 - Gold (including gold plated with platinum) unwrought or in semi-manufactured forms, or in powder form.- Non-monetary:-- Other unwrought forms;Total Imports;CIF Value (US$);Uganda;SADC
Nov 2023;7031466543;2601 - Iron ores and concentrates, including roasted iron pyrites.;Total Imports;CIF Value (US$);Kenya;SADC
Nov 2023;7031466543;26011100 - Iron ores and concentrates, including roasted iron pyrites. - Iron ores and concentrates, other than roasted iron pyrites: -- Non-agglomerated;Total Imports;CIF Value (US$);Kenya;SADC
Jun 2020;7032542699;2614 - Titanium ores and concentrates.;Total Exports;FOB Value (US$);Kenya;ASEAN
Oct 2023;7056390123;2601 - Iron ores and concentrates, including roasted iron pyrites.;Total Imports;CIF Value (US$);Kenya;SADC
Oct 2023;7056390123;26011100 - Iron ores and concentrates, including roasted iron pyrites. - Iron ores and concentrates, other than roasted iron pyrites: -- Non-agglomerated;Total Imports;CIF Value (US$);Kenya;SADC
Nov 2023;7064486694;26 - Ores, slag and ash.;Total Imports;CIF Value (US$);Kenya;SADC
Oct 2020;7072190747;71081300 - Gold (including gold plated with platinum) unwrought or in semi-manufactured forms, or in powder form.- Non-monetary:-- Other semi-manufactured forms;Total Imports;CIF Value (US$);Uganda;SADC
Oct 2020;7073363209;26 - Ores, slag and ash.;Total Imports;CIF Value (US$);DR Congo;SADC
Sep 2024;7079999982;26 - Ores, slag and ash.;Total Exports;FOB Value (US$);United Republic of Tanzania;SADC
Sep 2024;7079999982;2601 - Iron ores and concentrates, including roasted iron pyrites.;Total Exports;FOB Value (US$);United Republic of Tanzania;SADC
Sep 2024;7079999982;26011200 - Iron ores and concentrates, including roasted iron pyrites. - Iron ores and concentrates, other than roasted iron pyrites: -- Agglomerated;Total Exports;FOB Value (US$);United Republic of Tanzania;SADC
Oct 2023;7093707462;26 - Ores, slag and ash.;Total Imports;CIF Value (US$);Kenya;SADC
Jul 2023;7102158092;7108 - Gold (including gold plated with platinum) unwrought or in semi-manufactured forms, or in powder form.;Total Exports;FOB Value (US$);United Republic of Tanzania;SADC
Jul 2023;7102158092;71081200 - Gold (including gold plated with platinum) unwrought or in semi-manufactured forms, or in powder form.- Non-monetary:-- Other unwrought forms;Total Exports;FOB Value (US$);United Republic of Tanzania;SADC
Jun 2021;7116234272;26 - Ores, slag and ash.;Total Exports;FOB Value (US$);Kenya;European Union All Countries
Apr 2021;7132008967;7108 - Gold (including gold plated with platinum) unwrought or in semi-manufactured forms, or in powder form.;Total Exports;FOB Value (US$);United Republic of Tanzania;SADC
Apr 2021;7132008967;71081200 - Gold (including gold plated with platinum) unwrought or in semi-manufactured forms, or in powder form.- Non-monetary:-- Other unwrought forms;Total Exports;FOB Value (US$);United Republic of Tanzania;SADC
Mar 2021;7137298538;7108 - Gold (including gold plated with platinum) unwrought or in semi-manufactured forms, or in powder form.;Total Exports;FOB Value (US$);United Republic of Tanzania;SADC
Mar 2021;7137298538;71081200 - Gold (including gold plated with platinum) unwrought or in semi-manufactured forms, or in powder form.- Non-monetary:-- Other unwrought forms;Total Exports;FOB Value (US$);United Republic of Tanzania;SADC
May 2022;7152631007;26 - Ores, slag and ash.;Total Imports;CIF Value (US$);Rwanda;SADC
May 2022;7152631007;2609 - Tin ores and concentrates.;Total Imports;CIF Value (US$);Rwanda;SADC
Jul 2025;7157249616;7108 - Gold (including gold plated with platinum) unwrought or in semi-manufactured forms, or in powder form.;Total Imports;CIF Value (US$);Rwanda;European Union All Countries
Jul 2025;7157249616;71081200 - Gold (including gold plated with platinum) unwrought or in semi-manufactured forms, or in powder form.- Non-monetary:-- Other unwrought forms;Total Imports;CIF Value (US$);Rwanda;European Union All Countries
Jul 2023;7158725084;26 - Ores, slag and ash.;Total Exports;FOB Value (US$);Rwanda;ASEAN
Jul 2023;7158725084;2609 - Tin ores and concentrates.;Total Exports;FOB Value (US$);Rwanda;ASEAN
May 2021;7160445944;2609 - Tin ores and concentrates.;Total Exports;FOB Value (US$);Rwanda;European Union All Countries
Dec 2023;7188134896;2601 - Iron ores and concentrates, including roasted iron pyrites.;Total Imports;CIF Value (US$);Kenya;SADC
Dec 2023;7188134896;26011100 - Iron ores and concentrates, including roasted iron pyrites. - Iron ores and concentrates, other than roasted iron pyrites: -- Non-agglomerated;Total Imports;CIF Value (US$);Kenya;SADC
Jul 2025;7210111189;2603 - Copper ores and concentrates.;Total Exports;FOB Value (US$);DR Congo;SADC
Feb 2021;7220826834;2606 - Aluminium ores and concentrates.;Total Imports;CIF Value (US$);Kenya;SADC
Dec 2023;7236895193;26 - Ores, slag and ash.;Total Imports;CIF Value (US$);Kenya;SADC
Oct 2025;7237379167;26 - Ores, slag and ash.;Total Imports;CIF Value (US$);United Republic of Tanzania;SADC
Feb 2020;7254069999;26 - Ores, slag and ash.;Total Exports;FOB Value (US$);DR Congo;ASEAN
Aug 2020;7255921973;26 - Ores, slag and ash.;Total Exports;FOB Value (US$);Kenya;ASEAN
Mar 2023;7259486871;7108 - Gold (including gold plated with platinum) unwrought or in semi-manufactured forms, or in powder form.;Total Exports;FOB Value (US$);United Republic of Tanzania;European Union All Countries
Mar 2023;7259486871;71081300 - Gold (including gold plated with platinum) unwrought or in semi-manufactured forms, or in powder form.- Non-monetary:-- Other semi-manufactured forms;Total Exports;FOB Value (US$);United Republic of Tanzania;European Union All Countries
Nov 2022;7277428551;26 - Ores, slag and ash.;Total Exports;FOB Value (US$);DR Congo;SADC
Apr 2022;7344586738;7108 - Gold (including gold plated with platinum) unwrought or in semi-manufactured forms, or in powder form.;Total Exports;FOB Value (US$);United Republic of Tanzania;SADC
Apr 2022;7344586738;71081200 - Gold (including gold plated with platinum) unwrought or in semi-manufactured forms, or in powder form.- Non-monetary:-- Other unwrought forms;Total Exports;FOB Value (US$);United Republic of Tanzania;SADC
Jun 2020;7354452629;7108 - Gold (including gold plated with platinum) unwrought or in semi-manufactured forms, or in powder form.;Total Imports;CIF Value (US$);Uganda;SADC
Nov 2022;7358490566;2606 - Aluminium ores and concentrates.;Total Imports;CIF Value (US$);Kenya;SADC
Feb 2025;7386448332;26 - Ores, slag and ash.;Total Imports;CIF Value (US$);United Republic of Tanzania;European Union All Countries
Jun 2020;7397348812;2609 - Tin ores and concentrates.;Total Exports;FOB Value (US$);Rwanda;ASEAN
Dec 2024;7403239455;26 - Ores, slag and ash.;Total Exports;FOB Value (US$);DR Congo;SADC
May 2022;7403284002;2603 - Copper ores and concentrates.;Total Exports;FOB Value (US$);DR Congo;SADC
Sep 2021;7409367864;7106 - Silver (including silver plated with gold or platinum), unwrought or in semi-manufactured forms, or in powder form.;Total Imports;CIF Value (US$);Kenya;European Union All Countries
Sep 2021;7409367864;71069200 - Silver (including silver plated with gold or platinum), unwrought or in semi-manufactured forms, or in powder form.- Other:-- Semi-manufactured;Total Imports;CIF Value (US$);Kenya;European Union All Countries
Nov 2021;7412907267;7108 - Gold (including gold plated with platinum) unwrought or in semi-manufactured forms, or in powder form.;Total Exports;FOB Value (US$);United Republic of Tanzania;SADC
Nov 2021;7412907267;71081200 - Gold (including gold plated with platinum) unwrought or in semi-manufactured forms, or in powder form.- Non-monetary:-- Other unwrought forms;Total Exports;FOB Value (US$);United Republic of Tanzania;SADC
Jan 2021;7426872412;26 - Ores, slag and ash.;Total Exports;FOB Value (US$);Kenya;European Union All Countries
Jun 2025;7434610798;26 - Ores, slag and ash.;Total Imports;CIF Value (US$);United Republic of Tanzania;ASEAN
Feb 2021;7457172733;26 - Ores, slag and ash.;Total Exports;FOB Value (US$);Kenya;European Union All Countries
Apr 2022;7461190383;26 - Ores, slag and ash.;Total Imports;CIF Value (US$);Rwanda;SADC
Apr 2022;7461190383;2609 - Tin ores and concentrates.;Total Imports;CIF Value (US$);Rwanda;SADC
Sep 2021;7480244367;7108 - Gold (including gold plated with platinum) unwrought or in semi-manufactured forms, or in powder form.;Total Exports;FOB Value (US$);United Republic of Tanzania;SADC
Sep 2021;7480244367;71081200 - Gold (including gold plated with platinum) unwrought or in semi-manufactured forms, or in powder form.- Non-monetary:-- Other unwrought forms;Total Exports;FOB Value (US$);United Republic of Tanzania;SADC
Oct 2020;7489331341;2603 - Copper ores and concentrates.;Total Exports;FOB Value (US$);United Republic of Tanzania;SADC
Apr 2021;7508716603;2603 - Copper ores and concentrates.;Total Exports;FOB Value (US$);Kenya;SADC
Mar 2023;7515265614;2606 - Aluminium ores and concentrates.;Total Imports;CIF Value (US$);Kenya;SADC
Aug 2021;7520115869;7108 - Gold (including gold plated with platinum) unwrought or in semi-manufactured forms, or in powder form.;Total Exports;FOB Value (US$);United Republic of Tanzania;SADC
Aug 2021;7520115869;71081200 - Gold (including gold plated with platinum) unwrought or in semi-manufactured forms, or in powder form.- Non-monetary:-- Other unwrought forms;Total Exports;FOB Value (US$);United Republic of Tanzania;SADC
Sep 2025;7539908697;26 - Ores, slag and ash.;Total Imports;CIF Value (US$);Kenya;SADC
Mar 2023;7543435398;26 - Ores, slag and ash.;Total Exports;FOB Value (US$);Rwanda;ASEAN
Jul 2021;7553341167;7108 - Gold (including gold plated with platinum) unwrought or in semi-manufactured forms, or in powder form.;Total Exports;FOB Value (US$);United Republic of Tanzania;SADC
Jul 2021;7553341167;71081200 - Gold (including gold plated with platinum) unwrought or in semi-manufactured forms, or in powder form.- Non-monetary:-- Other unwrought forms;Total Exports;FOB Value (US$);United Republic of Tanzania;SADC
Aug 2020;7590744057;7108 - Gold (including gold plated with platinum) unwrought or in semi-manufactured forms, or in powder form.;Total Imports;CIF Value (US$);Rwanda;SADC
Aug 2020;7590744057;71081200 - Gold (including gold plated with platinum) unwrought or in semi-manufactured forms, or in powder form.- Non-monetary:-- Other unwrought forms;Total Imports;CIF Value (US$);Rwanda;SADC
Oct 2021;7610755635;2504 - Natural graphite.;Total Imports;CIF Value (US$);Kenya;European Union All Countries
Mar 2022;7615014823;7108 - Gold (including gold plated with platinum) unwrought or in semi-manufactured forms, or in powder form.;Total Exports;FOB Value (US$);United Republic of Tanzania;SADC
Mar 2022;7615014823;71081200 - Gold (including gold plated with platinum) unwrought or in semi-manufactured forms, or in powder form.- Non-monetary:-- Other unwrought forms;Total Exports;FOB Value (US$);United Republic of Tanzania;SADC
Jul 2021;7621763945;26 - Ores, slag and ash.;Total Imports;CIF Value (US$);Kenya;SADC
Jul 2021;7621763945;2606 - Aluminium ores and concentrates.;Total Imports;CIF Value (US$);Kenya;SADC
Dec 2023;7657951952;7108 - Gold (including gold plated with platinum) unwrought or in semi-manufactured forms, or in powder form.;Total Exports;FOB Value (US$);United Republic of Tanzania;ASEAN
Dec 2023;7657951952;71081200 - Gold (including gold plated with platinum) unwrought or in semi-manufactured forms, or in powder form.- Non-monetary:-- Other unwrought forms;Total Exports;FOB Value (US$);United Republic of Tanzania;ASEAN
Nov 2024;7671433989;7108 - Gold (including gold plated with platinum) unwrought or in semi-manufactured forms, or in powder form.;Total Exports;FOB Value (US$);United Republic of Tanzania;European Union All Countries
Nov 2024;7671433989;71081200 - Gold (including gold plated with platinum) unwrought or in semi-manufactured forms, or in powder form.- Non-monetary:-- Other unwrought forms;Total Exports;FOB Value (US$);United Republic of Tanzania;European Union All Countries
Jun 2022;7675392824;26 - Ores, slag and ash.;Total Exports;FOB Value (US$);Kenya;SADC
Jul 2024;7691049874;7108 - Gold (including gold plated with platinum) unwrought or in semi-manufactured forms, or in powder form.;Total Imports;CIF Value (US$);Rwanda;SADC
Jul 2024;7691049874;71081200 - Gold (including gold plated with platinum) unwrought or in semi-manufactured forms, or in powder form.- Non-monetary:-- Other unwrought forms;Total Imports;CIF Value (US$);Rwanda;SADC
Jun 2021;7725241453;2609 - Tin ores and concentrates.;Total Exports;FOB Value (US$);Rwanda;European Union All Countries
Apr 2021;7731284166;26 - Ores, slag and ash.;Total Imports;CIF Value (US$);Kenya;SADC
Jan 2025;7735237093;26 - Ores, slag and ash.;Total Exports;FOB Value (US$);DR Congo;SADC
Sep 2025;7737372331;2607 - Lead ores and concentrates.;Total Exports;FOB Value (US$);Kenya;SADC
Aug 2025;7749579527;2603 - Copper ores and concentrates.;Total Exports;FOB Value (US$);DR Congo;SADC
Aug 2021;7796156661;2609 - Tin ores and concentrates.;Total Exports;FOB Value (US$);Rwanda;ASEAN
Feb 2020;7810587749;7106 - Silver (including silver plated with gold or platinum), unwrought or in semi-manufactured forms, or in powder form.;Total Exports;FOB Value (US$);Kenya;SADC
Feb 2020;7810587749;71069100 - Silver (including silver plated with gold or platinum), unwrought or in semi-manufactured forms, or in powder form.- Other:-- Unwrought;Total Exports;FOB Value (US$);Kenya;SADC
Nov 2020;7815149997;26 - Ores, slag and ash.;Total Exports;FOB Value (US$);DR Congo;European Union All Countries
Feb 2024;7815863449;26 - Ores, slag and ash.;Total Exports;FOB Value (US$);Rwanda;ASEAN
Feb 2024;7815863449;2609 - Tin ores and concentrates.;Total Exports;FOB Value (US$);Rwanda;ASEAN
Dec 2021;7825718658;7108 - Gold (including gold plated with platinum) unwrought or in semi-manufactured forms, or in powder form.;Total Exports;FOB Value (US$);United Republic of Tanzania;SADC
Dec 2021;7825718658;71081200 - Gold (including gold plated with platinum) unwrought or in semi-manufactured forms, or in powder form.- Non-monetary:-- Other unwrought forms;Total Exports;FOB Value (US$);United Republic of Tanzania;SADC
Jun 2022;7871614688;7108 - Gold (including gold plated with platinum) unwrought or in semi-manufactured forms, or in powder form.;Total Exports;FOB Value (US$);Rwanda;SADC
Jun 2022;7871614688;71081300 - Gold (including gold plated with platinum) unwrought or in semi-manufactured forms, or in powder form.- Non-monetary:-- Other semi-manufactured forms;Total Exports;FOB Value (US$);Rwanda;SADC
Mar 2024;7874392229;2504 - Natural graphite.;Total Exports;FOB Value (US$);United Republic of Tanzania;SADC
Jul 2022;7902470614;7108 - Gold (including gold plated with platinum) unwrought or in semi-manufactured forms, or in powder form.;Total Exports;FOB Value (US$);Kenya;European Union All Countries
Jul 2022;7902470614;71081200 - Gold (including gold plated with platinum) unwrought or in semi-manufactured forms, or in powder form.- Non-monetary:-- Other unwrought forms;Total Exports;FOB Value (US$);Kenya;European Union All Countries
Oct 2021;7914046503;26 - Ores, slag and ash.;Total Exports;FOB Value (US$);Kenya;ASEAN
Oct 2021;7914046503;2614 - Titanium ores and concentrates.;Total Exports;FOB Value (US$);Kenya;ASEAN
Jan 2021;7966636263;7108 - Gold (including gold plated with platinum) unwrought or in semi-manufactured forms, or in powder form.;Total Exports;FOB Value (US$);United Republic of Tanzania;SADC
Jan 2021;7966636263;71081200 - Gold (including gold plated with platinum) unwrought or in semi-manufactured forms, or in powder form.- Non-monetary:-- Other unwrought forms;Total Exports;FOB Value (US$);United Republic of Tanzania;SADC
Aug 2025;8015865205;26 - Ores, slag and ash.;Total Exports;FOB Value (US$);DR Congo;European Union All Countries
Apr 2022;8023371928;7106 - Silver (including silver plated with gold or platinum), unwrought or in semi-manufactured forms, or in powder form.;Total Imports;CIF Value (US$);Kenya;European Union All Countries
Apr 2022;8023371928;71069200 - Silver (including silver plated with gold or platinum), unwrought or in semi-manufactured forms, or in powder form.- Other:-- Semi-manufactured;Total Imports;CIF Value (US$);Kenya;European Union All Countries
Apr 2024;8063791138;7106 - Silver (including silver plated with gold or platinum), unwrought or in semi-manufactured forms, or in powder form.;Total Imports;CIF Value (US$);Kenya;European Union All Countries
Apr 2024;8063791138;71069200 - Silver (including silver plated with gold or platinum), unwrought or in semi-manufactured forms, or in powder form.- Other:-- Semi-manufactured;Total Imports;CIF Value (US$);Kenya;European Union All Countries
Sep 2023;8069298705;2504 - Natural graphite.;Total Exports;FOB Value (US$);Rwanda;SADC
Oct 2023;8075913595;26 - Ores, slag and ash.;Total Exports;FOB Value (US$);United Republic of Tanzania;ASEAN
Oct 2023;8075913595;2603 - Copper ores and concentrates.;Total Exports;FOB Value (US$);United Republic of Tanzania;ASEAN
Mar 2024;8096103072;26 - Ores, slag and ash.;Total Imports;CIF Value (US$);Kenya;SADC
Mar 2024;8096103072;2601 - Iron ores and concentrates, including roasted iron pyrites.;Total Imports;CIF Value (US$);Kenya;SADC
Mar 2024;8096103072;26011100 - Iron ores and concentrates, including roasted iron pyrites. - Iron ores and concentrates, other than roasted iron pyrites: -- Non-agglomerated;Total Imports;CIF Value (US$);Kenya;SADC
Sep 2023;8128887296;26 - Ores, slag and ash.;Total Imports;CIF Value (US$);Kenya;SADC
Sep 2023;8128887296;2606 - Aluminium ores and concentrates.;Total Imports;CIF Value (US$);Kenya;SADC
Dec 2021;8149356214;26 - Ores, slag and ash.;Total Exports;FOB Value (US$);Kenya;ASEAN
Aug 2020;8165997913;26 - Ores, slag and ash.;Total Exports;FOB Value (US$);United Republic of Tanzania;European Union All Countries
May 2022;8206771345;2609 - Tin ores and concentrates.;Total Exports;FOB Value (US$);DR Congo;SADC
Nov 2023;8223646166;2603 - Copper ores and concentrates.;Total Exports;FOB Value (US$);DR Congo;ASEAN
Apr 2021;8234600956;71081300 - Gold (including gold plated with platinum) unwrought or in semi-manufactured forms, or in powder form.- Non-monetary:-- Other semi-manufactured forms;Total Imports;CIF Value (US$);Uganda;SADC
Jul 2022;8244167608;7108 - Gold (including gold plated with platinum) unwrought or in semi-manufactured forms, or in powder form.;Total Exports;FOB Value (US$);United Republic of Tanzania;European Union All Countries
Jul 2022;8244167608;71081300 - Gold (including gold plated with platinum) unwrought or in semi-manufactured forms, or in powder form.- Non-monetary:-- Other semi-manufactured forms;Total Exports;FOB Value (US$);United Republic of Tanzania;European Union All Countries
May 2023;8271765828;71081300 - Gold (including gold plated with platinum) unwrought or in semi-manufactured forms, or in powder form.- Non-monetary:-- Other semi-manufactured forms;Total Imports;CIF Value (US$);Uganda;SADC
Mar 2020;8299425283;7108 - Gold (including gold plated with platinum) unwrought or in semi-manufactured forms, or in powder form.;Total Exports;FOB Value (US$);United Republic of Tanzania;SADC
Mar 2020;8299425283;71081200 - Gold (including gold plated with platinum) unwrought or in semi-manufactured forms, or in powder form.- Non-monetary:-- Other unwrought forms;Total Exports;FOB Value (US$);United Republic of Tanzania;SADC
Feb 2022;8303070243;26 - Ores, slag and ash.;Total Imports;CIF Value (US$);Kenya;SADC
Sep 2022;8310831814;26 - Ores, slag and ash.;Total Exports;FOB Value (US$);DR Congo;SADC
Dec 2023;8363504824;26 - Ores, slag and ash.;Total Exports;FOB Value (US$);United Republic of Tanzania;ASEAN
Dec 2023;8363504824;2603 - Copper ores and concentrates.;Total Exports;FOB Value (US$);United Republic of Tanzania;ASEAN
Mar 2021;8364081693;7108 - Gold (including gold plated with platinum) unwrought or in semi-manufactured forms, or in powder form.;Total Imports;CIF Value (US$);Uganda;SADC
Mar 2021;8364081693;71081300 - Gold (including gold plated with platinum) unwrought or in semi-manufactured forms, or in powder form.- Non-monetary:-- Other semi-manufactured forms;Total Imports;CIF Value (US$);Uganda;SADC
Apr 2025;8406732927;26 - Ores, slag and ash.;Total Exports;FOB Value (US$);DR Congo;European Union All Countries
Jun 2022;8411217978;7108 - Gold (including gold plated with platinum) unwrought or in semi-manufactured forms, or in powder form.;Total Exports;FOB Value (US$);Kenya;European Union All Countries
Jun 2022;8411217978;71081200 - Gold (including gold plated with platinum) unwrought or in semi-manufactured forms, or in powder form.- Non-monetary:-- Other unwrought forms;Total Exports;FOB Value (US$);Kenya;European Union All Countries
Feb 2023;8443328896;26 - Ores, slag and ash.;Total Exports;FOB Value (US$);Kenya;ASEAN
Sep 2024;8452012384;2606 - Aluminium ores and concentrates.;Total Imports;CIF Value (US$);Kenya;SADC
Oct 2024;8452922246;26 - Ores, slag and ash.;Total Exports;FOB Value (US$);Kenya;ASEAN
Oct 2020;8526849349;2609 - Tin ores and concentrates.;Total Exports;FOB Value (US$);Rwanda;ASEAN
Jul 2023;8530787707;26 - Ores, slag and ash.;Total Exports;FOB Value (US$);Rwanda;European Union All Countries
Aug 2022;8576676972;2608 - Zinc ores and concentrates.;Total Imports;CIF Value (US$);Rwanda;European Union All Countries
Jan 2023;8590187175;26 - Ores, slag and ash.;Total Exports;FOB Value (US$);Kenya;ASEAN
Mar 2025;8609309518;7110 - Platinum, unwrought or in semi-manufactured forms, or in powder form.;Total Imports;CIF Value (US$);Kenya;European Union All Countries
Nov 2024;8624527573;7106 - Silver (including silver plated with gold or platinum), unwrought or in semi-manufactured forms, or in powder form.;Total Imports;CIF Value (US$);United Republic of Tanzania;European Union All Countries
Nov 2024;8624527573;71069200 - Silver (including silver plated with gold or platinum), unwrought or in semi-manufactured forms, or in powder form.- Other:-- Semi-manufactured;Total Imports;CIF Value (US$);United Republic of Tanzania;European Union All Countries
Jul 2025;8625066388;26 - Ores, slag and ash.;Total Exports;FOB Value (US$);Kenya;European Union All Countries
Jul 2023;8647169614;71081300 - Gold (including gold plated with platinum) unwrought or in semi-manufactured forms, or in powder form.- Non-monetary:-- Other semi-manufactured forms;Total Imports;CIF Value (US$);Uganda;SADC
Apr 2023;8731770237;26 - Ores, slag and ash.;Total Imports;CIF Value (US$);Kenya;SADC
Nov 2023;8737004931;26 - Ores, slag and ash.;Total Exports;FOB Value (US$);United Republic of Tanzania;European Union All Countries
Jul 2021;8741298576;2609 - Tin ores and concentrates.;Total Exports;FOB Value (US$);Rwanda;ASEAN
Jul 2023;8752399232;2504 - Natural graphite.;Total Exports;FOB Value (US$);Rwanda;SADC
Aug 2022;8768146842;2604 - Nickel ores and concentrates.;Total Imports;CIF Value (US$);Rwanda;European Union All Countries
Apr 2025;8792813991;2614 - Titanium ores and concentrates.;Total Imports;CIF Value (US$);Kenya;SADC
May 2024;8808543731;26 - Ores, slag and ash.;Total Exports;FOB Value (US$);Rwanda;ASEAN
May 2024;8808543731;2609 - Tin ores and concentrates.;Total Exports;FOB Value (US$);Rwanda;ASEAN
Sep 2020;8834330021;26 - Ores, slag and ash.;Total Exports;FOB Value (US$);DR Congo;European Union All Countries
Jul 2025;8845223383;26 - Ores, slag and ash.;Total Imports;CIF Value (US$);Kenya;ASEAN
Jul 2025;8845223383;2614 - Titanium ores and concentrates.;Total Imports;CIF Value (US$);Kenya;ASEAN
May 2021;8856402132;26 - Ores, slag and ash.;Total Exports;FOB Value (US$);Rwanda;European Union All Countries
Oct 2022;8861439313;26 - Ores, slag and ash.;Total Imports;CIF Value (US$);Kenya;SADC
Oct 2022;8861439313;2606 - Aluminium ores and concentrates.;Total Imports;CIF Value (US$);Kenya;SADC
Jan 2025;8867817523;26 - Ores, slag and ash.;Total Exports;FOB Value (US$);DR Congo;European Union All Countries
Mar 2020;8871839997;26 - Ores, slag and ash.;Total Exports;FOB Value (US$);DR Congo;European Union All Countries
Nov 2023;8879680741;2606 - Aluminium ores and concentrates.;Total Imports;CIF Value (US$);Kenya;SADC
Sep 2020;8887212133;71081300 - Gold (including gold plated with platinum) unwrought or in semi-manufactured forms, or in powder form.- Non-monetary:-- Other semi-manufactured forms;Total Imports;CIF Value (US$);Uganda;SADC
Sep 2023;8897133336;26 - Ores, slag and ash.;Total Exports;FOB Value (US$);United Republic of Tanzania;European Union All Countries
Sep 2023;8897133336;2603 - Copper ores and concentrates.;Total Exports;FOB Value (US$);United Republic of Tanzania;European Union All Countries
Nov 2024;8932778362;2608 - Zinc ores and concentrates.;Total Exports;FOB Value (US$);Kenya;ASEAN
Jun 2021;8932782159;71081300 - Gold (including gold plated with platinum) unwrought or in semi-manufactured forms, or in powder form.- Non-monetary:-- Other semi-manufactured forms;Total Imports;CIF Value (US$);Uganda;SADC
Feb 2021;8954320438;7108 - Gold (including gold plated with platinum) unwrought or in semi-manufactured forms, or in powder form.;Total Imports;CIF Value (US$);Uganda;SADC
Feb 2021;8954320438;71081300 - Gold (including gold plated with platinum) unwrought or in semi-manufactured forms, or in powder form.- Non-monetary:-- Other semi-manufactured forms;Total Imports;CIF Value (US$);Uganda;SADC
Apr 2023;8998976009;26 - Ores, slag and ash.;Total Exports;FOB Value (US$);DR Congo;ASEAN
Apr 2023;8998976009;2603 - Copper ores and concentrates.;Total Exports;FOB Value (US$);DR Congo;ASEAN
Jun 2024;9019955705;7110 - Platinum, unwrought or in semi-manufactured forms, or in powder form.;Total Imports;CIF Value (US$);Kenya;SADC
Mar 2021;9022169217;2606 - Aluminium ores and concentrates.;Total Imports;CIF Value (US$);Kenya;SADC
Oct 2021;9044406986;7110 - Platinum, unwrought or in semi-manufactured forms, or in powder form.;Total Imports;CIF Value (US$);Kenya;European Union All Countries
Nov 2020;9068446747;7108 - Gold (including gold plated with platinum) unwrought or in semi-manufactured forms, or in powder form.;Total Exports;FOB Value (US$);United Republic of Tanzania;SADC
Nov 2020;9068446747;71081200 - Gold (including gold plated with platinum) unwrought or in semi-manufactured forms, or in powder form.- Non-monetary:-- Other unwrought forms;Total Exports;FOB Value (US$);United Republic of Tanzania;SADC
Sep 2022;9068464415;2606 - Aluminium ores and concentrates.;Total Imports;CIF Value (US$);Kenya;SADC
Jun 2020;9071275252;26 - Ores, slag and ash.;Total Exports;FOB Value (US$);Rwanda;ASEAN
Jun 2021;9086310817;7108 - Gold (including gold plated with platinum) unwrought or in semi-manufactured forms, or in powder form.;Total Exports;FOB Value (US$);United Republic of Tanzania;SADC
Jun 2021;9086310817;71081200 - Gold (including gold plated with platinum) unwrought or in semi-manufactured forms, or in powder form.- Non-monetary:-- Other unwrought forms;Total Exports;FOB Value (US$);United Republic of Tanzania;SADC
Nov 2022;9088384772;7108 - Gold (including gold plated with platinum) unwrought or in semi-manufactured forms, or in powder form.;Total Exports;FOB Value (US$);United Republic of Tanzania;SADC
Nov 2022;9088384772;71081200 - Gold (including gold plated with platinum) unwrought or in semi-manufactured forms, or in powder form.- Non-monetary:-- Other unwrought forms;Total Exports;FOB Value (US$);United Republic of Tanzania;SADC
Aug 2024;9093721002;26 - Ores, slag and ash.;Total Imports;CIF Value (US$);Kenya;SADC
Aug 2024;9093721002;2606 - Aluminium ores and concentrates.;Total Imports;CIF Value (US$);Kenya;SADC
Sep 2021;9104003593;26 - Ores, slag and ash.;Total Exports;FOB Value (US$);Kenya;European Union All Countries
May 2022;9131507967;26 - Ores, slag and ash.;Total Exports;FOB Value (US$);Kenya;ASEAN
Jun 2022;9143978658;2606 - Aluminium ores and concentrates.;Total Imports;CIF Value (US$);Kenya;SADC
Oct 2021;9149421136;2609 - Tin ores and concentrates.;Total Exports;FOB Value (US$);Rwanda;ASEAN
May 2020;9150975701;26 - Ores, slag and ash.;Total Exports;FOB Value (US$);Kenya;European Union All Countries
Sep 2024;9176495201;2504 - Natural graphite.;Total Imports;CIF Value (US$);Kenya;European Union All Countries
May 2025;9200020009;26011200 - Iron ores and concentrates, including roasted iron pyrites. - Iron ores and concentrates, other than roasted iron pyrites: -- Agglomerated;Total Imports;CIF Value (US$);United Republic of Tanzania;SADC
Mar 2021;9212567329;26 - Ores, slag and ash.;Total Imports;CIF Value (US$);DR Congo;SADC
Jun 2020;9213229862;26 - Ores, slag and ash.;Total Exports;FOB Value (US$);Kenya;ASEAN
Sep 2022;9219812879;2609 - Tin ores and concentrates.;Total Exports;FOB Value (US$);DR Congo;ASEAN
Feb 2020;9237678763;26 - Ores, slag and ash.;Total Exports;FOB Value (US$);Kenya;European Union All Countries
May 2022;9259029714;26 - Ores, slag and ash.;Total Exports;FOB Value (US$);DR Congo;SADC
Dec 2020;9263351396;2504 - Natural graphite.;Total Imports;CIF Value (US$);Kenya;European Union All Countries
Mar 2020;9266490741;7106 - Silver (including silver plated with gold or platinum), unwrought or in semi-manufactured forms, or in powder form.;Total Exports;FOB Value (US$);Kenya;SADC
Mar 2020;9266490741;71069100 - Silver (including silver plated with gold or platinum), unwrought or in semi-manufactured forms, or in powder form.- Other:-- Unwrought;Total Exports;FOB Value (US$);Kenya;SADC
Feb 2021;9284607102;26 - Ores, slag and ash.;Total Exports;FOB Value (US$);Rwanda;SADC
Jun 2022;9288839128;26 - Ores, slag and ash.;Total Imports;CIF Value (US$);Kenya;SADC
Aug 2023;9297472078;7108 - Gold (including gold plated with platinum) unwrought or in semi-manufactured forms, or in powder form.;Total Exports;FOB Value (US$);United Republic of Tanzania;SADC
Aug 2023;9297472078;71081200 - Gold (including gold plated with platinum) unwrought or in semi-manufactured forms, or in powder form.- Non-monetary:-- Other unwrought forms;Total Exports;FOB Value (US$);United Republic of Tanzania;SADC
Sep 2021;9305462785;26 - Ores, slag and ash.;Total Exports;FOB Value (US$);Rwanda;European Union All Countries
Sep 2022;9310672878;26 - Ores, slag and ash.;Total Exports;FOB Value (US$);DR Congo;ASEAN
Apr 2021;9341600005;26 - Ores, slag and ash.;Total Exports;FOB Value (US$);DR Congo;ASEAN
Jun 2021;9373269515;2603 - Copper ores and concentrates.;Total Exports;FOB Value (US$);DR Congo;SADC
Jul 2020;9373629625;71081300 - Gold (including gold plated with platinum) unwrought or in semi-manufactured forms, or in powder form.- Non-monetary:-- Other semi-manufactured forms;Total Imports;CIF Value (US$);Uganda;SADC
Jul 2025;9388348293;7108 - Gold (including gold plated with platinum) unwrought or in semi-manufactured forms, or in powder form.;Total Exports;FOB Value (US$);United Republic of Tanzania;European Union All Countries
Jul 2025;9388348293;71081200 - Gold (including gold plated with platinum) unwrought or in semi-manufactured forms, or in powder form.- Non-monetary:-- Other unwrought forms;Total Exports;FOB Value (US$);United Republic of Tanzania;European Union All Countries
Mar 2020;9391591808;7108 - Gold (including gold plated with platinum) unwrought or in semi-manufactured forms, or in powder form.;Total Imports;CIF Value (US$);Rwanda;SADC
Mar 2020;9391591808;71081200 - Gold (including gold plated with platinum) unwrought or in semi-manufactured forms, or in powder form.- Non-monetary:-- Other unwrought forms;Total Imports;CIF Value (US$);Rwanda;SADC
Sep 2023;9435900279;26 - Ores, slag and ash.;Total Exports;FOB Value (US$);Rwanda;European Union All Countries
Apr 2020;9447890421;7108 - Gold (including gold plated with platinum) unwrought or in semi-manufactured forms, or in powder form.;Total Exports;FOB Value (US$);United Republic of Tanzania;SADC
Apr 2020;9447890421;71081200 - Gold (including gold plated with platinum) unwrought or in semi-manufactured forms, or in powder form.- Non-monetary:-- Other unwrought forms;Total Exports;FOB Value (US$);United Republic of Tanzania;SADC
Aug 2022;9453491656;26 - Ores, slag and ash.;Total Imports;CIF Value (US$);Rwanda;European Union All Countries
Feb 2023;9458820101;26 - Ores, slag and ash.;Total Exports;FOB Value (US$);Rwanda;ASEAN
May 2025;9463913017;7106 - Silver (including silver plated with gold or platinum), unwrought or in semi-manufactured forms, or in powder form.;Total Exports;FOB Value (US$);United Republic of Tanzania;ASEAN
May 2025;9463913017;71069100 - Silver (including silver plated with gold or platinum), unwrought or in semi-manufactured forms, or in powder form.- Other:-- Unwrought;Total Exports;FOB Value (US$);United Republic of Tanzania;ASEAN
Mar 2023;9472557083;2609 - Tin ores and concentrates.;Total Exports;FOB Value (US$);DR Congo;ASEAN
Jun 2022;9496191405;2609 - Tin ores and concentrates.;Total Exports;FOB Value (US$);Rwanda;European Union All Countries
Sep 2022;9529044166;2614 - Titanium ores and concentrates.;Total Exports;FOB Value (US$);Kenya;ASEAN
Oct 2022;9554707827;7108 - Gold (including gold plated with platinum) unwrought or in semi-manufactured forms, or in powder form.;Total Exports;FOB Value (US$);United Republic of Tanzania;ASEAN
Oct 2022;9554707827;71081200 - Gold (including gold plated with platinum) unwrought or in semi-manufactured forms, or in powder form.- Non-monetary:-- Other unwrought forms;Total Exports;FOB Value (US$);United Republic of Tanzania;ASEAN
Jun 2021;9572169517;26 - Ores, slag and ash.;Total Exports;FOB Value (US$);DR Congo;SADC
May 2023;9578339665;26 - Ores, slag and ash.;Total Imports;CIF Value (US$);Kenya;European Union All Countries
May 2023;9578339665;2614 - Titanium ores and concentrates.;Total Imports;CIF Value (US$);Kenya;European Union All Countries
Jun 2020;9592770587;7108 - Gold (including gold plated with platinum) unwrought or in semi-manufactured forms, or in powder form.;Total Exports;FOB Value (US$);United Republic of Tanzania;SADC
Jun 2020;9592770587;71081200 - Gold (including gold plated with platinum) unwrought or in semi-manufactured forms, or in powder form.- Non-monetary:-- Other unwrought forms;Total Exports;FOB Value (US$);United Republic of Tanzania;SADC
Jan 2020;9593535912;7108 - Gold (including gold plated with platinum) unwrought or in semi-manufactured forms, or in powder form.;Total Exports;FOB Value (US$);United Republic of Tanzania;SADC
Jan 2020;9593535912;71081200 - Gold (including gold plated with platinum) unwrought or in semi-manufactured forms, or in powder form.- Non-monetary:-- Other unwrought forms;Total Exports;FOB Value (US$);United Republic of Tanzania;SADC
Feb 2024;9598414083;2601 - Iron ores and concentrates, including roasted iron pyrites.;Total Imports;CIF Value (US$);United Republic of Tanzania;SADC
Feb 2024;9598414083;26011100 - Iron ores and concentrates, including roasted iron pyrites. - Iron ores and concentrates, other than roasted iron pyrites: -- Non-agglomerated;Total Imports;CIF Value (US$);United Republic of Tanzania;SADC
Jun 2021;9652089991;26 - Ores, slag and ash.;Total Imports;CIF Value (US$);DR Congo;SADC
Jun 2023;9656091107;2504 - Natural graphite.;Total Imports;CIF Value (US$);Kenya;European Union All Countries
Feb 2021;9675535744;26 - Ores, slag and ash.;Total Imports;CIF Value (US$);Kenya;SADC
Dec 2024;9681303297;26 - Ores, slag and ash.;Total Exports;FOB Value (US$);DR Congo;European Union All Countries
Mar 2021;9690726529;26 - Ores, slag and ash.;Total Exports;FOB Value (US$);DR Congo;European Union All Countries
Jul 2025;9773602665;2609 - Tin ores and concentrates.;Total Exports;FOB Value (US$);Rwanda;ASEAN
Jun 2023;9778062363;26 - Ores, slag and ash.;Total Exports;FOB Value (US$);United Republic of Tanzania;ASEAN
Jun 2023;9778062363;2603 - Copper ores and concentrates.;Total Exports;FOB Value (US$);United Republic of Tanzania;ASEAN
Mar 2023;9808702346;7108 - Gold (including gold plated with platinum) unwrought or in semi-manufactured forms, or in powder form.;Total Exports;FOB Value (US$);United Republic of Tanzania;SADC
Mar 2023;9808702346;71081200 - Gold (including gold plated with platinum) unwrought or in semi-manufactured forms, or in powder form.- Non-monetary:-- Other unwrought forms;Total Exports;FOB Value (US$);United Republic of Tanzania;SADC
Sep 2024;9845137152;26 - Ores, slag and ash.;Total Imports;CIF Value (US$);Kenya;SADC
Jul 2025;9878954541;26 - Ores, slag and ash.;Total Exports;FOB Value (US$);Rwanda;ASEAN
Dec 2023;9895983696;26 - Ores, slag and ash.;Total Exports;FOB Value (US$);Kenya;ASEAN
Nov 2022;9919773666;2609 - Tin ores and concentrates.;Total Exports;FOB Value (US$);Rwanda;ASEAN
May 2023;9921724268;7108 - Gold (including gold plated with platinum) unwrought or in semi-manufactured forms, or in powder form.;Total Exports;FOB Value (US$);United Republic of Tanzania;SADC
May 2023;9921724268;71081200 - Gold (including gold plated with platinum) unwrought or in semi-manufactured forms, or in powder form.- Non-monetary:-- Other unwrought forms;Total Exports;FOB Value (US$);United Republic of Tanzania;SADC
Mar 2020;9946413329;26 - Ores, slag and ash.;Total Imports;CIF Value (US$);DR Congo;SADC
Mar 2022;9964173806;26 - Ores, slag and ash.;Total Imports;CIF Value (US$);Kenya;European Union All Countries
May 2025;9973253179;2603 - Copper ores and concentrates.;Total Exports;FOB Value (US$);DR Congo;ASEAN
Mar 2022;9996815838;2601 - Iron ores and concentrates, including roasted iron pyrites.;Total Exports;FOB Value (US$);Kenya;European Union All Countries
Mar 2022;9996815838;26011100 - Iron ores and concentrates, including roasted iron pyrites. - Iron ores and concentrates, other than roasted iron pyrites: -- Non-agglomerated;Total Exports;FOB Value (US$);Kenya;European Union All Countries
